model,series_idx,fold_id,decile,MAE,RMSE,MAPE,sMAPE,MASE,WAPE
SNaive,0,0,1,339.1111111111111,361.7092140871664,33.883437827760496,28.499434089086918,1.1466602259614094,34.06440091522964
SNaive,0,1,1,63.611111111111114,77.6197998794981,6.133610784281744,6.341123819237154,0.21421889616463985,6.191531931000919
SNaive,0,2,1,110.22222222222223,119.85407794480753,12.090699715460513,11.339077108263004,0.4300719282687949,11.69328696882183
SNaive,0,3,1,104.55555555555556,123.87269450708031,11.2086013913184,10.760229394833773,0.4500239120038259,10.906351414000927
SNaive,1,0,1,580.5363561111111,616.690203176443,35.791684107040204,44.36707082296843,4.270943569525234,36.64566724343315
SNaive,1,1,1,546.1469960555555,621.4395528575691,25.954013737521326,30.846591712309895,2.61686114613045,27.208023077446526
SNaive,2,0,2,259.0083395870944,273.6521925589797,13.41581901747389,14.484307515883934,1.6624918339976735,13.583835689241077
SNaive,3,1,4,447.1222222222223,536.7418363504833,17.148450948301935,16.119549198257538,0.26222781670140294,16.91523257866817
SNaive,3,2,4,1027.677777777778,1116.8716408890602,29.417462081087265,35.35136297737976,0.6955567884231681,30.515414258188827
SNaive,3,3,4,898.5444444444444,993.6141806556507,35.30055931535846,29.32735846166891,0.62726626165425,33.58521517935939
SNaive,3,4,4,841.1222222222223,936.8071003858443,42.972356753527414,33.727770969050766,0.6173615766407167,40.78190320217213
SNaive,3,5,4,336.03888888888895,425.67811587317163,16.706414114258365,15.312564189842895,0.26326860679852643,15.55291570564988
SNaive,4,0,1,674.8032315,762.7778868227604,57.67348715433436,41.285981098961486,2.008652999976906,48.17640347770869
SNaive,4,1,1,457.43562477777766,552.2641556681375,39.32421820150528,31.267921037780184,1.1964659388175518,37.60863411000672
SNaive,5,1,9,4627.222222222223,5118.518123224511,27.45149803457727,32.85718357900873,1.9551643192488266,28.039994613520065
SNaive,5,2,9,2235.5555555555557,2556.5754003701472,13.028514563843673,13.742622556830622,0.8779926609144105,13.263019116677654
SNaive,5,3,9,5728.888888888889,6221.508391593366,52.0803164888521,39.23210163569136,2.227139819245082,47.003053922238934
SNaive,5,4,9,5506.111111111111,5817.7510928001875,68.64756530142515,49.28310267554299,1.9520601906562673,65.60534851393393
SNaive,5,5,9,2658.3333333333335,2722.634549271879,40.2891996402582,33.28914736960578,0.8853877551020408,40.159462861938735
SNaive,6,0,7,1296.6853545378112,1493.4958297441315,12.910830530437353,14.068587647919584,1.2330453846679512,13.408174714034981
SNaive,7,0,2,239.41472222222222,256.3533382663034,12.234477731357401,13.14669119007195,1.6740950329200022,12.339351971885694
SNaive,8,1,9,4006.1111111111113,4125.491889863963,39.22711847346126,49.284659905439085,3.957014816169746,39.66446644664467
SNaive,8,2,9,2530.0,2670.6927940143173,20.899005704497768,23.6346058367557,1.7435522606244127,21.057012068248024
SNaive,8,3,9,1305.5555555555557,1400.309489601019,10.30405447736316,10.95996823294077,0.8489648464638043,10.240543838242983
SNaive,8,4,9,466.1111111111111,536.1125503722765,3.786044432835899,3.6947502349865733,0.3123371305189487,3.767738458774924
SNaive,8,5,9,823.8888888888889,930.6837390984234,7.20761899194953,6.886747187430406,0.6017232326125352,7.070658911032707
SNaive,9,1,4,1319.0555555555557,1433.633515078228,41.289674797565674,53.461194909717904,4.220227515108426,42.62963228957196
SNaive,9,2,4,1175.3333333333333,1258.3339514347267,30.20733700423041,36.4938208582612,2.7606676394177727,30.430655044446365
SNaive,9,3,4,556.1111111111111,567.4624804043583,12.979368867208906,13.91430540768156,1.1061807733829767,13.030460817495443
SNaive,9,4,4,167.11111111111111,192.60235374124238,3.838484469953042,3.9282321797458977,0.33322993751938673,3.8652805797920866
SNaive,9,5,4,105.55555555555556,125.49988933151384,2.4479007484668287,2.4295190550032264,0.22697248222166005,2.433962747559632
SNaive,10,0,2,388.3253854934944,400.719885847846,18.922291737632655,21.018481015088188,2.2394617192478523,19.041276808913878
SNaive,11,0,7,1375.4029666666668,1637.1905203676404,25.96183102637874,22.09663138667759,1.398183552647505,23.13039095731333
SNaive,11,1,7,1340.1499494444445,1704.7712224387371,19.984869074586186,22.455074592878724,1.16506920844951,20.148003901153906
SNaive,11,2,7,2823.365637222222,3616.881938364654,28.41031352037575,33.73636065532183,2.4230104255805154,31.423780297824027
SNaive,11,3,7,2340.0393855555553,2699.0393108993326,24.145323612143496,27.581250278136388,1.621887362994407,24.094681263559934
SNaive,12,2,7,157.37777777777762,194.98344659084367,2.363190520212798,2.328981151394185,0.37362800747236796,2.347534169268084
SNaive,12,3,7,173.71111111111102,209.5739832241693,2.6715169346751146,2.6221566778283965,0.45257364770904085,2.649832754095553
SNaive,12,4,7,273.6777777777777,308.39320679937157,4.308176564673258,4.193159954457705,0.7893741667521278,4.293710657836704
SNaive,12,5,7,324.5444444444444,368.6964559996022,5.40730008095656,5.2218669317840085,0.9856965192646878,5.321496045634165
SNaive,12,6,7,455.8166666666667,481.5712021890198,7.955421564601492,7.614543662376233,1.4348660484997768,7.897092454704356
SNaive,13,1,2,262.9779286666666,292.82999789768564,17.77268791069825,19.955369521772003,2.0075147092933454,17.8716869307687
SNaive,13,2,2,208.60967816666667,250.99493015504012,12.160033587410252,13.297295577619572,1.424593646365403,12.62579380642558
SNaive,13,3,2,413.0416666666667,463.1833706655617,20.04685987334726,22.801400417058307,2.801786219760334,20.793304526576332
SNaive,13,4,2,376.52777777777777,423.51542114124305,16.783125794436334,18.766578860688366,2.269101518622589,16.963470033914426
SNaive,13,5,2,253.29002011111112,295.7089978609141,12.899513759290649,12.026591532631192,1.3673002063951847,12.329888505319246
SNaive,14,2,2,87.52644444444444,128.45620925436032,6.094876454014486,5.944269572414411,1.022415068434801,5.470505919608136
SNaive,14,3,2,60.47400000000001,76.03630018835305,4.038659859414877,4.064260245829023,0.6771849897474131,3.719068873661598
SNaive,14,4,2,35.75616666666664,78.5307813517873,2.6144311053624354,2.871238141411323,0.42502616415291766,2.1637946392265244
SNaive,14,5,2,66.04211111111108,177.3586761565388,6.041140576973104,4.838877595134348,0.8355504342021508,4.110749609641347
SNaive,14,6,2,93.84577777777777,185.65335914577767,6.262800063464057,6.500646714094163,1.1683369984859246,5.847205335516368
SNaive,15,0,3,518.3944444444445,525.8255651829797,16.968485375343416,18.589689922414713,1.3601563443574014,16.99400089604103
SNaive,15,1,3,69.54444444444438,121.34947236986423,2.2284181962971497,2.306310289532031,0.17240920213571803,2.2512080596053985
SNaive,15,2,3,423.46111111111105,576.4663558651488,18.556426936569757,15.733761960334341,1.2466794241014405,15.820826129280658
SNaive,15,3,3,887.3666666666667,911.3732946615356,42.41958150438353,34.671214360877336,2.813372896512479,42.289118347895155
SNaive,16,2,5,552.9726666666667,689.9110217706822,15.115156959384102,16.986119821830307,2.196453509777599,16.34679785480784
SNaive,16,3,5,1220.7974466111114,1297.9063648930817,28.017711755215135,33.07128797723588,4.727519334388374,28.569425485192728
SNaive,16,4,5,733.3494457777778,790.6156911556324,15.256677109432989,16.727713550171394,2.1033623724300825,15.470264708070081
SNaive,16,5,5,366.35284438888897,476.0969743095725,7.296054452274737,7.598776442213828,0.9577355915283309,7.50001366797302
SNaive,16,6,5,514.467846777778,597.8354930358133,11.698082168969174,10.843001569344098,1.3340435284371008,11.503189732851704
SNaive,17,0,3,295.53194444444443,320.77302923519335,10.614120541507331,11.31533309962583,0.8390926979695331,10.698526823872493
SNaive,18,0,7,1540.0,1722.5647544673998,22.677793602089935,19.72345087485521,1.1478260869565218,21.274962776490092
SNaive,19,1,0,23.444444444444443,33.38995191504308,2.061214031928837,2.0929793985472704,0.40694310511089676,2.107681550294676
SNaive,19,2,0,42.833333333333336,57.469315484197494,3.97872088797687,3.845529590658799,0.8182344428364688,3.925062363182813
SNaive,19,3,0,53.27777777777778,57.379342004670015,5.103485155043239,4.9562362325160185,1.1011305423070128,5.067103455563775
SNaive,19,4,0,22.72222222222222,26.98044559388233,2.153379906501319,2.1475424464625843,0.4586230096434178,2.1541054405645967
SNaive,19,5,0,24.444444444444443,28.66860458565936,2.3377738032518436,2.3229290249509393,0.5250228118200322,2.3270573302305904
SNaive,20,0,9,1331.025194899911,1419.6847498141774,11.464049383423063,12.254581488488551,0.7406573772578455,11.563572613473612
SNaive,21,1,1,98.58777777777772,118.42319122994164,7.718664944282913,8.1445571081676,1.0591020852253352,7.942546090929568
SNaive,21,2,1,167.12533333333334,197.1760462467487,11.875237942378696,12.919776455265483,1.9011407892664067,12.242287542100904
SNaive,21,3,1,218.8813888888889,252.35306073320507,13.801916063259226,15.138281835797379,2.388131557950384,14.27709751881634
SNaive,21,4,1,383.34916666666663,411.0126109339591,20.33748055161504,22.933015392362005,3.9161659540344154,20.825422263267736
SNaive,21,5,1,265.71388888888885,282.7009133145645,13.366423403551906,14.303824715938232,2.1137249227631174,13.450462611434515
SNaive,22,1,0,102.44444444444444,124.34360994169879,8.452308469884134,8.469916114252536,0.7074168797953965,8.491825926778725
SNaive,22,2,0,275.77777777777777,313.159526262397,18.755732651896718,21.16906363525944,2.0441749026654685,19.449886372541336
SNaive,22,3,0,376.72222222222223,392.6779143833333,21.7931279078392,24.655983310090164,2.647237237237237,22.09370520005213
SNaive,22,4,0,179.44444444444446,206.41355467981157,10.718861709775524,10.880513651869755,1.0809906291834004,10.259179265658748
SNaive,22,5,0,459.94444444444446,527.3037813042665,38.16912539004713,30.450716063738543,2.7845639442861665,34.27447733388532
SNaive,23,2,3,574.2730895,602.5748191274215,25.125687388386712,29.08111114920166,3.8816698064878765,25.398287739679347
SNaive,23,3,3,422.74452611111116,470.237010179195,16.050057129671583,17.76774252385932,2.15259683786505,16.403133805454527
SNaive,23,4,3,272.0472222222222,297.3280427301636,10.03345225755031,10.584113263669572,1.2945886365669876,10.14542147157662
SNaive,23,5,3,130.12457266666672,167.0253077817629,4.879583138654777,4.776265219628007,0.6004631588206252,4.869731369993918
SNaive,23,6,3,389.673914,457.8426479861411,18.23507592059805,16.132575179353545,1.8745264250266842,16.81113402563104
SNaive,24,0,5,1049.2027777777778,1230.4793101051573,19.435384909584176,22.310029639727066,1.4624829450630858,19.943660608751195
SNaive,25,1,6,751.1111111111111,863.5263619472064,11.648836193443056,11.476622337783146,0.5027268220128904,11.537805086192183
SNaive,25,2,6,777.7777777777778,1016.491788238132,12.289084540745284,11.543425394873474,0.5761963557451267,12.155943388035078
SNaive,25,3,6,935.0,1259.9977954125334,13.375109864186316,14.190419650315745,0.7427436602505347,14.285714285714285
SNaive,25,4,6,1539.4444444444443,1703.0870663461558,27.97681035046319,24.763040016072452,1.2932885279566881,27.539256609024047
SNaive,25,5,6,1272.7777777777778,1626.8698643577966,22.0678939639538,20.22294248292091,1.0388359873036195,21.952855500191646
SNaive,26,0,8,2572.847599222222,2936.739875734898,23.67171478339301,27.615082629743842,1.7685039611395013,24.512583601078013
SNaive,26,1,8,1179.8468451666668,1399.9510836859124,12.115870961228456,11.449805836773349,0.7056346526531224,11.460415367934807
SNaive,26,2,8,1414.774258277778,1868.6858259660248,13.507818427178375,13.707562708108728,0.8908162470948559,13.577185918577223
SNaive,26,3,8,2199.6210407222225,2619.688302958022,18.35817482172232,20.05094078269519,1.4675426649173549,19.188887711941025
SNaive,27,0,8,1208.3333333333333,1605.0700919274523,20.96308361048743,20.344907190261203,0.352234869516935,21.40748031496063
SNaive,28,1,1,82.72222222222223,98.56329043930211,7.18879962268471,7.075655968293989,1.7401636151149202,7.031877213695395
SNaive,28,2,1,111.77777777777777,126.61183023539134,8.972928309375476,9.514601851468512,1.9480679517648094,9.012721734456191
SNaive,28,3,1,66.0,86.35971282953643,5.01302929897964,5.218570065518759,1.0631970260223047,5.133967156439066
SNaive,28,4,1,46.833333333333336,57.4509452586388,3.615921293048953,3.67436774273248,0.7805555555555556,3.6561564817625882
SNaive,28,5,1,87.44444444444444,108.30820221325192,7.479875214667128,7.093018339320163,1.4672369358995447,7.089132099265864
SNaive,29,0,3,193.5380555555556,216.50597655017393,8.081574269012359,8.502156465789486,0.6934788382809454,8.208733218320564
SNaive,30,2,0,135.40884188888893,155.57776301545792,10.137916709054378,10.551071920423382,0.8700088710828119,10.165896321820453
SNaive,30,3,0,97.84535822222222,128.0090258336878,6.889636784926216,7.236586248031234,0.6451378206130668,7.055715598997421
SNaive,30,4,0,151.92011066666666,230.19809844919618,15.091935253157743,12.410347763698562,1.048059844129967,11.95716128974465
SNaive,30,5,0,297.5631598333334,341.7460193528994,30.716509586114864,25.193028787366384,2.1821607628625483,27.857258714394924
SNaive,30,6,0,181.5370412222222,232.7283212757144,15.130509863839409,17.03194770531273,1.1507327409458477,15.267130360144849
SNaive,31,0,3,387.55555555555554,446.08780899429803,20.208693705447796,23.120415740689864,1.838208168642951,20.92883715348614
SNaive,32,1,9,503.3333333333333,542.7501983212699,5.40748340412933,5.5813969062868765,1.6757090012330456,5.444711538461538
SNaive,32,2,9,413.3333333333333,428.0706068447639,4.328121819366474,4.430875473404738,1.3033922599139989,4.335159072369188
SNaive,32,3,9,193.33333333333334,241.63792932585912,1.9869565392941657,2.0182242883549373,0.595106550907656,1.9966722129783694
SNaive,32,4,9,270.0,282.3709144606316,2.727133198930552,2.768336229893644,0.909771621115687,2.7326398650548214
SNaive,32,5,9,147.77777777777777,178.73008824606015,1.477712986626429,1.4938489724480344,0.5121757843470381,1.480656832730309
SNaive,33,0,2,342.8379811376724,371.46716978394176,15.698479810859833,17.256059112323577,1.7375860043649232,16.001337912952433
SNaive,34,0,6,1507.2994444444446,1906.909288413817,25.02918687532428,30.189287891362838,2.271741366107393,26.81946884949286
SNaive,35,0,1,201.71759757777778,213.1770795219969,13.156498138560996,14.19892835356032,1.197627277609782,13.198366283914526
SNaive,36,1,3,324.50644444444447,386.7161994270907,15.344039265337662,17.12989904013226,2.3519908111742596,16.26225063130162
SNaive,36,2,3,661.6387222222223,730.074575332662,25.806867618674634,30.343029078277123,4.450916448060357,26.54280023437102
SNaive,36,3,3,748.6079444444445,781.1923104859577,24.19435614616619,27.764396511074597,3.807757399800789,24.53692302660939
SNaive,36,4,3,574.8367222222222,635.5275397027348,16.25571044694869,18.005993745131846,2.2738420446350074,16.51998263488162
SNaive,36,5,3,295.3883918623056,365.8319591540864,8.44448935185432,8.759152065851369,1.075075740234307,8.450397937082716
SNaive,37,2,3,1188.4588226914666,1347.758203367656,64.3599845340049,45.02312039719663,2.601867375443135,51.81038739010132
SNaive,37,3,3,1086.9567115803557,1308.7292463102292,61.94689076991536,43.11446551649739,2.004673582007281,61.58620744925164
SNaive,37,4,3,139.01830065358888,173.274557553228,7.228532004453661,7.638174751643661,0.2382741617846472,7.396776268887378
SNaive,37,5,3,337.77777777777777,370.4651730519948,15.340558877213315,16.84559737716408,0.64217956254051,15.70653577886851
SNaive,37,6,3,390.55555555555554,409.08434338165523,16.0153039240554,17.544784471007503,0.7887128840168414,16.101694915254235
SNaive,38,1,2,55.98333333333332,68.00460360233791,2.6361137049503114,2.6884917248626143,0.19829197741002377,2.6404326567830587
SNaive,38,2,2,23.261111111111113,28.956260117632603,1.1092216345095063,1.1050240319632525,0.09738609356101935,1.1045948719572196
SNaive,38,3,2,105.8611111111111,118.44189620981999,5.325454672605981,5.150879169075844,0.5154543714209614,5.248920879163258
SNaive,38,4,2,218.64999999999998,249.48727533795298,12.451144139724155,11.443484592050373,1.1652563700207843,11.889937192419588
SNaive,38,5,2,465.2666666666667,505.8173253919508,34.54923459990254,28.446337729962302,2.542617882955526,32.02490162862464
SNaive,39,2,6,380.411111111111,476.8249480795976,6.22031036131884,6.53336338177741,0.8744473855298595,6.440138520256046
SNaive,39,3,6,607.4388888888888,637.0108986508786,9.637146060857136,10.176460112511897,1.5251819017789408,9.649043073390404
SNaive,39,4,6,139.85000000000002,176.51189604229074,2.2918025280500527,2.262207173176425,0.3363305988295968,2.2519806479778426
SNaive,39,5,6,410.9000000000001,415.4958884674232,6.938164427089237,6.700260336825971,1.0953438777323623,6.931998706611744
SNaive,39,6,6,166.83888888888896,178.22912064094484,2.892359276783393,2.8452205656269207,0.44476533226699866,2.8798758712221484
SNaive,40,2,2,237.2444444444444,271.5111152420836,11.341645576269618,12.229224597657504,0.9353930363653995,11.470424387437328
SNaive,40,3,2,204.0044444444445,279.4406248004912,8.637235652023435,9.311060173283876,0.8443601329056439,9.250412946869984
SNaive,40,4,2,332.6633333333333,364.7316051412173,13.434207740158257,14.59585202703555,1.4854158387399736,13.65084402181421
SNaive,40,5,2,411.5694444444444,641.5440484270914,28.740681846298276,20.875028200275484,1.762294829632577,19.232671384500513
SNaive,40,6,2,1128.7538888888892,1153.8455883720123,86.32217306286869,59.362012313903755,5.111736339088699,82.99806736801344
SNaive,41,0,5,891.6666666666666,1157.2212887391552,18.27960189913289,21.35069604603631,1.6226169844020797,20.01746071339486
SNaive,41,1,5,913.8888888888889,1056.5851703588417,23.411192863848374,22.11030732718146,1.691806650668495,23.165751302633435
SNaive,41,2,5,1173.888888888889,1478.4056727885393,35.65974626629337,27.842096438757473,1.8539523011884822,35.1054992523675
SNaive,41,3,5,340.55555555555554,387.96477503333557,10.966856275333955,10.266220408769998,0.5141953800490386,10.866867576670804
SNaive,41,4,5,588.3333333333334,651.6517474848049,15.496924764445177,16.975876227156906,0.9564667630057805,16.13345521023766
SNaive,42,0,6,605.1111111111111,816.1221162369706,10.86396428757112,10.027341761764172,0.6272602685856006,10.020193099387766
SNaive,43,0,2,442.62562563333336,471.38147670986046,19.503944533305937,21.949937492515158,1.405183032684608,19.511684982500725
SNaive,44,0,0,635.3834888888889,808.4926795646946,45.79684074621643,66.46327097438173,2.5803110918128414,51.88803668795299
SNaive,45,1,3,548.3777777777777,640.982041696784,26.455425978358576,22.63235091366889,0.35060774187131927,24.23079000211112
SNaive,45,2,3,1009.6999999999999,1097.178827721352,32.43165832026364,39.812400250543554,0.7214672677432347,33.76189122765953
SNaive,45,3,3,895.9277777777778,985.450038476499,41.37765182214127,33.644905812656525,0.6586536951093382,39.03701892702481
SNaive,45,4,3,718.7611111111112,857.131468264285,41.012229753602774,31.748761912432176,0.5519251705555726,39.49502103315851
SNaive,45,5,3,278.4333333333333,350.52163667565196,14.489323728909046,14.08417850212866,0.23000955666780046,14.257145214192851
SNaive,46,0,6,4950.0,5138.903903881968,65.8220671599384,99.84272015645702,6.663461538461538,67.8082191780822
SNaive,46,1,6,1855.5555555555557,2468.6928615047364,21.733517872759432,27.66013161232006,1.1733021077283372,22.296395193591458
SNaive,46,2,6,666.6666666666666,874.3251365736002,7.913544466968592,8.016238389299417,0.42065009560229444,8.0
SNaive,46,3,6,850.0,1012.4228365658294,11.797906082998749,10.900616148027243,0.5898576512455516,11.19239209948793
SNaive,47,0,5,636.2022222222223,689.0818566598441,12.122602585229842,13.022521778547224,0.7514924339814932,12.307326571613975
SNaive,48,0,0,196.50305555555556,228.3751650633716,23.229499297829104,21.794685968858516,0.9635729545598661,21.78152625221199
SNaive,49,0,5,843.893580299389,1000.0297978047778,13.63110358226121,15.00944398019161,1.574400539235174,14.315847314826636
SNaive,50,6,8,168.27777777777777,198.3536404169751,2.158916754701202,2.179157497717401,0.5336801498544113,2.171450692512832
SNaive,50,7,8,414.1666666666667,459.979166194876,5.088292871877017,5.251575678571687,1.397974764928072,5.128963681020426
SNaive,50,8,8,452.8888888888889,459.94335400013,5.383330874495862,5.5368479889179145,1.5260326374476052,5.389039465855754
SNaive,50,9,8,158.0,170.52500631220565,1.8567147792354923,1.8749425457534319,0.5151837923613677,1.8611956415038777
SNaive,50,10,8,157.72222222222223,187.93926323859702,1.8180448998966043,1.8416429032191701,0.5366616958265947,1.8294293907271966
SNaive,51,4,1,123.36732222222223,172.1768094566519,7.963727074727231,8.477943140063573,1.1726494441784179,8.119379116725645
SNaive,51,5,1,275.4294,318.8437363527626,23.980475534297383,20.71767366613623,2.5956542778091363,21.606894075711917
SNaive,51,6,1,325.7470388888889,378.79252470758166,29.62742656357909,24.740401323433126,2.748593945714721,29.406457986694072
SNaive,51,7,1,217.5336,247.4503591724476,16.503983551849416,18.13772806370898,1.6268720770090301,16.873548153643476
SNaive,51,8,1,258.69881666666663,289.0002086121517,17.57408766652216,19.749731416226098,1.8789775916399845,17.747211843517228
SNaive,52,4,5,1407.8116666666665,1788.8611598273603,50.53170244318789,39.94979300353466,1.2485532847936667,40.174311730252
SNaive,52,5,5,1438.3255555555559,1767.698175214184,51.82041749274992,37.91142713482631,1.2509183625906515,44.707896469145005
SNaive,52,6,5,1364.0327777777777,1548.089103818353,35.64114135958778,42.56854357603952,1.1490450397353502,34.34639617711079
SNaive,52,7,5,939.7727777777777,1257.8254993815497,27.44964253864326,25.758857837301502,0.7822510667221853,22.433977498001408
SNaive,52,8,5,1004.8427777777779,1326.4401328765487,22.898904959949768,26.160291323362202,0.8593251543069489,21.96522224049233
SNaive,53,5,9,294.44444444444446,377.85946829182114,3.09088693957115,3.172049944394496,0.7622673434856176,3.0957943925233646
SNaive,53,6,9,188.88888888888889,218.58128414340004,1.942133525804365,1.9676366482945469,0.5126984126984127,1.9529006318207927
SNaive,53,7,9,277.77777777777777,300.0,2.8033041679930664,2.8497104407592393,0.8027522935779816,2.81214848143982
SNaive,53,8,9,205.55555555555554,227.3030282830976,2.046788012134547,2.0726729542138473,0.6153289949385394,2.0521353300055463
SNaive,53,9,9,66.66666666666667,100.0,0.6622773388449955,0.6661194307635467,0.20833333333333334,0.6648199445983379
SNaive,54,7,4,206.83424166666666,230.78983163923726,6.408634734038496,6.278041413775622,1.2181666627645864,6.387669746267856
SNaive,54,8,4,194.6379361111111,235.5562617448557,6.182093253637352,5.9274962492139105,1.1087697416630786,6.110696658637094
SNaive,54,9,4,172.7392911111111,189.61118238370358,5.174147729854478,5.338492806814654,0.9728283243323953,5.229712916275106
SNaive,54,10,4,186.76280388888884,239.08760644366473,6.054518416701834,5.767157922391427,1.0409902100842214,5.956130874537793
SNaive,54,11,4,84.57305333333339,103.79800308845053,2.7052741980686927,2.6902710731181485,0.46442982841030067,2.6858135327940245
SNaive,55,6,4,105.21666666666663,124.80910979928058,4.1139612764103655,4.10815273213361,0.6228877371914042,4.134484821229756
SNaive,55,7,4,107.25,114.1838454228774,4.368567277055465,4.262611744943128,0.6519159241445518,4.3460837969081005
SNaive,55,8,4,53.56111111111108,65.62494867722862,2.1318209489218622,2.1543447300392202,0.33440860215053747,2.1389650612780975
SNaive,55,9,4,80.02777777777777,99.57446961947622,3.074952802828294,3.1480521170508062,0.524071260594207,3.1140290195942795
SNaive,55,10,4,180.16111111111113,192.69773250121838,6.58799212332141,6.844286046632629,1.243109594817342,6.6440615460263475
SNaive,56,6,1,86.0057462222222,96.10901219139772,6.768485321914837,7.065560988917535,3.1919875149007844,6.820442647663877
SNaive,56,7,1,63.31587211111111,75.58392028997676,5.354299900347514,5.173595933557643,1.8909493898919902,5.259761041091444
SNaive,56,8,1,43.505413166666685,59.09757414044652,3.7039871529551323,3.5952138081633174,1.2311406702760865,3.6185159702982728
SNaive,56,9,1,109.7167316666667,113.24771053579028,8.502407286929387,8.90344199165383,2.955574001606878,8.5421457575755
SNaive,56,10,1,49.762357388888894,57.30536890585651,3.946096619304214,3.897452931415457,1.1780811715605797,3.927962403618658
SNaive,57,3,4,99.10000000000001,109.84542169187876,4.064469838918047,4.1407228833462835,0.5731254309673688,4.101359072400323
SNaive,57,4,4,237.0055555555556,262.2583723904518,9.025919797525932,9.549134512375772,1.4608430640687604,9.113456238918202
SNaive,57,5,4,294.7277777777778,320.452602666222,10.319783904836763,10.982652817460773,1.803503151596596,10.429703550357514
SNaive,57,6,4,208.36111111111106,241.32402491256437,7.0401935306757935,7.389666631380905,1.2340140719459842,7.060402634026225
SNaive,57,7,4,68.35555555555564,77.6685765144295,2.2728815279334196,2.3065242976871523,0.40808706817718826,2.2822334874731305
SNaive,58,4,9,1347.9243277777775,1575.9622012471868,14.735229983070534,13.660603480676123,1.1328345828096493,14.22216620233245
SNaive,58,5,9,776.0430738888888,943.132569878919,7.91636176154356,8.190854602094346,0.6338334851910664,8.204982671431079
SNaive,58,6,9,1543.4549983333334,1811.7772790344698,20.256711752898124,17.679317709201225,1.3082558199197947,18.8599114872214
SNaive,58,7,9,1196.2938172222223,1428.5259532986913,15.8238352447556,14.496545550440251,1.0227025802946434,15.047036520457926
SNaive,58,8,9,2752.0872361111115,3059.2577967711854,25.65592658320052,30.103604303805025,2.334066035347142,26.73984391633743
SNaive,59,5,4,383.76068722222215,440.9402253054989,14.28184820179745,13.01509452755895,1.28693794392504,13.534671134672854
SNaive,59,6,4,805.271206111111,883.4997500687488,22.192158984549646,25.52989617585278,2.5162258951615057,22.88334595653935
SNaive,59,7,4,621.9084488888889,656.8103707779114,15.967682534833685,17.54341453302826,1.7518152602951707,15.911870251651795
SNaive,59,8,4,317.45580722222223,407.84732524906786,7.279279140142064,7.7318225877286055,0.8571693950278216,7.575055515261978
SNaive,59,9,4,741.3714661111111,776.53644771568,15.462151172237803,16.86969044101413,2.10452437517896,15.620727616694976
SNaive,60,4,0,208.8575,255.54770013628465,23.027071979667753,25.485404268439847,0.7858325784583629,24.37845852461573
SNaive,60,5,0,534.2296666666666,621.8086402932444,39.543934823870956,49.36626474451054,2.1053133720797703,41.645629045515925
SNaive,60,6,0,663.168111111111,731.6638640106535,37.61651568291157,47.83478252004362,2.453109252393916,37.91241130922511
SNaive,60,7,0,289.0549444444445,364.9789094747653,15.201843098609476,16.64249816670952,0.9570592181281872,15.547047772835136
SNaive,60,8,0,604.8219444444444,1009.2941130446621,23.957289185244584,26.183173774580887,2.049966874614494,28.1003559084079
SNaive,61,5,3,684.75,741.3066307765858,16.99097381546283,18.860455857451285,2.1185165558849106,17.055974538158168
SNaive,61,6,3,923.0574408888889,1273.9488114417802,45.83640675521186,30.837619475082633,2.6374002919989112,29.092036364815556
SNaive,61,7,3,2140.0594519444444,2195.5879100879706,122.04374799635642,74.29912156425956,6.022736775154297,121.45653713754044
SNaive,61,8,3,171.32089000000002,222.4460556255998,10.010921132918886,9.537005294902448,0.34240163406330565,9.784408770778912
SNaive,61,9,3,452.9105078888889,519.974892703646,19.992304340724612,22.884693992940814,0.9536824392322311,21.0767832752686
SNaive,62,4,4,370.43944444444446,485.27743464148654,15.106784181720828,13.897319939926062,1.0079287033538291,13.687832731933685
SNaive,62,5,4,400.1222222222222,463.5385705035175,15.550138083355003,15.409308730781193,1.0934843601409618,14.276794015093097
SNaive,62,6,4,470.3755555555556,578.8440407014273,19.964847462093516,18.978098703397144,1.268708766376948,17.745147559056107
SNaive,62,7,4,377.51444444444445,481.1678366225241,15.890692527121875,14.529659078473653,1.0100609393961402,14.239320394452848
SNaive,62,8,4,550.7144444444444,630.8293346945045,20.875381355891836,22.262473045426024,1.4560501028920438,20.25015515192223
SNaive,63,5,7,3486.6535555555556,3654.4234801516113,44.65682672180395,35.881045244012434,3.135410332021937,44.260848869050214
SNaive,63,6,7,1022.1589722222224,1113.246578036344,12.411243664679224,12.78738789363488,0.7605676227641133,12.48011868686962
SNaive,63,7,7,1669.8656500000004,1952.6941299316568,27.915454935326366,23.201178885776493,1.2638545230063183,25.003141865096374
SNaive,63,8,7,2386.1137944444445,2487.2506891563025,48.06286464715711,38.01126805973684,1.8300985039681197,47.18445374913747
SNaive,63,9,7,980.2632777777775,1027.4293650676218,22.581186893586025,20.078812148538045,0.721758760942922,22.399370554793748
SNaive,64,3,3,352.6166666666667,401.32274695339936,24.735736175959,21.324010603492084,0.7136044626062138,24.14475210840051
SNaive,64,4,3,379.8333333333333,438.4552492051561,20.167507844432322,22.139406558353237,0.8063184610014058,21.47231556797839
SNaive,64,5,3,616.8111111111111,682.591622665656,28.65876562956318,34.677153697408144,1.3749870692606825,28.920928899829377
SNaive,64,6,3,271.1722222222222,293.4980020753501,13.855338387480629,13.165229812957755,0.591251299764815,13.659922200766793
SNaive,64,7,3,272.6444444444445,360.4147225381092,15.676400586120486,13.879538456083626,0.6154799848786984,14.83918371789949
SNaive,65,5,3,663.4615495555556,771.8073552218594,29.155627301608945,24.086040387819743,1.820763485356734,25.148238780730388
SNaive,65,6,3,641.4761703333334,793.9549300879125,30.023864752514772,24.452399573773782,1.6860469348326241,27.151176104048393
SNaive,65,7,3,504.5375440000001,630.2045699398558,21.69006813614005,22.088380652111685,1.217553795123058,21.05411876893385
SNaive,65,8,3,394.893728,531.6762060289155,14.864937993241398,16.604804257537854,0.9553496461384091,15.20324488196134
SNaive,65,9,3,413.90277777777777,481.2346631877679,15.623219538806987,15.465615001839971,0.9801444376428331,15.22069471048554
SNaive,66,5,4,687.4336564291389,769.4847445778089,22.95341670441396,19.99005690090478,2.120712252476462,21.30877758637134
SNaive,66,6,4,642.0290474984276,773.352840004462,22.167189939322288,19.36210224055891,1.825701989544357,22.016286646683277
SNaive,66,7,4,127.82168318553333,149.99043588014925,4.414435866601751,4.332068011786373,0.3490317633594447,4.366654578363256
SNaive,66,8,4,447.77777777777777,476.14190228450923,13.408337395565553,14.487392782850014,1.2902036700963395,13.619466035822914
SNaive,66,9,4,343.8888888888889,368.66877636527164,9.818401123891855,10.408107965165497,0.989812503170752,9.809825673534073
SNaive,67,3,4,458.9416666666667,528.941616590254,16.509669962303775,14.866495497295041,1.5941229672927684,16.138772008037982
SNaive,67,4,4,362.3388888888889,397.718304917773,14.512370325776025,13.326574785855911,1.2027545275028604,14.188246560186112
SNaive,67,5,4,250.45333333333332,302.9955744817993,10.624445707371272,9.856044307455306,0.8337281750545102,10.391250822016039
SNaive,67,6,4,353.74999999999994,397.0476650227275,17.58179520774106,15.799009524263813,1.2349582528835594,16.836325532436398
SNaive,67,7,4,264.8488888888889,298.9622339397105,13.553099378876809,12.480110240770406,0.9282027846395065,13.49753663897385
SNaive,68,4,6,1031.6734444444444,1248.818229382483,19.018931126388637,19.34020412413822,2.1224016294451453,18.856184843335733
SNaive,68,5,6,1204.8188333333333,1505.2189826189006,26.427843998360302,22.48724199398824,2.0929724173186495,23.156231357912286
SNaive,68,6,6,1561.8518888888889,1897.8649983687517,24.01692845552047,28.711057695625854,2.322014562432997,25.283290130954516
SNaive,68,7,6,1283.037,1480.9925431077556,17.354107341827113,19.508250981498055,1.8079388793862263,18.232796251361826
SNaive,68,8,6,795.0617222222221,953.2777335881418,11.430001448130136,11.51866945120654,1.0401568013637676,11.129159358846252
SNaive,69,7,4,259.9861111111111,322.2164998997396,8.187269614825114,7.751552119249198,0.8012390810169993,8.042465800508696
SNaive,69,8,4,332.8333333333333,391.54595599970406,9.554421544593897,10.101589264306494,1.0299980453731286,9.716421904522491
SNaive,69,9,4,334.2711944444444,402.13799194100926,9.046192492143042,9.35843306657596,1.022188376766339,9.316079682090145
SNaive,69,10,4,932.0853055555557,1007.9085539435732,21.28002338252251,24.223945758590265,2.93036411117968,21.722138079729902
SNaive,69,11,4,779.021888888889,864.6244895344742,15.68338629462763,17.315108397848494,2.249433981930526,16.055096814454078
SNaive,70,6,3,201.95555555555558,274.26651879756184,9.644502057839116,10.53362365188812,0.5684366116737692,10.43880783025451
SNaive,70,7,3,779.9611111111112,843.3493783058649,29.16243562177887,34.76846856947602,2.3705366296081,30.283544904496384
SNaive,70,8,3,514.0388888888889,581.3120509292368,17.994848839383145,20.300332936309324,1.4593883809664878,18.184301602306473
SNaive,70,9,3,138.92222222222227,159.62050132875933,4.917934726898224,4.8629402585943,0.38513833621963767,4.915396832885158
SNaive,70,10,3,78.45555555555559,95.12711962888868,2.787506261007978,2.7644318530693557,0.22770604496503744,2.7963747324315724
SNaive,71,5,0,383.33810666666665,399.60558157332423,51.195113762118496,39.75144889932963,1.6077479162263404,48.357133216021936
SNaive,71,6,0,165.1301955555556,176.6395682523576,19.91518109717316,19.699057914328957,0.6550725771561189,19.777596330653065
SNaive,71,7,0,122.53862722222223,147.81632792526406,12.664612351960711,13.883044303268989,0.5009820517104656,13.212460132348221
SNaive,71,8,0,145.72789722222225,148.4703520733311,14.309056805318962,15.396797679662702,0.6346054493630554,14.35399012036426
SNaive,71,9,0,34.463356111111096,42.17279764623508,3.3661289664447076,3.398886844295215,0.1546259581436379,3.34387141579774
SNaive,72,6,9,982.9713299999997,1026.128787905748,9.691008032594853,10.229258683146902,4.161219504994967,9.732362349116729
SNaive,72,7,9,723.6079361111111,847.1732998048215,7.8712563789337056,7.476346134422017,2.2933761804272486,7.661994245286821
SNaive,72,8,9,532.0829727777777,655.4748891246306,5.834789612587585,5.59145359603033,1.5784956776469978,5.722325000619522
SNaive,72,9,9,851.9390000000003,881.8014513874523,8.544031817154723,8.951526753649066,2.365559309496798,8.58487444454115
SNaive,72,10,9,370.16216611111133,533.779300735014,3.892321917579713,3.760622789338794,0.9337159554359638,3.8509856040802983
SNaive,73,4,2,20.333333333333332,28.23709144606316,1.1855993376006029,1.1720483181418757,0.9355828220858895,1.174959871589085
SNaive,73,5,2,16.11111111111111,21.740898478827106,0.9259672655490979,0.9314499917532992,0.7439263618530255,0.9280593958013313
SNaive,73,6,2,24.72222222222222,33.086586741793454,1.402825814141536,1.415395029055428,1.1670117322291234,1.414000190651711
SNaive,73,7,2,19.5,26.671874491473016,1.1208918358541184,1.1160781310552723,0.9049723756906077,1.1173717887498806
SNaive,73,8,2,19.333333333333332,26.217042802980913,1.1280845109725122,1.116456872429838,0.9016559648529908,1.11771318451903
SNaive,74,5,8,2049.4960000000005,2711.876914840122,84.76255059101159,39.29064554075437,1.0453514047547297,36.17003532377388
SNaive,74,6,8,2296.5085555555556,3077.5011130528,32.212394757441366,41.74421296935303,1.1307440661503496,32.921680198363674
SNaive,74,7,8,1634.6496666666667,1934.7238384237169,30.4191517069392,25.46459027480289,0.7695319549909541,28.456842057700214
SNaive,74,8,8,1521.4071666666669,1775.5875729308596,36.2052368518755,28.41921107139993,0.7334980656649723,31.678172832808404
SNaive,74,9,8,1126.9667222222222,1357.5735425909918,26.249690197676102,25.35074832959847,0.5533895287285748,24.578094779862468
SNaive,75,5,0,288.8001752222223,294.8050789524487,26.566421780775396,23.279488360145724,2.0929162962225867,26.027318466071055
SNaive,75,6,0,155.06665561111106,184.8970093534817,12.541711623175356,13.434460811185694,1.0124522431946477,12.610592410528293
SNaive,75,7,0,123.66610077777776,134.74587600527045,9.500785176019773,10.073679648612238,0.7927308772369808,9.49381306007815
SNaive,75,8,0,72.0121411111111,85.43701124082367,5.282698812912262,5.407251272219672,0.4709388162851314,5.3899430237368104
SNaive,75,9,0,350.26199383333335,386.0336993645243,20.62001825337166,23.458233870578887,2.4298534856146636,21.411801952178138
SNaive,76,4,2,173.16735222222226,197.37783736811605,13.515909137363272,14.347949085467807,0.6991374274292398,13.636059390425064
SNaive,76,5,2,217.3937822222222,256.70695678117244,14.86828795956789,16.45502121843142,0.9167963794047903,15.305652038891694
SNaive,76,6,2,192.62882833333333,229.99821771352654,13.750571207963056,13.935588573808587,0.8362717083112065,13.204025293380639
SNaive,76,7,2,176.32137999999998,217.41191749248708,13.560576680376402,12.628903117919005,0.7779914900937719,12.015525320113989
SNaive,76,8,2,247.5943566666667,296.54080851002243,18.016967457046874,18.148011001568033,1.1068736385723241,17.73854664549554
SNaive,77,6,0,419.44444444444446,521.7864612186781,48.95560453138311,40.50345822380951,0.9455540175334519,47.0991890205864
SNaive,77,7,0,303.8888888888889,371.19177433414836,28.642316144010948,32.10860148443276,0.6960552626795129,30.456570155902003
SNaive,77,8,0,315.0,431.8500254074838,29.95627031630075,27.312044853248473,0.7335470806614918,28.97291773122126
SNaive,77,9,0,480.0,648.2883446258908,37.48139607638106,43.727436117878106,1.157928594403345,41.98250728862974
SNaive,77,10,0,443.3333333333333,627.7030437325528,46.00690960479093,35.20911983825177,1.0432887855897732,43.53518821603928
SNaive,78,4,2,607.3241262222223,649.3256367239229,34.444848291686725,28.73910674987575,2.9465253501431583,33.67074838573853
SNaive,78,5,2,340.62985394444445,384.3699948168136,22.342836805741342,19.688890946950707,1.3695725712786844,20.846067580207432
SNaive,78,6,2,378.3862775,404.4857523006083,29.013973725733678,24.8273919046187,1.5272622928607964,28.07438408622549
SNaive,78,7,2,145.34797888888886,161.05757080248276,11.145885088768875,10.683531291603867,0.5676594738943042,10.825851780805522
SNaive,78,8,2,104.76413622222223,132.76185950587092,8.115698578547352,8.074599967672267,0.42334298589147595,8.015975285532189
SNaive,79,6,1,481.32611111111106,557.7170729012655,39.00284663045047,31.04250445254293,2.1670473168669706,38.106277821980655
SNaive,79,7,1,101.46944444444449,119.33946867375161,8.686369829228891,8.216030148191901,0.42664524288627065,8.567393198996935
SNaive,79,8,1,86.77833333333336,101.89035841967036,7.807071648847308,7.457023576537007,0.3835876242693268,7.637253324897532
SNaive,79,9,1,81.2111111111111,102.69304845022371,7.464291807539585,7.190169068596484,0.37700248721575225,7.364873613670109
SNaive,79,10,1,75.62833333333332,92.81772409166017,7.2113199942991,6.873661590308528,0.37087952505295985,6.990713352559835
SNaive,80,5,2,182.67917222222218,210.01701729791765,11.068330692092623,10.300906567882407,0.8768629696251133,10.63306042205305
SNaive,80,6,2,467.4199749999999,523.7154127353406,21.011560158782043,24.12156599589522,2.205959711182301,21.900256521132714
SNaive,80,7,2,398.50356499999987,421.8115755349518,16.86882185956402,18.650162350607246,1.7435060092554602,16.78250749862422
SNaive,80,8,2,136.21804166666678,185.3128512860671,5.276758151187513,5.53524029877758,0.5698949364561878,5.477616842903373
SNaive,80,9,2,521.5667355555556,567.3406885875943,17.437781564661066,19.383247050743833,2.3267931451037533,17.89085175559297
SNaive,81,6,1,66.38888888888889,72.30683078228348,5.221617976819573,5.387332755351522,1.4448899070892198,5.253901956473951
SNaive,81,7,1,77.22222222222223,93.85331344414243,5.625649914647175,5.859516931268011,1.6402562373567093,5.790942798816815
SNaive,81,8,1,114.22222222222223,120.7007318398139,8.119217496396368,8.504533963455357,2.4227892202069885,8.14418696771638
SNaive,81,9,1,60.94444444444444,72.50249037868362,4.56227319940137,4.430568397696714,1.165285744635649,4.487258150284289
SNaive,81,10,1,40.77777777777778,46.05431575867782,3.028410385917526,2.9856693758822757,0.7813128326434062,3.0115291511098348
SNaive,82,4,4,457.3690555555556,569.3498752487105,21.936878236879316,19.736982059165655,0.9362537422489602,19.204179559330694
SNaive,82,5,4,381.7509444444445,525.9023376207264,14.690467688288363,16.340679500653643,0.8027400756254867,14.843748734266537
SNaive,82,6,4,465.7907777777779,558.3422138205207,22.838960528274445,20.73012239704174,0.9975760972619071,19.13576845928178
SNaive,82,7,4,427.0562777777777,557.7681869476183,16.110346501337645,18.54717332439708,0.9121526243418439,15.66529170865655
SNaive,82,8,4,498.1362222222223,595.7672287601556,17.069949620519246,18.64049000371623,1.0904663942483503,17.151844669584055
SNaive,83,3,1,206.25055555555556,258.4970044421319,12.578786747664001,12.116592070002834,1.1763778360653498,12.074004259144347
SNaive,83,4,1,456.85555555555555,466.5300850248924,33.074180434842084,28.195043689032985,2.633768632934631,32.797908821223196
SNaive,83,5,1,96.34277777777778,137.23822214188968,7.0706867122031625,6.665152886348932,0.47891738697046143,6.998298619686618
SNaive,83,6,1,150.85777777777776,186.2316251935267,13.295145977600672,12.026222033688455,0.7953336885047775,12.206539847108079
SNaive,83,7,1,322.3955555555556,328.5295124405788,32.03713174163833,27.454678245151154,1.7903822658813204,31.832837995433895
SNaive,84,3,8,648.7944444444445,759.9046595900479,9.59886803756304,8.986377640188973,0.42491814712749465,9.255358269376472
SNaive,84,4,8,998.8611111111109,1054.574418900819,16.131318616035166,14.784071038320448,0.7248769529486137,15.907570727840259
SNaive,84,5,8,594.95,627.0214691521957,10.072239934190334,9.543110810149583,0.4551252580872334,10.088591114887716
SNaive,84,6,8,114.58333333333329,140.14946584906332,1.940609596909938,1.9348793924997263,0.09340237780108812,1.9410832985899023
SNaive,84,7,8,51.5333333333333,63.203366647319925,0.8798308547855467,0.8780540617809186,0.045988994994698634,0.8738643343520248
SNaive,85,5,5,1109.2095444444446,1156.9152125189808,34.911793137573305,29.20345299918992,2.1818237232166635,33.8626772284127
SNaive,85,6,5,988.5553611111112,1137.5641577212123,22.824097786621138,26.6615115464485,1.7158931129130695,23.868042054924278
SNaive,85,7,5,815.6456388888887,883.416090628521,17.740773679146226,19.810949709359278,1.3469954029906686,17.71442113086997
SNaive,85,8,5,614.3442333333335,792.6362576982879,11.070788279456584,12.101005736012628,0.9971982540831363,11.900406074081616
SNaive,85,9,5,1311.0950611111111,1342.5179674392195,21.700703288049112,24.487812490202124,2.2215677585482045,21.722502663931685
SNaive,86,5,5,1568.6808205555556,1602.6884927849744,56.510621204003854,43.34858423476515,2.234279835885339,54.17606762263436
SNaive,86,6,5,617.5857661111112,664.6227493880739,20.144036672897453,20.47352705478706,0.7863284477914241,20.061919196282176
SNaive,86,7,5,154.60804833333341,212.5258184659293,4.91579811327503,5.100978430543314,0.19982205539111916,4.94386076447386
SNaive,86,8,5,157.67730222222224,201.01985878264526,5.200053888516545,5.051429526650788,0.2197576222791084,5.174752103406468
SNaive,86,9,5,420.17198333333334,487.24096498763925,11.94214913949343,12.877456479658184,0.6206467147631075,12.337806403501638
SNaive,87,4,5,776.2080944444444,923.2602155072832,23.333934110417967,20.44647531526997,1.3448161924403872,22.429393174035756
SNaive,87,5,5,529.5709888888889,620.566400135858,16.87931947931696,15.312378542780333,0.8907373872640896,16.272112720570533
SNaive,87,6,5,638.2639333333332,786.1116540686938,16.226025230912438,18.18926578222808,1.082825332581475,17.10892081563409
SNaive,87,7,5,1443.3398166666666,1641.031013707708,28.125830657815865,33.831196709762935,2.5310256986146085,29.699692972057758
SNaive,87,8,5,1463.3245333333332,1561.7763272936033,24.795334478594768,28.758534000640584,2.4292783579460453,25.14184790881408
SNaive,88,3,9,2031.4277777777777,2394.0581299217533,23.253023301266605,23.60422763314831,1.557728524684713,22.697911571399125
SNaive,88,4,9,1975.5,2332.130033776943,19.55225163177262,22.474636232673102,1.351726350585942,20.020291101867635
SNaive,88,5,9,718.8555555555556,896.5984874946969,7.830092938855175,7.549540434018348,0.4919472828481396,7.642223411330152
SNaive,88,6,9,1091.25,1303.5203478358987,11.893450768001697,11.195616027558748,0.8016482433043742,11.469503703465813
SNaive,88,7,9,1221.6722222222224,1328.9379207556021,11.849188912287412,12.7425290484855,0.9088797973112209,11.92202305889854
SNaive,89,4,7,1100.0,1268.4198393626966,13.983279653898496,14.358480430518053,0.8902877697841726,13.865546218487395
SNaive,89,5,7,1427.7777777777778,1959.166489437111,17.499001167854793,18.767481166246633,1.2015951595159515,16.753585397653197
SNaive,89,6,7,1333.3333333333333,1674.647558277396,19.622941642037595,17.900884000261104,1.111111111111111,16.02136181575434
SNaive,89,7,7,1422.2222222222222,1909.042808436847,20.7360389975148,17.56751455078288,1.1994645247657294,17.655172413793103
SNaive,89,8,7,1783.3333333333333,2242.394553448017,20.453902815016132,21.174591118164194,1.5276225946617008,20.290771175726928
SNaive,90,3,1,123.45833333333331,145.47876777118447,9.703891490255502,9.11314130925883,0.7656988236716012,9.49606846313893
SNaive,90,4,1,111.8383333333333,133.80223559417828,9.217442470832315,8.984947641073356,0.7035342189616535,8.907659182443533
SNaive,90,5,1,274.78944444444437,321.11707473028173,17.967929685570784,19.409641805750137,1.796353609549268,18.605063175914196
SNaive,90,6,1,251.0694444444444,334.5830166789701,15.588041110380283,17.64600272428728,1.5604850082798667,16.859186759909957
SNaive,90,7,1,277.58722222222224,312.58090299419547,20.71611388261173,18.36236479334979,1.5845663304022894,20.233902498780072
SNaive,91,3,5,1043.3833333333337,1173.5076317036321,32.249573652556116,26.959746708448385,1.3963885748013534,31.72406453966839
SNaive,91,4,5,451.30555555555566,513.6980495496466,12.74512438922163,13.657624285548186,0.5711965349214946,13.100813448674034
SNaive,91,5,5,610.0944444444444,695.939523633739,21.50558569690552,18.742025927811053,0.8009930845344654,20.452378291801693
SNaive,91,6,5,463.4333333333333,542.0816830617975,14.628949373507416,14.74516656939583,0.6297601777538313,14.368713967544736
SNaive,91,7,5,1139.411111111111,1270.517548525447,26.654425194197795,31.84814423143476,1.5996635003760549,27.622682778349432
SNaive,92,3,7,1636.3222222222225,2069.9000346232506,74.75963673608368,46.08514735371315,0.7771263490895999,61.07971689211749
SNaive,92,4,7,790.7277777777778,929.5443265385464,31.65091121138642,30.243711306714165,0.3928852196917669,29.311544956546815
SNaive,92,5,7,770.8,948.2761851556398,38.9392193084354,30.00862022325938,0.4175782969929345,32.420458369162894
SNaive,92,6,7,690.9388888888889,911.3641926621139,23.817199410573892,27.25480122487378,0.39659227617060466,26.381894624303698
SNaive,92,7,7,637.6666666666666,894.8857655216857,23.837092883734957,24.072262146777053,0.38802533325477456,23.26590181213767
SNaive,93,5,1,148.55940888888892,185.99634797120103,8.426056423073856,9.012412683899397,1.540813315390269,8.676107200977977
SNaive,93,6,1,197.56937333333337,205.1729862597041,10.585444997014468,11.224816514700679,2.0810812735694753,10.622709596061004
SNaive,93,7,1,45.54585,60.129848746138556,2.421817885491614,2.469148671853059,0.4387517552357404,2.4296161507504275
SNaive,93,8,1,89.72678444444443,97.14526843707398,5.0331270364192795,4.893144274004388,0.9140533161993848,4.981340778376573
SNaive,93,9,1,100.08863055555555,121.74702145665651,5.842546573799612,5.599330582575087,1.0395149622207174,5.7737406165388245
SNaive,94,4,6,2343.494955555556,2936.0910021566747,34.49251754732796,46.67015102165767,3.3056271348789914,33.23610447210733
SNaive,94,5,6,2448.591288888889,2846.063659016165,27.359927365893427,32.793480413039134,3.0795000405030852,28.28683892965829
SNaive,94,6,6,2564.5193,3019.441396347349,23.718546244637086,26.188244850010395,2.7282741483256507,24.057481623114285
SNaive,94,7,6,2369.83865,2761.6513360424365,21.470950186242067,25.59054117326951,2.182573641055311,19.31338737015962
SNaive,94,8,6,1887.4955611111109,2335.375621375823,14.59950524415394,15.629596797895271,1.643634880298419,14.402436764583435
SNaive,95,5,8,366.1111111111111,385.5083224350243,4.023316228572531,4.1149148705727585,1.1371295168493707,4.033047735618115
SNaive,95,6,8,289.44444444444446,311.8136908119619,3.1205140872342265,3.178126661494781,0.9100018385732672,3.1199473022336663
SNaive,95,7,8,282.22222222222223,303.7177051876371,2.9576076997285847,3.008951834385596,0.9148443529714433,2.969197498392659
SNaive,95,8,8,277.77777777777777,292.5557876523534,2.8660259155462735,2.912352064974984,0.9263734493314,2.865329512893983
SNaive,95,9,8,139.44444444444446,152.0781962602719,1.4246442651507516,1.43682647904416,0.4748391978811956,1.4239518919838883
SNaive,96,4,1,108.37448888888885,132.08071678927158,8.242717048253313,8.593045699477045,0.9887839764528858,8.374406792346276
SNaive,96,5,1,89.57953888888886,107.57935576422695,6.574607807775795,6.883426093497197,0.8451987428003742,6.695738545602806
SNaive,96,6,1,63.38116111111113,81.00408432185861,4.888469600887385,4.79187995417447,0.6074493790878664,4.771669723389262
SNaive,96,7,1,89.84321666666665,104.91498703837682,7.285681664976113,7.008144542409717,0.8928514905446157,7.036333985435901
SNaive,96,8,1,124.36289444444449,153.9379314337925,10.785337151871746,9.952035675139388,1.270948385214552,10.389130017260005
SNaive,97,5,1,380.6950261111112,389.2104478386354,42.08748021505968,34.42936698222823,1.8965755773330824,41.31947740647163
SNaive,97,6,1,190.70225277777777,221.89268409359283,17.416601487491224,19.272545146189497,0.874968268966917,17.744969884134232
SNaive,97,7,1,264.7764566666667,289.82414511564286,20.45319866930544,23.2099809530419,1.226412995649536,20.888341258655423
SNaive,97,8,1,251.1347066666666,267.76587178894675,17.1342204394611,18.95619286825012,1.1757076118507985,17.29367969354399
SNaive,97,9,1,174.10234500000004,181.37226971386042,11.018263161302714,11.719915751598789,0.8193464690813078,11.05549812080918
SNaive,98,7,4,304.42899833333325,318.2223312657708,10.931530439880778,11.630263950171898,1.3932724521393647,10.904778093313169
SNaive,98,8,4,162.75655333333327,216.37230314667323,5.368264164515808,5.6304910573281495,0.7309154185807664,5.54543444993417
SNaive,98,9,4,422.8340922222221,446.08615772169924,12.8355971218796,13.807937781071612,2.012237175569861,12.97651365435922
SNaive,98,10,4,441.58528777777786,479.5667987803724,12.087635121367729,12.994614927680729,2.0127103775356217,12.266119636540669
SNaive,98,11,4,525.267625,552.4237613659404,13.051176812261778,14.051045185312208,2.3267606466116946,13.159999926998514
SNaive,99,6,5,2540.0,2923.9262036591217,34.08040623777657,43.37644121683052,4.1989559164733175,37.75392237819983
SNaive,99,7,5,2058.3333333333335,2496.2360554331485,26.81307744656879,33.40611217103425,2.793214862681745,26.72967318375298
SNaive,99,8,5,268.8888888888889,325.55934772156195,3.4705139716083457,3.464881855616617,0.33086639916778127,3.4576368052578936
SNaive,99,9,5,340.0,409.4304987825569,4.270756484199549,4.383684203008637,0.44483209768861753,4.299866507412352
SNaive,99,10,5,1377.2222222222222,1938.9243868128995,13.291754989224133,15.141868827918902,1.8941336276424146,14.979757085020243
SNaive,100,10,2,1027.5372222222225,1126.0900662899926,39.72677768306483,51.42401636141093,10.293545413108664,42.409451019397316
SNaive,100,11,2,831.5837777777776,917.6963041131854,28.630687778043658,34.92095724816859,5.509587597365359,28.417729175474122
SNaive,100,12,2,387.6628888888888,466.6896175967015,11.380051455043791,12.364209041302733,2.0907617167880534,11.86417626712822
SNaive,100,13,2,664.6575555555556,688.1473195345278,17.74760733613875,19.60495715376386,3.551752940301724,17.80276044780717
SNaive,100,14,2,450.20283333333333,519.3106162382223,10.765782497557815,11.562579211472938,2.167655329426647,11.028197978669072
SNaive,101,9,9,85.94444444444444,105.61749644616442,0.8843748864793607,0.8861799475684046,1.0502376103190767,0.8816321878383768
SNaive,101,10,9,172.44444444444446,205.0525677858133,1.7620741150089114,1.7676449110102725,2.101715317484201,1.7601460739783044
SNaive,101,11,9,229.77777777777777,247.97244470572397,2.2873605987494194,2.3048757651319933,2.746159305813128,2.314195710680774
SNaive,101,12,9,122.27777777777777,144.74249164944237,1.2368378345671998,1.248148791771727,1.327787183528908,1.2228457136507584
SNaive,101,13,9,42.77777777777778,52.35986588557648,0.43164439121446235,0.43247573619511315,0.462588749317313,0.4271512892202547
SNaive,102,9,9,73.5,82.56815366713731,0.7233096628274662,0.7209135719168198,0.506780050563089,0.7197923864137147
SNaive,102,10,9,51.77777777777778,63.641356225509696,0.5030216617726794,0.5046060260534083,0.37069117907017857,0.5056643083467164
SNaive,102,11,9,41.22222222222222,48.70774522028755,0.40363362244798495,0.4026818580825409,0.3062101548269581,0.4033814455407866
SNaive,102,12,9,46.666666666666664,53.96912697706594,0.4573249224717271,0.4563897170364709,0.3636973099807257,0.45748643879485
SNaive,102,13,9,83.38888888888889,102.63175813449645,0.8226078792205139,0.8184831004397144,0.673835856833857,0.8229572731110637
SNaive,103,8,3,51.78888888888892,59.30877769024677,2.5716538654235057,2.599798485671651,0.1849239452557642,2.5834594300980522
SNaive,103,9,3,148.98333333333335,185.01661637089072,8.3633855959754,7.8626104786420346,0.5696823697359031,7.9694144707710874
SNaive,103,10,3,164.59444444444443,198.60257495253626,9.044877810628009,8.710305298404947,0.6597918501875625,8.688193359002709
SNaive,103,11,3,351.69444444444446,366.732329726555,16.304549445694352,17.876645963588775,1.4195340040347246,16.387819608431943
SNaive,103,12,3,291.3666666666667,325.7536014979557,11.954865150929148,12.890567848606496,1.1629981093893178,12.243868844039266
SNaive,104,8,7,656.6611111111112,793.1505107971485,7.764724882317345,7.774359384898356,0.5585167644788058,7.684396187935137
SNaive,104,9,7,939.4444444444445,1115.774864288391,11.33031420492869,11.28911610149919,0.8194263453468699,11.300356251917083
SNaive,104,10,7,1462.9777777777776,1844.9410975240737,14.859638776630868,16.27835609734974,1.276865214503102,15.473050430077897
SNaive,104,11,7,1131.4555555555553,1366.555551987063,12.844705671886459,12.35226848115572,0.9440900362517779,12.97581282799985
SNaive,104,12,7,1371.177777777778,1456.5745386579663,17.518996302773495,15.938006036006836,1.1317645485646397,17.339219576347865
SNaive,105,9,9,400.0,432.04937989385735,4.260699533670912,4.369040514054431,1.2024048096192383,4.275534441805226
SNaive,105,10,9,188.88888888888889,242.67032964268395,2.0002444354630753,2.0312990210996182,0.5698324022346369,2.0011771630370805
SNaive,105,11,9,177.77777777777777,223.60679774997897,1.8453793639392135,1.8654211141182546,0.5543608124253285,1.8572257690075449
SNaive,105,12,9,305.55555555555554,353.5533905932738,3.1098024207819397,3.175738118930459,0.9935897435897436,3.128555176336746
SNaive,105,13,9,194.44444444444446,232.13980461973532,2.009408172482696,2.001034175775586,0.6342668863261944,1.9965772960638906
SNaive,106,8,3,864.769777777778,1018.4572141565673,68.58437327064144,45.082792335969096,3.303609980586183,51.55428191815366
SNaive,106,9,3,1083.1295555555555,1221.8931412748188,115.33535489144337,66.45834332814098,3.794598649745349,105.34451110194232
SNaive,106,10,3,424.54155555555553,448.6283867645916,64.82541724621187,47.44392076578637,1.300036619907495,61.30836952628056
SNaive,106,11,3,167.86072222222225,195.30813876297003,27.296059739408097,23.380765097472857,0.5065269308449174,26.659753261492863
SNaive,106,12,3,57.31300000000002,72.80385001877,10.231053623615601,9.4578586264322,0.17949893341759626,9.90725745113375
SNaive,107,9,7,1111.111111111111,1288.840995278747,13.05474618100583,13.312247308034372,1.8497965223825379,12.828736369467608
SNaive,107,10,7,2105.5555555555557,2225.2340700849127,20.222925250323577,22.729714164202473,3.2179245283018867,20.519761775852736
SNaive,107,11,7,2055.5555555555557,2136.716068071646,17.306258754950207,19.06890334815984,2.8544825751529666,17.4363807728558
SNaive,107,12,7,838.8888888888889,952.48213748197,6.875743384009454,7.1905378208045825,1.0731315910132966,6.898126998629511
SNaive,107,13,7,527.7777777777778,608.7327455916558,4.535979028593822,4.40113929325125,0.6715938303341903,4.483246814535158
SNaive,108,9,9,386.5,484.6757793732952,3.4301499535154574,3.517346980272961,0.671232242303551,3.491172957836948
SNaive,108,10,9,465.27777777777777,576.4555972107094,4.368763806304325,4.275840741112972,0.8370349805663521,4.311387726315681
SNaive,108,11,9,834.3333333333334,920.8520812571123,8.225895764708033,7.831752943508508,1.5409289687088694,8.147698050151366
SNaive,108,12,9,465.27777777777777,552.3349929566698,4.60725438857556,4.579414938659573,0.8311085074779757,4.560751938659928
SNaive,108,13,9,545.3333333333334,661.6743912227524,5.528660103608333,5.318493068698231,0.9906873044563314,5.517489474837977
SNaive,109,7,2,158.9762777777778,173.0781593466759,8.259073362345646,8.676486622680951,1.5976766025490712,8.37358295757296
SNaive,109,8,2,201.10472222222222,217.65475387347328,9.705745223279067,10.280481451822936,1.9917131717520835,9.81407059262928
SNaive,109,9,2,217.72533333333334,226.24929348152423,9.79218472070589,10.33475577496941,2.086667614412337,9.844378896013021
SNaive,109,10,2,162.26955555555557,173.76941510487075,6.947605398236477,7.235157212181025,1.4800763987610848,6.968455607495702
SNaive,109,11,2,121.31405555555554,131.5725627322978,5.00097340621158,5.151731621160904,1.0971938398445735,5.023185547084458
SNaive,110,7,7,4355.166666666667,5306.635398253775,37.2464108434858,49.256158517227746,5.7905405690600515,40.095439759405885
SNaive,110,8,7,3972.3388888888894,4396.031355982095,27.98624842076857,33.43995794298427,4.327593552351293,29.157871986428734
SNaive,110,9,7,4762.761111111112,5947.239361670253,24.180581083335806,29.083564455345424,4.119177995046399,26.457881269649437
SNaive,110,10,7,4321.055555555555,5421.703422152283,26.701755396326,26.363072646793036,3.2510792252335508,27.086521270053087
SNaive,110,11,7,7766.772222222222,8486.829139221158,69.47029352650654,49.773748085062195,4.841952098741899,69.12550013943581
SNaive,111,10,5,224.52611111111116,295.842881413992,8.292407125564402,8.673563657630606,0.28216202403834895,8.579109358080867
SNaive,111,11,5,1022.1027777777779,1196.1588547815136,27.138340526455167,32.72933322716289,1.360005843406544,29.238045367175037
SNaive,111,12,5,1327.0055555555557,1356.6574087358156,30.50512311684101,36.34682940414658,1.7843320720555167,30.4438013679643
SNaive,111,13,5,503.75777777777756,723.9704212880523,9.915018219480357,10.830685838091142,0.6516732571811167,10.771819383582274
SNaive,111,14,5,449.0988888888888,637.1239644858933,8.735498228300735,9.45929771594071,0.6070802494645472,9.467091534065416
SNaive,112,9,9,434.3888888888889,509.2521204886851,4.9653323077353635,5.135332077795392,0.9482817169247488,5.019934642620972
SNaive,112,10,9,321.0,344.0697603684462,3.5953229363298616,3.6706956546295992,0.721008263546115,3.6143673918754926
SNaive,112,11,9,422.77777777777777,474.35582050233603,4.525391974153462,4.657445487695798,0.9761200235305565,4.569198438907235
SNaive,112,12,9,478.0,510.6462136896303,4.976960668308466,5.122097323171276,1.120143123519629,4.990227181774419
SNaive,112,13,9,317.6666666666667,333.57657791477703,3.2263502043059633,3.284528139784784,0.7501610094697422,3.235224225141732
SNaive,113,12,9,316.6666666666667,385.1406669430448,3.14487114902495,3.093484506142234,1.0085616438356164,3.104575163398693
SNaive,113,13,9,444.44444444444446,487.62462794425977,4.4557789112244555,4.342209384534788,1.4262560777957862,4.4493882091212456
SNaive,113,14,9,127.77777777777777,150.9230856356236,1.2993669542515887,1.2898845387284683,0.40350877192982454,1.2928611579539067
SNaive,113,15,9,116.66666666666667,158.11388300841898,1.1854958446261907,1.1776449361754477,0.38200589970501475,1.1758118701007838
SNaive,113,16,9,172.22222222222223,212.13203435596427,1.7112757027336722,1.7337872136159065,0.5781922525107605,1.7212659633536922
SNaive,114,9,4,635.9270000000001,753.6480625587487,19.19603490448114,16.931394725568364,2.093569600250204,18.925866832446843
SNaive,114,10,4,316.7505555555556,366.8375155431746,10.115842621693504,9.520137506767142,1.0038805652342313,9.833332930905845
SNaive,114,11,4,257.0377777777778,292.6112088300789,7.757101734412858,7.881424339985086,0.8216617518056906,7.775263577734765
SNaive,114,12,4,424.7297777777778,501.2194980634731,11.298947051454464,12.244008032633982,1.3705939019311262,11.623856741045712
SNaive,114,13,4,530.4395555555556,613.0236285354569,12.943536057309649,14.111817772018073,1.7118883369352242,13.216285171415612
SNaive,115,8,1,270.0,321.6623488483952,13.140460418911202,14.116387625214868,1.883720930232558,13.458875657712547
SNaive,115,9,1,540.0,553.0420920287673,34.00457666711491,28.81351238421238,3.4585824081981213,33.459552495697075
SNaive,115,10,1,149.44444444444446,171.86881301995686,9.447420281297916,8.957918585609356,0.8268442622950821,9.518754423213021
SNaive,115,11,1,116.11111111111111,147.21488451315724,6.645448250067856,7.009430454209917,0.6551015996541288,6.911375661375661
SNaive,115,12,1,219.44444444444446,239.71047351150744,11.831484232629002,12.71503596802227,1.2928940977721468,12.006079027355623
SNaive,116,9,9,113.88888888888889,135.91255358583408,1.2025782746099227,1.2097382627090159,1.3934203371397498,1.2050317422995533
SNaive,116,10,9,80.0,105.88253449512393,0.8390235782393676,0.8451620843762185,0.962852897473997,0.8401400233372229
SNaive,116,11,9,199.44444444444446,218.822606997845,2.0507171109559246,2.0761674333233655,2.442176870748299,2.059430931620009
SNaive,116,12,9,263.3333333333333,295.20237879198135,2.6473281143722662,2.690271430624513,3.070846394984326,2.669219506701205
SNaive,116,13,9,182.22222222222223,210.1322334996598,1.8182774040891934,1.84016390426772,1.9662125340599454,1.8270944741532977
SNaive,117,9,8,331.77777777777777,343.5871230286594,3.6730782755059983,3.746649682207332,1.7450966640951913,3.6821466446346216
SNaive,117,10,8,403.3333333333333,581.3497704098244,4.327513321937107,4.3721215226881025,1.9712785856513606,4.482809721398933
SNaive,117,11,8,682.2777777777778,1009.1331538613832,6.697437809362336,7.147359284437857,3.2374238705572225,7.261321240000236
SNaive,117,12,8,515.0,616.6199081371856,5.032704019250553,5.208372720855261,2.265556633003004,5.272467708268162
SNaive,117,13,8,349.3333333333333,414.9855419168239,3.366656735814573,3.4378672007903712,1.46722667684867,3.5070106749656995
SNaive,118,9,7,2260.8333333333335,2831.876439159496,22.60833333333333,27.529223135108357,4.810420153763228,22.608333333333334
SNaive,118,10,7,0.0,0.0,0.0,0.0,0.0,0.0
SNaive,118,11,7,0.0,0.0,0.0,0.0,0.0,0.0
SNaive,118,12,7,0.0,0.0,0.0,0.0,0.0,0.0
SNaive,118,13,7,0.0,0.0,0.0,0.0,0.0,0.0
SNaive,119,8,5,2689.4888888888886,2971.1587305666153,34.03051896984641,42.741337356089296,2.7527584486529273,34.86295219007881
SNaive,119,9,5,926.3055555555555,1164.914116290696,13.392250283956708,12.089207243010708,0.8380408576520237,13.069013735652184
SNaive,119,10,5,987.0499999999998,1038.3517646839255,15.63627103605569,14.380835181358497,0.9292511519599154,15.465925936887661
SNaive,119,11,5,721.172222222222,801.5915429111428,12.606391211782544,11.684379363604684,0.69010860929289,12.381418382082225
SNaive,119,12,5,813.2222222222223,868.9978493772137,15.829646703958108,14.493398926432558,0.8046316973587013,15.558089877250733
SNaive,120,9,8,355.1111111111111,422.4022569384149,3.988797189915442,3.966400579738813,1.2909063002366932,3.9784149825415303
SNaive,120,10,8,794.1111111111111,846.1508927687386,8.238540516294055,8.638432005891469,2.801280376273844,8.311866535636822
SNaive,120,11,8,829.6666666666666,887.2074165605245,8.132813853979144,8.526969442279816,2.716481944941008,8.168690515260913
SNaive,120,12,8,503.27777777777777,538.6117443122746,4.809626845995987,4.946102039169223,1.5459384771215923,4.807391251280255
SNaive,120,13,8,127.83333333333333,154.43391251060544,1.2350935743523612,1.231062470911324,0.385362585831519,1.2300603002181072
SNaive,121,9,8,972.2222222222222,1071.6031603785673,11.29033245201717,10.561336637907644,2.154111275233875,11.182108626198083
SNaive,121,10,8,855.5555555555555,938.6751893552482,8.982509070595357,9.484730513232531,1.711111111111111,9.11782119597395
SNaive,121,11,8,1100.0,1145.522685162639,10.708885152807907,11.362618683364161,2.165158371040724,10.778443113772456
SNaive,121,12,8,577.7777777777778,609.1888960832355,5.4803908301968605,5.653242943669445,1.0855218855218856,5.476566614007372
SNaive,121,13,8,194.44444444444446,224.84562605386736,1.886101225728935,1.8629450477582892,0.36527514231499053,1.873661670235546
SNaive,122,9,8,94.44444444444444,117.66241729815194,1.0426031997260867,1.0483790235981192,0.22149259954138004,1.0482180293501049
SNaive,122,10,8,100.55555555555556,115.44599507032618,1.1192755319444472,1.1135053297812167,0.24877825290164937,1.1181121818631086
SNaive,122,11,8,76.66666666666667,106.19688214715994,0.8404810064951928,0.8467916309852129,0.20021011556355997,0.8484475868429143
SNaive,122,12,8,337.77777777777777,419.92062742062734,3.5449945789214814,3.6365119658141736,0.9254185692541856,3.626386735059048
SNaive,122,13,8,637.2222222222222,682.4343680286528,6.5323070088269475,6.786094734826745,1.7858457183297947,6.536357419648962
SNaive,123,9,0,33.55672222222223,37.729199557872654,3.1571470336868566,3.220879382184991,0.6608257391341489,3.174236229903619
SNaive,123,10,0,33.655666666666676,37.33810649546475,3.0865782220143436,3.144460496018135,0.6885002949244582,3.1171539171736153
SNaive,123,11,0,25.81511111111111,29.809928853021823,2.3959684510808246,2.391878737579442,0.5371764032991122,2.3867469878280385
SNaive,123,12,0,51.76588888888892,63.52485884719113,5.0563772641251274,4.930838051283519,1.1109330153762955,4.964582462644662
SNaive,123,13,0,77.78766666666668,84.62515315791165,7.779955885800151,7.448688886744123,1.6713360100970587,7.744651476910875
SNaive,124,7,6,1116.3999999999996,1166.5733576971868,10.131340259785524,9.594908975737088,0.7293009481621578,10.020289700421499
SNaive,124,8,6,1279.2111111111108,1685.7279710030982,14.111931532525801,12.535598982874502,0.8552645369732911,12.861283380224418
SNaive,124,9,6,2892.216666666667,3106.1776609953695,38.239208039311755,31.110878908540702,2.0359846707189333,36.65392530780275
SNaive,124,10,6,2257.8999999999996,2386.9369993547984,37.76350483640981,30.89370614320832,1.531375035533798,36.08950850241975
SNaive,124,11,6,1602.822222222222,1631.7351099026118,31.618705028938223,27.13503418315048,1.0738172583503292,31.251577429729227
SNaive,125,10,0,46.66657077777779,54.20290088022814,2.842741999465979,2.86937115563918,0.40046357814150174,2.8711722400019077
SNaive,125,11,0,205.4199412777778,231.79636534249786,11.11989442004197,11.938088803481545,1.8570194814386989,11.426301421795497
SNaive,125,12,0,344.44376716666665,365.439843733423,16.47090260472305,18.113053434201497,3.065709725962132,16.708626419319284
SNaive,125,13,0,337.5080482777778,357.1097578613548,14.495097959650641,15.756713238462877,2.783373726631268,14.62247153142833
SNaive,125,14,0,285.6368181111111,301.4289368268583,11.258268639009156,12.00208656904001,2.2148390575355403,11.344442137009594
SNaive,126,7,8,1561.944444444444,1735.600651071553,13.646434325165465,12.58903966648166,1.618748380675859,13.328125022221437
SNaive,126,8,8,1679.1833333333334,1849.5832484042933,16.38723320392243,14.875247975103342,1.6700705570330012,16.02293709051796
SNaive,126,9,8,892.8111111111109,987.5442161690223,8.867007795523808,8.436835750842238,0.8735060451753719,8.787020846387609
SNaive,126,10,8,336.8666666666667,401.36159645774666,3.3129059475657816,3.3599478626487316,0.3326070381356785,3.3045924548517873
SNaive,126,11,8,922.3388888888892,1011.1448129609221,9.981410187783528,9.40909346306357,0.957966431244459,9.786954343148528
SNaive,127,9,6,177.77777777777777,202.75875100994065,2.2876714915355825,2.3173453216064495,0.4140786749482402,2.297200287150036
SNaive,127,10,6,361.1111111111111,427.525177946022,4.400480231036513,4.539249384152757,0.8836858006042295,4.4673539518900345
SNaive,127,11,6,438.8888888888889,475.5114205895702,5.245129592634389,5.411822660965015,1.0956480153036825,5.249169435215947
SNaive,127,12,6,405.55555555555554,467.26152562920623,4.585534598316753,4.727463971787136,1.0221318879855466,4.652644996813257
SNaive,127,13,6,777.7777777777778,839.3118874676114,8.265670026910001,8.677783613223207,2.0,8.348240906380441
SNaive,128,10,6,1460.05,1522.7665771001584,20.38989192140771,22.88152808360292,2.5323204541147724,20.637753860023025
SNaive,128,11,6,1427.072222222222,1546.75623645098,17.11832072213414,18.967055610613137,2.3045299457040085,17.45855790339353
SNaive,128,12,6,1949.0777777777776,2105.2713443481184,19.644202713561302,22.079874191100735,3.0254170714148207,20.104420538216758
SNaive,128,13,6,1951.0388888888892,2020.169663254385,17.573711129751338,19.39019482186613,2.8284704080317717,17.647437182697434
SNaive,128,14,6,917.8944444444446,986.0409747515002,7.835387786492191,8.206257479164906,1.2364998202791415,7.854937926778653
SNaive,129,9,2,226.1551666666666,290.5639854402889,11.0723693396022,12.110079164464034,1.3035605709612799,11.164750899848979
SNaive,129,10,2,80.0077777777777,105.23438595978658,4.217281761265438,4.066194321805911,0.45057705801227466,4.0908317238611565
SNaive,129,11,2,164.8052222222222,183.2761108958587,7.857520449779974,8.050880642606534,0.9753109673386566,7.914999906348539
SNaive,129,12,2,399.31811111111114,428.8192136890427,16.617930954824168,18.357106946096984,2.3759452085901542,16.767154458299256
SNaive,129,13,2,471.4967222222223,551.7305546353924,16.51086820637955,18.498555689754077,2.6782421300683366,17.12347749396094
SNaive,130,11,4,218.38364340255555,234.81893984422828,6.860227307856956,7.1409923042816015,1.8636025821281101,6.923474660958809
SNaive,130,12,4,216.7716186305556,241.14636024607034,6.498808108229305,6.769522897510119,1.7875916552782818,6.541202432374256
SNaive,130,13,4,258.28922185577784,280.10100432177296,7.286759297230253,7.609117061547475,2.099271592328,7.352626646281965
SNaive,130,14,4,284.3972757222222,303.120170667632,7.592421407259119,7.931218048283721,2.246370077035444,7.641059707032053
SNaive,130,15,4,275.4990147408889,292.2102899551745,6.96586061981071,7.247134189708042,2.1001145181415635,7.011457006440504
SNaive,131,12,7,177.77777777777777,218.58128414340004,2.693690672912212,2.6875757286661623,0.12606430296098614,2.6644462947543714
SNaive,131,13,7,533.3333333333334,763.7626158259734,7.192613327638033,7.459243938769985,0.3998485422188565,7.649402390438246
SNaive,131,14,7,2533.3333333333335,2753.785273643051,26.867987001699724,31.774950869392104,1.9865571321882003,27.975460122699385
SNaive,131,15,7,1272.2222222222222,1598.7842603400595,13.77648244604922,14.800583683427163,0.9672374429223745,14.294631710362045
SNaive,131,16,7,1722.2222222222222,1843.3062083597988,22.008229647320398,19.560039229503264,1.300839251129761,22.017045454545457
SNaive,132,9,1,42.77777777777778,45.88633299312068,3.6499823995096796,3.574784654594366,0.7971014492753624,3.642384105960265
SNaive,132,10,1,26.11111111111111,27.182510717166817,2.2655844817132595,2.238059067335481,0.5005917159763313,2.2617901828681424
SNaive,132,11,1,27.77777777777778,31.622776601683793,2.4694550003373235,2.4303422573174944,0.5542813455657493,2.454590083456063
SNaive,132,12,1,38.333333333333336,42.88226776756203,3.4935394088806597,3.4181646137367,0.7975391498881432,3.4725717161550076
SNaive,132,13,1,60.55555555555556,68.3536555146996,5.8433854474632145,5.630984454396033,1.2934196332254584,5.75197889182058
SNaive,133,9,7,311.6666666666667,348.1777962159244,3.715065425721076,3.802285769110039,1.2017994858611827,3.742494996664443
SNaive,133,10,7,473.8888888888889,503.1843046483509,5.411595985664722,5.580389226310077,1.8561411992263057,5.448390393459376
SNaive,133,11,7,447.22222222222223,480.1909342473401,4.939862489573525,5.083963368617395,1.702026829979586,4.959645123529049
SNaive,133,12,7,426.6666666666667,458.2696925513525,4.5378158585379404,4.658813810322868,1.5971020326021335,4.565721419654004
SNaive,133,13,7,389.44444444444446,425.9825244198536,4.025770896973895,4.124494280632015,1.4421170749953247,4.049682264586944
SNaive,134,7,2,64.20366666666675,79.2336498521234,2.8484996381504804,2.8119325172133323,0.4483126557799176,2.8422998805348
SNaive,134,8,2,80.13327777777778,93.61338656439872,3.434317954576717,3.515827629609399,0.5855230011798643,3.4694799685139186
SNaive,134,9,2,119.96183333333329,136.94529808548452,4.890779985719689,5.043008575482391,0.9089983041282811,4.968078453246988
SNaive,134,10,2,99.79061111111115,126.0826098910728,4.055936087960271,4.174405056135172,0.7760556184236798,4.095559552494082
SNaive,134,11,2,182.97133333333335,191.16284743816377,7.991428412946341,7.656654436459966,1.4387673378923278,7.948807068566839
SNaive,135,10,2,1293.9353555555556,1420.0277501112362,58.22233272085211,42.41631248157686,3.9480872425543,50.05573448924615
SNaive,135,11,2,1196.8503833333334,1286.3869808095233,63.181177062643236,46.89915546814565,3.1746400516199986,63.877963368379376
SNaive,135,12,2,384.74735,443.6339457898451,16.762827610647015,18.696168199993078,0.9085084499922913,17.411561074096493
SNaive,135,13,2,894.7810277777777,953.5378982081418,29.577255282828187,35.230398613241995,2.1519885064509783,30.457815422655376
SNaive,135,14,2,806.0684111111111,863.7750021997967,23.010022299795903,26.484273802049085,1.867308724398995,23.174419830089573
SNaive,136,11,9,238.11111111111111,292.80141165415625,2.3629694616585133,2.3446995694202872,0.8064336136198483,2.3493170207634457
SNaive,136,12,9,341.77777777777777,365.6125757623164,3.420170209482223,3.3624215886132696,1.1713560956434683,3.4130185130734367
SNaive,136,13,9,151.94444444444446,176.72781960467407,1.5410050331263272,1.5297647254716547,0.5165338919030287,1.5357920981110038
SNaive,136,14,9,152.22222222222223,188.87767940595253,1.5380326383795098,1.5303777162503591,0.5325736245550317,1.528608408462019
SNaive,136,15,9,318.72222222222223,329.1147216397346,3.134403739441639,3.187673405291816,1.1377994328932628,3.1360523021586664
SNaive,137,8,9,1226.977777777778,1296.3786389614554,16.51497727251307,15.12482268713365,0.6134611053243363,16.43837655624437
SNaive,137,9,9,345.58888888888873,435.6847101593842,4.791880392996795,4.637105961706714,0.17902975233536456,4.720453909061864
SNaive,137,10,9,278.78888888888883,372.3587621874605,3.9075643130092956,3.812096477854382,0.15424716061905416,3.886958912810264
SNaive,137,11,9,251.97222222222217,319.08210455060686,3.5443319008019647,3.4968174470913036,0.14772175418593356,3.5324061562233973
SNaive,137,12,9,524.3222222222224,587.4113058345254,7.972224820572071,7.584795455782974,0.3257861908349049,7.828379180947391
SNaive,138,7,6,2141.0555555555557,2328.8536879761255,25.952134151433064,30.40310263196448,7.630190066749633,26.934339728133626
SNaive,138,8,6,1832.8333333333333,1927.2502432221925,20.40780457484266,23.05019413717444,4.669811494931964,20.269224152761055
SNaive,138,9,6,301.6111111111111,385.19901061370575,3.450128601827914,3.360153925487561,0.6122923123423875,3.433641975308642
SNaive,138,10,6,136.05555555555554,162.1143286559074,1.5462295814288307,1.5388046467445409,0.2808987332092881,1.5447010886705101
SNaive,138,11,6,169.11111111111111,189.34917774078426,1.880625829739608,1.9029947298141823,0.36736664252956797,1.8888764783995433
SNaive,139,9,0,13.777777777777779,16.367311596254556,1.3510578049760418,1.3638571999702178,0.47575199508901167,1.355635727560949
SNaive,139,10,0,21.833333333333332,25.956159620063637,2.0897229357269476,2.120744577089278,0.7895089285714286,2.1087084831249667
SNaive,139,11,0,18.77777777777778,21.707653540219916,1.8001316498159128,1.81596304087258,0.6904761904761905,1.805169835505234
SNaive,139,12,0,23.38888888888889,28.652128096259176,2.3106901698724136,2.2786205505523753,0.8825995807127883,2.289412148567078
SNaive,139,13,0,27.77777777777778,30.027764929589193,2.7477073985353395,2.7120604462413542,1.0656849447781438,2.7421300866513105
SNaive,140,9,6,1696.5555555555557,1793.648640186936,20.449645013789837,23.100119149665847,4.710386357186047,20.472082000951943
SNaive,140,10,6,187.11111111111111,315.46808255528975,2.236131198354793,2.3103600537042306,0.426155295308524,2.241388489591652
SNaive,140,11,6,233.77777777777777,289.93390051297325,2.690251313400659,2.7368528447808735,0.5558683393005184,2.7359140735732024
SNaive,140,12,6,524.2777777777778,580.7127325776298,5.845653530477542,6.060097538227104,1.3003996141656333,5.896135054419133
SNaive,140,13,6,740.5555555555555,848.5558974582117,7.58933499146859,7.9799047196525255,1.8406055432817834,7.764219355214491
SNaive,141,10,4,1301.1739444444445,1672.4820666579658,37.98474026754439,33.187303980177276,2.12272219056285,34.3380319528254
SNaive,141,11,4,1432.948388888889,1714.194466865981,35.9808540547981,38.295234459716994,2.213052124469842,36.15025041544362
SNaive,141,12,4,1218.0463888888892,1471.1185684414315,31.757147400647455,30.64321308534017,1.732770891822201,29.46106617236382
SNaive,141,13,4,1184.7971111111115,1584.1377934496945,22.59165709875225,27.15934300768086,1.5974353799326715,25.051943522051495
SNaive,141,14,4,1074.9820555555555,1451.3203156008406,20.989599540473108,21.29472399287501,1.3979876819881614,22.082630153400153
SNaive,142,7,5,298.63500000000005,356.2175859639724,6.2491712115883,6.528717872681081,1.283432577513127,6.410910676025649
SNaive,142,8,5,519.6388888888889,541.336528305432,10.302308575536731,10.908619823770263,2.267896660139087,10.344687623834044
SNaive,142,9,5,407.99166666666656,445.62626942939016,7.55226388540936,7.904199055774629,1.6690757849521014,7.630880217775469
SNaive,142,10,5,326.345,356.1818555098568,5.880142256122809,6.084310255202005,1.3108502915499969,5.908448276070173
SNaive,142,11,5,297.1622222222221,340.0348445870413,5.065189998045531,5.235344843125245,1.1900090555611298,5.140683258824826
SNaive,143,11,9,403.0,447.30054524645703,3.9747842771144586,3.981071504952396,0.8989769493089921,3.9855609949067894
SNaive,143,12,9,253.94444444444446,276.48397582660897,2.5363281047797717,2.5040918146588558,0.56164361843383,2.5295930847089942
SNaive,143,13,9,99.44444444444444,116.94063071110533,0.987714217164232,0.9919919151024406,0.22508259125047156,0.9925861026855276
SNaive,143,14,9,104.33333333333333,131.16994913300667,1.0468421825498386,1.038372973453166,0.2463347724410865,1.0442964066861662
SNaive,143,15,9,142.61111111111111,162.15133534928276,1.4088646750392266,1.421753151389377,0.35047342824038197,1.4131882893099765
SNaive,144,9,8,939.4444444444445,1057.5942301069704,9.140013477924182,9.667428993674193,2.6688762626262625,9.271341630571852
SNaive,144,10,8,495.55555555555554,637.8174590830131,4.760197554647,4.9010074594878965,1.3230059327620303,4.8346883468834685
SNaive,144,11,8,787.7777777777778,844.3011574340311,8.229637942917943,7.853269451779942,1.9799701478164573,8.141003559536113
SNaive,144,12,8,285.55555555555554,351.37823874945167,2.9070180526257943,2.911667593072513,0.6879074385874022,2.9102026950515234
SNaive,144,13,8,326.1111111111111,386.8749439059374,3.2868502140447577,3.352994181170331,0.7895573489850819,3.295901179112858
SNaive,145,10,3,313.17370043833336,362.92427608120727,12.559793322689053,13.673827624926782,2.828680717209555,13.06761952616394
SNaive,145,11,3,537.2834312222221,574.0708556554999,18.9841873918314,21.232721108584624,4.600167531958218,19.259630221426683
SNaive,145,12,3,434.88378855555555,450.9876203932801,13.981454225691786,15.110933142147868,3.2216893005039964,14.040866237540811
SNaive,145,13,3,278.1021825555556,307.8029352737008,8.319879761093553,8.761718874102916,1.8707116661952887,8.406439487324906
SNaive,145,14,3,362.21089972222234,388.6325026544393,9.978180983557358,10.576588393801764,2.3935994305196653,10.090380108784725
SNaive,146,9,7,1299.5,1414.5881025938256,15.381855334531636,16.896652353803514,4.126182764971106,15.6177389632241
SNaive,146,10,7,1471.388888888889,1617.8264740076422,15.000029448053429,16.45776267821261,3.877745241581259,15.414118016796355
SNaive,146,11,7,1598.4444444444443,1722.3130764565813,15.007333389222236,16.441897925411933,3.7399563426430182,15.029173479035315
SNaive,146,12,7,607.0,667.6546013221707,5.56053590856273,5.736195128801377,1.2632108931828099,5.575599226376677
SNaive,146,13,7,286.8333333333333,332.40428864729034,2.680109508792662,2.650484533936712,0.5921735866369153,2.663880504604907
SNaive,147,7,9,1824.5,1915.5962370325676,16.675571983226966,18.329419744273988,3.5090823055318117,16.867670375489414
SNaive,147,8,9,1164.5500000000002,1225.567781569923,10.064972800210665,10.659642743603865,1.9400544202576635,10.078175707836321
SNaive,147,9,9,619.7500000000002,806.7582534095607,4.974683386666731,5.18769981883239,0.9798625530972989,5.12617028140058
SNaive,147,10,9,1845.3388888888892,1984.216778451611,13.360796043101228,14.450603148404518,3.0461965963942284,13.601884012510945
SNaive,147,11,9,1557.6888888888886,1598.5364490335803,10.702936416103727,11.344450244835246,2.3633677441594747,10.693402206231205
SNaive,148,12,6,393.3388888888889,482.6103310815742,7.595582669798302,8.026468538200492,0.39201804100556525,7.6499774177585005
SNaive,148,13,6,243.96666666666664,279.4399359035458,4.623548164518128,4.747109324162404,0.2523783873308718,4.663694465035566
SNaive,148,14,6,304.5000000000001,374.83644433272497,5.66245310197693,5.695367999134797,0.32827390914187277,5.736113654797103
SNaive,148,15,6,1098.4055555555558,1177.7411225166024,17.28634621202448,19.14859428355911,1.2322843711524707,17.664775519320976
SNaive,148,16,6,1375.3277777777776,1461.0559836030313,18.632596140918864,20.772535080765444,1.542964249636465,18.897056578425083
SNaive,149,9,6,303.93629191960554,379.8494645398458,4.996102267611285,5.154566692929094,0.768964396848031,5.095024072999613
SNaive,149,10,6,358.96083665300546,486.9026969449157,5.796648659791806,5.965147400477341,0.9149245816849437,5.94448034040758
SNaive,149,11,6,372.23603613859444,528.2737765602978,5.736425746516227,5.948608346463022,0.9545362682587784,6.023130889931806
SNaive,149,12,6,992.9594945819667,1106.665820602508,13.931252094163115,15.204783070969341,2.6209095903114177,14.27824351940768
SNaive,149,13,6,775.0721930630999,883.7301488542862,10.40572877322908,11.023962622036189,1.8632460057496407,10.424040476084667
SNaive,150,15,0,29.62222222222222,32.528893139621104,2.879274721906851,2.8301062339336864,1.9523017852194908,2.8719628131446693
SNaive,150,16,0,3.9722222222222223,4.657908448124685,0.38465284413963774,0.38412154273960136,0.2532352540525814,0.3851333153784003
SNaive,150,17,0,11.694444444444445,12.692933292015514,1.1206615377642413,1.1280521300646296,0.7714965092475886,1.1233736431460866
SNaive,150,18,0,12.57777777777777,13.647425479636157,1.1969698794018588,1.2054691434523737,0.8419122734191222,1.1973451093423588
SNaive,150,19,0,10.344444444444447,11.896544783161945,0.9755310519385435,0.9817425729702343,0.7040939800342848,0.9787739568330199
SNaive,151,16,7,459.1666666666667,475.16295450438196,7.9807676746228395,7.655013289873902,1.798242677824268,7.9794166771256725
SNaive,151,17,7,151.05555555555554,185.50905937746305,2.673599585675508,2.6213348606732056,0.5749689251986981,2.6735759446995546
SNaive,151,18,7,109.38888888888889,111.73356205227186,1.964430173514053,1.9445002812878347,0.42785096695622293,1.9635805177709524
SNaive,151,19,7,23.666666666666668,37.51888413408196,0.4253013948281419,0.4231763731602297,0.09511759452217923,0.4251836473969978
SNaive,151,20,7,5.722222222222222,6.67915496983796,0.10277088126360194,0.10284180638616264,0.023923539557110594,0.10276364361967476
SNaive,152,14,3,301.92055555555555,369.69067390485003,14.784576329190052,15.728142248123833,0.6567739652121369,14.804732331871264
SNaive,152,15,3,276.35333333333335,334.69838827085965,15.740293153889167,14.157615530140289,0.6101902735671747,14.841357548793328
SNaive,152,16,3,453.44,508.29080104033187,20.233488866205747,21.901067872504854,1.0287529304998864,20.524055021703607
SNaive,152,17,3,1333.3849999999998,1456.5589421666243,38.392987512702625,48.91319695832148,3.0197436631569636,40.022595214650366
SNaive,152,18,3,1343.9783333333335,1630.3197340382176,29.892797278832063,37.57892031558336,2.8535118968607094,31.478113302215576
SNaive,153,13,4,20.555555555555557,24.38123139721299,0.8419243208121763,0.8379608725654346,0.2014851485148515,0.8401453224341506
SNaive,153,14,4,59.44444444444444,70.35623639735144,2.511831873562658,2.4688394146611268,0.6116282867875225,2.4837511606313836
SNaive,153,15,4,108.33333333333333,112.42281302693368,4.6789683018227475,4.563880414726253,1.1523718255869668,4.672897196261682
SNaive,153,16,4,70.0,81.17197107923947,3.1208800698589,3.0561640902910296,0.7462414578587699,3.0927835051546393
SNaive,153,17,4,111.66666666666667,117.21300648344828,5.15139607191359,5.008439022573962,1.2230632235084595,5.1262433052792655
SNaive,154,13,0,27.666666666666668,37.684361625362726,2.5119625052424768,2.4564323465155895,0.5554654228351247,2.460960664162878
SNaive,154,14,0,36.0,48.173298274735835,3.123450061166087,3.211675099911085,0.7354085603112841,3.1529778123783574
SNaive,154,15,0,23.11111111111111,28.26069119230219,2.0570798987407968,2.033068682904354,0.48026459483915257,2.0475463897228923
SNaive,154,16,0,31.11111111111111,35.01110934800236,2.700929673732236,2.7225345871583824,0.6682577565632458,2.710420599196554
SNaive,154,17,0,67.16666666666667,71.74608003229166,5.590463589817278,5.7740702113496685,1.4706720071206054,5.6094279218670255
SNaive,155,15,6,46.111111111111114,54.822947344661756,0.7938760162441046,0.7900171873071798,0.5407642190526502,0.7904009141986478
SNaive,155,16,6,25.555555555555557,29.249881291307073,0.43905154837188864,0.4383910861045056,0.30808861411643484,0.43842927945101035
SNaive,155,17,6,19.444444444444443,27.78888666755511,0.33404835483654527,0.33403889187535535,0.2426856079824116,0.33371472158657517
SNaive,155,18,6,42.22222222222222,52.59911279353167,0.7157616428929089,0.7193472096873788,0.54385089033117,0.720515737580584
SNaive,155,19,6,84.44444444444444,93.57112565078799,1.4208892491811682,1.43333094909148,1.1165523996082272,1.4257574336366194
SNaive,156,14,8,468.8888888888889,552.6099689453473,4.7673738407811035,4.713068239114427,0.8765838748924301,4.763786194050912
SNaive,156,15,8,660.5555555555555,791.6684210506877,6.288703576389308,6.577857627590062,1.2356195933041232,6.381836723740003
SNaive,156,16,8,848.3333333333334,971.2506256254242,7.601724015640602,7.964587689153929,1.5855431309904156,7.767829891138469
SNaive,156,17,8,923.8888888888889,1088.6306383097376,7.980687802939112,8.40558794068854,1.7200988925048564,8.09915745385477
SNaive,156,18,8,950.0,1145.939692033476,7.565025630286662,7.986302446394457,1.7402726498153933,7.805724197745014
SNaive,157,20,1,54.86129999999995,66.85408477451298,2.0843253775497725,2.061929649553839,0.5026014518261501,2.078219186739545
SNaive,157,21,1,43.87674444444441,58.53958041401467,1.6502891603023935,1.65183624735531,0.41084148787198493,1.667950788117704
SNaive,157,22,1,148.25694444444446,164.5795438734413,5.310652934203109,5.484983086796646,1.423908254039749,5.381276938799899
SNaive,157,23,1,101.557511111111,119.65556035170741,3.6751492614481336,3.743652770802139,0.9613006793468114,3.6801018996567785
SNaive,157,24,1,45.41917222222216,67.15201738078639,1.685055973295276,1.660992055036152,0.4299507423775699,1.6500525897749263
SNaive,158,15,5,146.66666666666666,173.01252363147972,3.0143801962785672,2.952447219373789,1.5999999999999999,3.008889901983132
SNaive,158,16,5,24.444444444444443,30.912061651652344,0.499610621805273,0.50090551607356,0.2632305568338702,0.4997160704145372
SNaive,158,17,5,33.333333333333336,36.05551275463989,0.6798530500969313,0.6816370181282878,0.37188208616780044,0.6799637352674524
SNaive,158,18,5,20.555555555555557,25.92724864350674,0.41908342066364673,0.41902082767572907,0.23643929261405858,0.41855203619909503
SNaive,158,19,5,49.44444444444444,69.16164640415477,0.9938406424370723,1.0032566593818384,0.5881057268722467,0.9995507637017071
SNaive,159,36,6,3965.711111111111,4203.006127893595,61.0420376086477,45.06318967382385,6.349295628754921,56.07539480227089
SNaive,159,37,6,1446.5666666666666,1913.0924726444587,22.622619384248576,19.0079269750627,2.091997974155605,21.40413957055593
SNaive,159,38,6,2354.2944444444447,2417.227164312219,27.79836189704386,32.5055555940408,3.292862843562807,27.972646052192975
SNaive,159,39,6,1501.2055555555553,1936.4335497965783,25.642385013999895,20.90093816071924,1.9992365480657008,20.295017818986135
SNaive,159,40,6,2828.1944444444443,2982.012684506147,54.58424220302419,41.81856248112962,3.750174957825956,50.94402686726382
SNaive,160,19,0,29.37222222222225,33.447064312299695,2.8534113975074784,2.8347045584177466,0.39073046717184196,2.840121619734201
SNaive,160,20,0,46.97777777777779,56.458952641129784,4.348999887758052,4.485479804183313,0.6403242931463107,4.397547441611326
SNaive,160,21,0,28.416666666666693,33.475090241352106,2.674315233394713,2.663707875865185,0.393051210274988,2.6708090750071825
SNaive,160,22,0,19.488888888888873,24.35083845236818,1.837998291958588,1.8291337823694271,0.2750801448372885,1.8365626750571948
SNaive,160,23,0,42.35555555555555,51.035760882824995,4.226596164147889,4.100436353648202,0.6134153098789328,4.146114648988759
SNaive,161,16,0,132.27777777777777,145.3939514254672,11.049838617809609,10.546571116485563,1.708260668005916,11.023199181477692
SNaive,161,17,0,115.06666666666666,124.72263895005855,10.678880949966045,10.059269749971875,1.4537722767192234,10.399574215964892
SNaive,161,18,0,68.9388888888889,78.72780463230397,6.026423518661095,6.034859532732839,0.852537463191885,6.034654645016024
SNaive,161,19,0,191.92222222222225,201.0159197675647,14.724616037134341,15.991180236561755,2.387323262338811,14.892571389157125
SNaive,161,20,0,143.61111111111106,146.38319575689005,10.330937367661834,10.915415490230613,1.7204415273618097,10.347657266377116
SNaive,162,35,7,632.2222222222222,751.2729937320462,5.402713540588807,5.611048920502641,1.6702119548642878,5.5095618494311305
SNaive,162,36,7,1336.111111111111,1421.632473211304,10.527795759233943,11.186087255003395,3.5284231247794677,10.649132128940844
SNaive,162,37,7,809.4444444444445,876.3846187605075,6.297585392711552,6.488319210415433,2.0387126865671643,6.3257065948856
SNaive,162,38,7,715.0,834.5025131444748,5.252909675675324,5.426773897449235,1.7663078525720521,5.340692173624367
SNaive,162,39,7,678.8888888888889,833.8398460669105,4.986279371719516,5.107198766399631,1.6627447213818054,5.072854830005396
SNaive,163,35,4,157.55211111111106,177.62089190819992,15.915650213340015,17.674280655657107,0.299845073093126,16.032367366415837
SNaive,163,36,4,79.0050277777778,89.54680156125995,7.529715155306277,7.908062614512482,0.1531166633606691,7.610930589578007
SNaive,163,37,4,76.52637222222224,90.74902151674205,8.073004106102582,7.6951855237087035,0.1514968953936902,7.840828296293672
SNaive,163,38,4,113.25649444444444,130.76770490632322,12.77797566525474,11.766538822524621,0.2290524315650688,12.529020365579843
SNaive,163,39,4,51.184277777777794,58.402685155459935,5.949361355945768,5.729743732324277,0.10558557806428448,5.85368985833811
SNaive,164,15,3,62.77777777777778,79.47746011710909,2.664891376223697,2.6125250525151387,0.6035801934459362,2.660075329566855
SNaive,164,16,3,73.88888888888889,83.29999333066533,3.02714628366549,3.0860167387316633,0.7261654766904662,3.0504587155963305
SNaive,164,17,3,121.11111111111111,138.72434697789873,4.758081522811185,4.909415106086849,1.2185412406271303,4.812362030905077
SNaive,164,18,3,132.77777777777777,137.53787357185172,5.087128396679322,5.22971089462472,1.3497504596795376,5.093776641091219
SNaive,164,19,3,133.33333333333334,151.5842266786943,5.461319246590326,5.2832307079580785,1.338289962825279,5.357142857142857
SNaive,165,15,7,202.22222222222223,241.06246309019392,3.8207472776194287,3.720929272025971,0.7235025517056138,3.779854620976116
SNaive,165,16,7,397.22222222222223,415.4582476682291,6.984924282697041,7.260346585630645,1.4297800338409477,7.0242656449553005
SNaive,165,17,7,181.66666666666666,207.75252371779052,3.1565808782516998,3.2226154394752897,0.6489979668893406,3.1649245063879206
SNaive,165,18,7,183.88888888888889,210.2247474595806,3.3288556635554594,3.257586856521448,0.669158439116126,3.2961561441943834
SNaive,165,19,7,217.22222222222223,231.52873591750023,3.7960939128670073,3.823634634837432,0.8091887417218543,3.795747985632463
SNaive,166,14,7,566.6666666666666,704.7458170621992,8.57536272714555,8.577476465811495,1.346153846153846,8.48585690515807
SNaive,166,15,7,527.7777777777778,709.0682462060882,7.703600479082794,8.017134497392654,1.2398589065255734,8.016877637130802
SNaive,166,16,7,683.3333333333334,883.4905520465715,11.235977580097568,10.297892241196099,1.5831683168316832,10.789473684210527
SNaive,166,17,7,277.77777777777777,380.05847503304597,4.299459863868044,4.335747166976725,0.6333024405313562,4.3478260869565215
SNaive,166,18,7,450.0,612.3724356957945,6.5656732742316395,6.9088927928355135,1.0506787330316743,6.7782426778242675
SNaive,167,15,1,160.44055555555553,204.6865780081016,7.948900721517475,8.37140601732295,0.8353304011318539,8.134704736580437
SNaive,167,16,1,219.935,306.13462284680503,9.636042527647962,10.502306954234081,1.1631417816064418,10.281831413317763
SNaive,167,17,1,1061.5816666666667,1226.860424337486,31.393218006783556,39.00145362443492,5.718148281308914,34.38738229341714
SNaive,167,18,1,798.8472222222224,956.33918780304,26.36844673142957,27.425797947163716,3.725792743912235,27.776988983473377
SNaive,167,19,1,918.6094444444445,1031.9153536210658,38.928864438103304,31.33024142847598,3.6339352810372922,38.80606647759969
SNaive,168,16,8,3494.4444444444443,3620.236333599108,20.994324858568728,23.628795605358594,3.341642827952595,21.107382550335572
SNaive,168,17,8,2044.4444444444443,2135.415650406262,11.170492856379429,11.887913734830423,1.7942680461410392,11.271056661562023
SNaive,168,18,8,1083.3333333333333,1264.691442386025,6.263280743015214,6.2030353470640645,0.9288800265869059,6.130147752279157
SNaive,168,19,8,2911.1111111111113,3010.1679539705274,18.75660356607452,17.035009551878215,2.5135913015669975,18.627799502310697
SNaive,168,20,8,861.1111111111111,934.8202441586772,5.686021305992579,5.550563243785878,0.7036607746546893,5.64868804664723
SNaive,169,15,4,81.66666666666667,92.46621004453465,3.011264662368617,2.9541978282501713,1.80938123752495,2.999387880024485
SNaive,169,16,4,28.333333333333332,34.23773097362356,1.036227647054161,1.0343965527651693,0.6144578313253012,1.0410287813839558
SNaive,169,17,4,49.44444444444444,55.4276304943863,1.7902064726906253,1.8105240013279733,1.0957957957957958,1.7939931465430357
SNaive,169,18,4,36.666666666666664,44.47221354708778,1.3439066752117934,1.3345127942304853,0.8051063829787234,1.3376570733684636
SNaive,169,19,4,100.55555555555556,119.93053545004014,3.49866087872785,3.581492702402435,2.2327302631578947,3.553897506381307
SNaive,170,16,7,10586.666666666666,13788.05441113591,70.88998699155364,70.06385537607017,6.671011175440958,74.61821599185528
SNaive,170,17,7,13890.555555555555,15734.45493883478,204.06263489293775,90.35840348617089,6.121050903119868,199.3541699888375
SNaive,170,18,7,631.1111111111111,1415.3876579305834,9.48559877500401,8.181591877497485,0.23289565275433627,9.494358545758462
SNaive,170,19,7,471.6666666666667,602.8681447878964,7.106945704169641,6.83542444204545,0.17966986455981943,7.180918548591728
SNaive,170,20,7,509.44444444444446,546.4481270491789,7.328521729628526,7.652230098506656,0.2012965479876884,7.3743466023321265
SNaive,171,15,5,85.0,99.02300518341966,2.154568312894587,2.1297220017491325,0.8581173260572988,2.141957160856783
SNaive,171,16,5,50.0,67.82329983125268,1.2431651479691281,1.2564457697721465,0.5075921908893709,1.2559307842590008
SNaive,171,17,5,206.11111111111111,231.16852919220835,5.487188653577489,5.302292826853555,2.128603414497621,5.416849175062053
SNaive,171,18,5,232.22222222222223,247.61080572364185,6.391872131621821,6.166741353397688,2.3403645833333333,6.3622526636225265
SNaive,171,19,5,103.88888888888889,107.21214690716927,2.9025833278374065,2.8584343643227696,1.0089928057553956,2.9028252095622475
SNaive,172,15,9,572.9772222222222,671.2900448183498,7.072642442704853,6.81645931879622,1.157720008705893,7.104462412118045
SNaive,172,16,9,147.38499999999996,198.20679979085818,1.8441229997959516,1.8268958536634308,0.2983643984583508,1.8363684050190034
SNaive,172,17,9,233.46111111111097,277.8875013782054,2.8226552954467903,2.8659153038318905,0.48980553877804717,2.8426703743662176
SNaive,172,18,9,296.89499999999975,322.5397293271703,3.5791833319742423,3.628206337894177,0.6403234465206114,3.606244288599951
SNaive,172,19,9,413.0911111111111,463.14949803852033,4.790592436330181,4.910727225932285,0.9049494955477722,4.814882878584609
SNaive,173,14,0,108.33333333333333,157.46251758575576,10.553568404066992,9.683854534928416,0.7310411311053984,10.241596638655462
SNaive,173,15,0,89.44444444444444,115.97413504743201,8.601137626983384,8.25607603542795,0.6228565453785028,8.451443569553806
SNaive,173,16,0,115.0,130.87313619600386,10.147270115440211,10.75067278069455,0.8154545454545454,10.31390134529148
SNaive,173,17,0,116.66666666666667,167.4979270186815,12.362176473620199,10.919235988582923,0.8323665893271462,11.105235325224749
SNaive,173,18,0,118.33333333333333,167.04956017767768,10.495649845227724,11.142036785810747,0.8489988876529477,10.990712074303406
SNaive,174,16,7,1594.6888888888889,2142.345759779323,12.640633533063989,13.02605605489796,1.2059257430366122,13.349641893777322
SNaive,174,17,7,2216.1388888888887,2545.583163594891,16.60771232538617,18.306895923543184,1.7049344060538696,17.24087258726975
SNaive,174,18,7,4174.038888888888,4574.317143149468,46.89669040455271,36.06457655151744,3.0633352638557643,43.2438576992654
SNaive,174,19,7,3850.472222222222,4063.5433595570257,58.24287521867901,43.5938634749823,2.6607781828102817,55.46681242592327
SNaive,174,20,7,2744.55,2928.522695736614,60.26574699219337,44.23902507302963,1.8139218813938522,55.89480865815756
SNaive,175,20,3,446.13277777777773,550.1349193859428,30.488086325297164,24.621673594176173,1.8049713232435642,26.08539025974005
SNaive,175,21,3,806.0116666666667,1021.435704070501,32.02244984325387,41.13056439099548,3.1183252581295187,34.87616711951982
SNaive,175,22,3,1019.4094444444444,1171.9530014917643,30.305302646701932,37.176324609058234,3.7665884705954515,32.790182979076995
SNaive,175,23,3,789.3577777777778,949.9601719078075,21.748504845760305,25.732065398231118,2.72459123749815,21.883442549502284
SNaive,175,24,3,592.5794444444444,669.9900349134556,14.882974222820025,16.14439265747857,1.9592708318304506,15.007516118429939
SNaive,176,15,5,364.44444444444446,392.7820996147581,8.137201427947698,7.766405207274728,2.6388345292454884,8.068880688806889
SNaive,176,16,5,211.66666666666666,218.9748844045819,4.824776016951795,4.7032600258100326,1.4632200886262925,4.820344129554656
SNaive,176,17,5,75.55555555555556,81.10350040397626,1.695229340360647,1.7119347975319739,0.5110439006507195,1.6970301971549788
SNaive,176,18,5,55.55555555555556,60.0,1.2598933311963112,1.2555031432716113,0.38561563985292796,1.2588116817724069
SNaive,176,19,5,122.77777777777777,133.35416503931677,2.8446448710285392,2.7975471922195787,0.876984126984127,2.8369704749679077
SNaive,177,16,1,261.2722222222222,321.61420556657976,12.689124661716217,13.857792096711474,1.1781969478270755,13.33422173328721
SNaive,177,17,1,253.3444444444445,291.00609195608865,13.707098037768905,13.582020946336742,1.1382544729746435,13.79892578863757
SNaive,177,18,1,476.2722222222222,504.0480990055524,32.008708156624955,27.13716747403484,2.109580864709393,31.370274552566773
SNaive,177,19,1,164.2555555555556,205.95179047534404,9.798061139296978,10.277440223041706,0.6956433081055646,10.18375957978128
SNaive,177,20,1,188.67222222222222,231.87675725599485,12.043951487215963,11.645414587484398,0.8061412852163803,12.10532319120572
SNaive,178,15,8,203.88888888888889,223.4949663862701,2.3428152385840657,2.3101159288779276,1.3846232283063118,2.3328248156623443
SNaive,178,16,8,87.22222222222223,106.58851303546321,0.9844617895632766,0.9916557018943358,0.5851490825688074,0.9891633064516129
SNaive,178,17,8,163.33333333333334,176.94945919982663,1.8308946379045798,1.8508783315298247,1.132468996617813,1.828813137596417
SNaive,178,18,8,158.33333333333334,184.01388836474032,1.7402345074479402,1.7608790319806649,1.1016720604099246,1.746644603787461
SNaive,178,19,8,296.6666666666667,328.21063697299974,3.1698009536050225,3.2319648349088244,2.0881126173096978,3.190345322021747
SNaive,179,16,8,3449.277777777778,3788.508288964874,19.421173344121843,22.011907824621233,4.026052863919552,18.791408016319565
SNaive,179,17,8,1956.388888888889,2311.920305719901,13.04433861446107,12.019788992565918,2.069674099239541,11.311039947580245
SNaive,179,18,8,2598.8888888888887,3285.849256027022,17.78416865953093,15.44673478108355,2.7260296435429683,15.83996153442432
SNaive,179,19,8,4502.944444444444,4824.131004071556,23.560050553249912,27.292589055771927,4.187948661421662,23.288080564294848
SNaive,179,20,8,1269.4444444444443,1400.1328905182934,6.447892167857135,6.692348463668997,1.0742636849960188,6.376429813227813
SNaive,180,16,6,1586.0444444444443,2125.414924458542,21.870885117744024,20.806029813462118,1.3028508761921944,21.85371708695695
SNaive,180,17,6,2503.8222222222225,2820.538434412834,27.852689127759454,33.413398291972044,2.077666617081178,29.333741209243602
SNaive,180,18,6,3171.588888888889,3509.718807508342,55.77161196231268,40.858404671407996,2.4652870233204096,50.84109386285125
SNaive,180,19,6,2661.1944444444443,2804.714379892858,65.6015885866896,47.54574904684106,1.9797526006687138,61.522130576954204
SNaive,180,20,6,1842.622222222222,2031.6634572028245,66.91887086439192,46.90294276586114,1.339253733369279,61.34712419171068
SNaive,181,29,8,2300.5555555555557,2699.877569240666,26.97844847516938,22.967323952030405,1.985431880209486,24.43500324541217
SNaive,181,30,8,2750.0,3098.931715571961,35.45069331961973,28.977034983946936,2.3215523215523217,35.1063829787234
SNaive,181,31,8,481.6666666666667,683.353658234316,6.7127836880642375,6.351693253698114,0.394371489597342,6.3549072784578176
SNaive,181,32,8,491.6666666666667,677.1960162644524,6.459572181749075,6.387932504481151,0.4095539782170861,6.39266108061254
SNaive,181,33,8,1541.6666666666667,1710.8201412058356,16.713411934371067,18.576257532506563,1.306547734220812,17.187983895943017
SNaive,182,43,0,218.77777777777777,276.4400678467416,12.050256266494234,11.08573225260599,2.147559152080218,12.013056343613679
SNaive,182,44,0,362.94444444444446,407.77042833219554,16.278013212868846,17.98694731238364,3.5143345734169116,16.96486535615051
SNaive,182,45,0,442.77777777777777,541.062021501335,17.6303691355609,20.23570841104027,4.122618971438323,18.23631704191836
SNaive,182,46,0,232.38888888888889,265.9514366696797,8.88913761697939,9.431860657450923,2.099484402804605,9.11825613079019
SNaive,182,47,0,324.05555555555554,357.43227796791564,14.35186971998429,13.187687147818666,2.8321387194315846,13.98633257403189
SNaive,183,12,6,2270.2505555555563,2610.5896743913795,20.966319405015668,24.147216223209483,4.211817654600381,21.88734659458744
SNaive,183,13,6,1776.2194444444442,2313.5925159598773,14.686574487126562,16.41134675322271,2.929195695934932,15.856730751824562
SNaive,183,14,6,2143.237777777778,2500.027389847737,20.3430152674515,19.509297141047778,3.310599438911372,19.5586593031301
SNaive,183,15,6,2885.3466666666664,3628.9139245203623,32.501281258714855,25.908680373941902,3.9917157872407576,31.91993306285265
SNaive,183,16,6,869.7438888888888,1108.672989426248,9.601455578069967,9.405001518675974,1.048628102048709,9.694619957452483
SNaive,184,16,5,474.2727777777779,560.6486354958276,11.929711865667894,12.92391868381573,2.96859114482189,12.609963527175594
SNaive,184,17,5,856.7944444444444,908.3585698206775,19.77445782106939,22.2460133514735,5.110568194557024,19.816988747505093
SNaive,184,18,5,411.3805555555556,436.4451571694509,8.82986006200309,9.28719197744191,2.1455892108870906,8.886234098508991
SNaive,184,19,5,445.74833333333333,482.9728070847606,8.856095953176602,9.333571780920764,2.263298036389677,8.959218236473998
SNaive,184,20,5,680.2977777777777,775.9762566456384,11.983726273872836,12.955902690929053,3.3681797411508687,12.3246010222727
SNaive,185,21,3,172.27777777777777,194.61885828459688,5.2205293015287095,5.392921109990774,1.9781935114305058,5.232077477264674
SNaive,185,22,3,53.0,65.33078226311936,1.6263246738698234,1.6179827626417522,0.5926765092822687,1.621263361827235
SNaive,185,23,3,69.72222222222223,88.95972871661274,2.170866051346067,2.1389117861480003,0.7898987020081466,2.160106025921272
SNaive,185,24,3,61.27777777777778,74.87359718589428,1.9086704423568353,1.8960201452755443,0.7057188059840395,1.9021504820045874
SNaive,185,25,3,116.16666666666667,132.93001500371875,3.475606639053345,3.5551731724149658,1.3516023678301694,3.504625905068383
SNaive,186,13,0,27.666666666666668,37.684361625362726,2.5119625052424768,2.4564323465155895,0.5554654228351247,2.460960664162878
SNaive,186,14,0,36.0,48.173298274735835,3.123450061166087,3.211675099911085,0.7354085603112841,3.1529778123783574
SNaive,186,15,0,23.11111111111111,28.26069119230219,2.0570798987407968,2.033068682904354,0.48026459483915257,2.0475463897228923
SNaive,186,16,0,31.11111111111111,35.01110934800236,2.700929673732236,2.7225345871583824,0.6682577565632458,2.710420599196554
SNaive,186,17,0,67.16666666666667,71.74608003229166,5.590463589817278,5.7740702113496685,1.4706720071206054,5.6094279218670255
SNaive,187,15,4,106.11111111111111,123.62577940435132,2.684428609591677,2.7343273744258187,0.7391486246208556,2.6844694307800423
SNaive,187,16,4,33.333333333333336,42.68749491621899,0.8502160416755293,0.8494544503674067,0.2375875723423698,0.8460236886632826
SNaive,187,17,4,118.33333333333333,127.51906175592381,2.922552375863781,2.9538609931609385,0.8781297134238311,2.935501653803749
SNaive,187,18,4,338.8888888888889,368.43512922147426,7.8052899337067645,8.177924376652497,2.535769528228925,7.884192839601913
SNaive,187,19,4,316.6666666666667,344.3512418705322,7.00270266303134,7.303851925395567,2.287931495852288,7.024029574861368
SNaive,188,14,2,19.649999999999977,23.496016210791478,1.0044395033428637,1.0016669716515483,0.34583762854197525,1.0028637046698219
SNaive,188,15,2,32.94444444444447,37.59426670236953,1.7105468195819282,1.691698362258849,0.6021461112025912,1.702716593877687
SNaive,188,16,2,54.37777777777782,65.00629884010388,2.710735441933571,2.759096053242867,1.0135087775193559,2.744165704096626
SNaive,188,17,2,143.89444444444445,152.6389403498043,6.824706419217417,7.094491641777753,2.7235331984314444,6.872789316011388
SNaive,188,18,2,158.16666666666669,169.83201504231567,7.098361127993938,7.398068015185692,2.8519610857957565,7.148470749522305
SNaive,189,20,4,386.3113333333333,439.48756142630975,7.827278406748324,7.669835206093022,1.9214435369866227,7.831861597605588
SNaive,189,21,4,402.74405555555546,454.245575748833,8.498651607324467,8.064203240304789,1.9086506808019115,8.510337145336631
SNaive,189,22,4,285.24049999999994,336.89269105400774,5.647066809876931,5.872760653636847,1.3104139782866975,5.750635085808279
SNaive,189,23,4,505.4944444444445,523.8847623961675,9.389337542892028,9.884582740700234,2.337391400612056,9.440666182395324
SNaive,189,24,4,191.68083333333323,214.47563002549575,3.519805527548697,3.596199387628186,0.8543208815734588,3.5319323844834556
SNaive,190,13,0,217.22222222222223,269.04150856946467,21.203884847116626,18.87462171765112,1.702018203403245,20.460491889063317
SNaive,190,14,0,145.0,189.8098463667725,14.029862046276332,13.167473779839634,1.090616045845272,13.816834303864479
SNaive,190,15,0,151.66666666666666,187.03832049431298,13.907285745223877,14.642744485402753,1.1378844204123013,14.079422382671481
SNaive,190,16,0,183.33333333333334,226.3723579513286,19.56205286816974,17.34996048918326,1.3593155893536124,18.70748299319728
SNaive,190,17,0,136.66666666666666,164.9915822768611,15.062399851070236,14.263552573193625,0.997330169089291,14.521841794569069
SNaive,191,24,8,1400.5555555555557,1734.8342860342598,45.18641819260781,28.936681235309536,0.9612998051817495,23.76956439751084
SNaive,191,25,8,1760.0,2147.5334688893677,44.907223941873006,37.693115340998055,1.210473394200217,31.319822046465646
SNaive,191,26,8,1256.6666666666667,1708.5016177275859,29.03138109519905,30.288763498795102,0.8520753126855524,20.140682040779982
SNaive,191,27,8,881.1111111111111,1181.8958404943212,27.45506186712999,18.539074292828605,0.6001426754753264,14.284427632171484
SNaive,191,28,8,1164.4444444444443,1518.6543751331674,22.117633865173676,25.7574575804984,0.8018946984878849,18.6046511627907
SNaive,192,15,8,262.22222222222223,295.72885479025473,3.077244072831845,3.018528151343545,1.000572934570872,3.0729166666666665
SNaive,192,16,8,405.0,464.7878847149286,4.51026680513856,4.646356337105193,1.537226277372263,4.562523469770935
SNaive,192,17,8,613.3333333333334,646.3830993390152,6.53333385826112,6.776343561321424,2.322302601200554,6.572993569897595
SNaive,192,18,8,443.3333333333333,466.0352871713567,4.57435406750253,4.6919955405163085,1.6146245059288538,4.595979957380638
SNaive,192,19,8,347.22222222222223,381.7285248270905,3.484491727197883,3.5589063799322784,1.2476710141070002,3.5012044143185252
SNaive,193,19,2,220.9672222222222,235.86269394383768,11.171606065486372,11.916737545132387,0.8428936435939692,11.31035286824527
SNaive,193,20,2,168.5244444444444,176.20750983491658,8.180078322741394,8.563771609854266,0.6532781281559232,8.18335391689206
SNaive,193,21,2,21.40388888888881,26.130266720584494,1.0316270672549765,1.0396273175696924,0.08445940398908533,1.0325992275674234
SNaive,193,22,2,8.52555555555552,10.09890313075849,0.412033678206102,0.41190882827692565,0.034918614873438246,0.41114060842701444
SNaive,193,23,2,51.660555555555476,62.64509801696815,2.581127818254752,2.532716517855434,0.21963256281715146,2.548935761961538
SNaive,194,15,6,26.944444444444443,31.51102099971444,0.5864271794794377,0.5879332481955549,0.15987349102409906,0.5876152513418225
SNaive,194,16,6,73.77777777777777,83.43460513080488,1.5796725686578517,1.595640278980574,0.45806468730929445,1.5879658969974528
SNaive,194,17,6,99.88888888888889,105.80275148701107,2.112780270234672,2.138065491757167,0.6413495502079309,2.1169877078133092
SNaive,194,18,6,112.05555555555556,126.55060472220413,2.3174511759126,2.3520319507350758,0.7361938714879891,2.329045518579248
SNaive,194,19,6,157.61111111111111,174.03112748394562,3.182517725133554,3.245172625113277,1.0582398726779896,3.197988998106231
SNaive,195,43,6,546.1853499007509,644.355248597608,5.231935398063698,5.42599416511299,1.972990815732372,5.3124050593504375
SNaive,195,44,6,348.51546804393536,473.69310806277804,3.3570249550982383,3.417739614158298,1.2483382792552566,3.4240883158702355
SNaive,195,45,6,630.6125091246006,731.2504115561629,6.397284579751533,6.152806374887073,2.2421463748832915,6.373040087259948
SNaive,195,46,6,861.7638962254275,938.3088439872482,8.01164556236545,8.405023965504203,2.985872313837848,8.121802721124888
SNaive,195,47,6,1102.7688484231003,1167.400435089404,9.603223120922841,10.14476652342554,3.7334460824870597,9.65830609899818
SNaive,196,15,5,240.55555555555554,261.6295090390226,6.830095210693156,6.563067321358471,1.976437207007155,6.745599002959962
SNaive,196,16,5,154.44444444444446,183.7268503936089,4.437948623542128,4.303124176241722,1.2221846466012853,4.441604090110241
SNaive,196,17,5,47.77777777777778,53.748384988656994,1.3885035674778763,1.3764156244092631,0.38048991043487645,1.3868730849862927
SNaive,196,18,5,40.0,49.6655480858378,1.17868678488665,1.1680574792611955,0.3289767293592605,1.172447484123107
SNaive,196,19,5,55.0,59.675045966560525,1.6336447693142575,1.6180482948724513,0.46963946869070206,1.6285573285079784
SNaive,197,15,3,728.1722222222222,947.4403296954027,41.351166237394395,30.403755113279086,1.4060447759679477,35.03766513582438
SNaive,197,16,3,813.55,939.8032427056207,50.667900466667604,39.01774191685044,1.5559708537497392,45.655752526921624
SNaive,197,17,3,370.24999999999994,496.1537804843262,27.67639004094711,22.482551663678723,0.6935521575680691,22.503418817848758
SNaive,197,18,3,482.26666666666665,597.1540281479589,36.18739897216508,31.13300271512813,0.9138104764674605,33.06052031244644
SNaive,197,19,3,353.0166666666667,427.678649481386,27.341466500427032,23.981197795482966,0.6672105740638073,26.210864991956452
SNaive,198,14,5,404.70520163333344,467.83287195512906,8.50449563366294,8.45285714948528,1.02834068187139,8.382446223823099
SNaive,198,15,5,405.5790944000001,464.2083822396335,8.643216303958766,8.569181367820477,1.0308602504511124,8.491506984219795
SNaive,198,16,5,372.39876041111125,478.09487997000673,8.561058792375192,8.198048755886212,0.945331270049122,7.981235498396997
SNaive,198,17,5,407.74993055555564,514.7241320603723,8.700923577674876,8.766131617725591,1.0355456337594922,8.665392588611239
SNaive,198,18,5,443.7031709388889,555.5130833589898,10.335410703324506,9.760220327919553,1.1239863844650115,9.96184214686532
SNaive,199,25,8,542.2500000000001,657.4083294777049,4.099227471616832,4.114029341010403,0.5557210353789538,4.110856020853102
SNaive,199,26,8,737.1500000000001,818.6288098603258,5.389262270375257,5.573877331335944,0.7677584020571544,5.416028033854513
SNaive,199,27,8,932.188888888889,1028.214499346643,7.411869799337749,7.098579486963996,0.9803359742378439,7.274661681452072
SNaive,199,28,8,684.6222222222221,845.8448603483843,5.4643879385797245,5.2530705404333276,0.7247144615410464,5.431356794639161
SNaive,199,29,8,730.2166666666668,861.6236730086338,5.460404780367529,5.672431458781614,0.7790407484012793,5.552506948079189
ETS,0,0,1,279.8147938836561,342.6842674585105,27.9581115328059,35.55190422339697,0.9461574223583894,28.107965231909198
ETS,0,1,1,116.74806665175508,132.81120887245885,11.607119221205833,10.778511486744403,0.39316467721825843,11.363571079498142
ETS,0,2,1,80.26404327437042,87.0136861781289,8.749092432867672,8.409366862725781,0.31317924068036934,8.515075021740246
ETS,0,3,1,74.45988724436714,80.05246136724932,7.71436512127235,7.855922350849348,0.3204873195596864,7.767025790441634
ETS,1,0,1,371.47429866979917,415.6928955131373,22.334641602294838,25.767009342498532,2.7328964852013846,23.44887343444126
ETS,1,1,1,404.2996305706586,489.20481372402486,18.625529738908263,21.366332858081822,1.9372000620280425,20.141452316347845
ETS,2,0,2,117.70932074946778,126.80233143688538,6.091724112607008,6.311950253228611,0.7555385469184861,6.17333045994561
ETS,3,1,4,458.4251266555764,533.231248795963,17.13760963486007,16.877336456663816,0.26885673337034444,17.34283659341477
ETS,3,2,4,817.6516831737069,904.2244383983415,23.196811403205064,26.86934883427019,0.5534061269933195,24.278991304944185
ETS,3,3,4,1187.680921135191,1243.1134553726524,46.83373190392103,37.034231363711726,0.829109985649251,44.39237207170936
ETS,3,4,4,611.177162518106,676.3409137690876,32.093515293284106,26.632678402405606,0.44858795391484874,29.63299176110284
ETS,3,5,4,411.5715916776579,528.6800110839081,17.218926647425782,19.745685290528552,0.32244446438059776,19.048802040049893
ETS,4,0,1,1016.8278910927634,1116.4449666956662,87.13690907004819,55.48473195074289,3.0267406831522705,72.59465939394009
ETS,4,1,1,293.0861282623941,343.6281823598881,27.057185321354364,22.49499280947912,0.7665943590996462,24.09643753892943
ETS,5,1,9,1720.0561138301398,1956.5063876437137,10.003202074843598,10.666672327353869,0.7267842734493549,10.423178712948598
ETS,5,2,9,3450.0801730028284,4383.114267227863,22.603305530759542,18.901851637689592,1.3549853699386296,20.468504651961407
ETS,5,3,9,5049.163596593898,5787.332339724713,47.13340269193934,35.49974226728434,1.9628925465227471,41.42620207789332
ETS,5,4,9,3896.954013587316,4254.197566793177,50.428765554598755,38.25864688848648,1.3815719736187602,46.43223157779287
ETS,5,5,9,590.2285508749085,706.4658650484791,9.32993017093727,8.731227442376959,0.1965822438832348,8.916587424043938
ETS,6,0,7,445.7335802240689,559.114016292982,4.3837535516571995,4.528664150631853,0.4238574392495643,4.6090392697362494
ETS,7,0,2,106.86660608301156,129.04760255387643,5.369811020455952,5.584761132640598,0.7472592026422274,5.507867913298872
ETS,8,1,9,3325.1316460186467,3448.516697242307,32.3636982954544,38.997605139368446,3.2843809929578733,32.92209550513512
ETS,8,2,9,752.0231824428001,878.1978283126872,6.037233967525584,6.284710830721488,0.518257596754984,6.259036058616731
ETS,8,3,9,877.6552328708658,1014.7842586566898,6.966730209810981,6.654421771377544,0.5707136987405379,6.884170381591242
ETS,8,4,9,675.3980529730135,719.6118981924743,5.503367588515315,5.3349084665992885,0.45257854789346447,5.45947770500909
ETS,8,5,9,718.557263412019,817.9810435072001,6.300781810863078,6.049883514852391,0.524794793555964,6.166697216275551
ETS,9,1,4,752.474401900434,876.1602609046445,22.412045141106418,26.132765877572673,2.4074900878435503,24.31869296575663
ETS,9,2,4,1024.220875254012,1153.7238245176477,25.953856315217987,22.40789028290284,2.4057289500254386,26.51818957246946
ETS,9,3,4,113.58912486345642,154.22679874035794,2.638997982840942,2.5857920876411136,0.22594424653430242,2.6615520014868723
ETS,9,4,4,334.5439308857889,400.0649064790654,7.8369160394082416,7.419203156988238,0.6671013821004342,7.738002282088639
ETS,9,5,4,323.03934989670324,384.6098159211656,7.3595799715690315,7.763422791275541,0.6946204083283525,7.448833360842226
ETS,10,0,2,194.87645870321683,213.88942363217572,9.384996921160987,9.936812664598065,1.1238471280826174,9.55563744305094
ETS,11,0,7,1211.5517173293692,1474.6790059935931,23.65704773688272,19.784474848790747,1.231618460484463,20.374875993432624
ETS,11,1,7,1239.7538204946306,1465.3568212410894,17.87608571279073,19.67681415126058,1.0777890958505851,18.638634297715022
ETS,11,2,7,2950.367967195086,3756.128474681503,29.644435999952684,35.41630806663421,2.5320037368046417,32.8373036692799
ETS,11,3,7,1307.7794261965412,1672.7789058632727,15.201263266150045,13.61403760759654,0.9064253097725864,13.465811144783771
ETS,12,2,7,96.353294901413,111.70232218612,1.4339885994062567,1.444766730105958,0.22875078105528945,1.4372591562578954
ETS,12,3,7,104.98189049143633,118.46043936506959,1.607738228253576,1.5987548641118436,0.27351179103742096,1.601420025649051
ETS,12,4,7,192.43688046567306,210.92743587669946,3.024664902928624,2.970653428964833,0.5550494578091535,3.019128156204286
ETS,12,5,7,355.5325854739218,391.8712598690656,5.900443778407083,5.693538966158017,1.079812759040494,5.82960294061491
ETS,12,6,7,275.4666919542715,304.5018859406733,4.829491052262639,4.689610953462267,0.867142061013706,4.772501958874796
ETS,13,1,2,61.50801482379701,78.31805878467348,4.156726355339805,4.155014210947342,0.4695384328420902,4.180016133815243
ETS,13,2,2,159.09409325407125,189.0850965559124,9.238963671486289,9.848672052689594,1.086452155124555,9.62893589069882
ETS,13,3,2,347.5855876139464,401.5000491821278,16.603919361111693,18.585871738096497,2.3577778906019646,17.49812078435775
ETS,13,4,2,311.98246948599757,333.642918367014,13.804328940336067,14.964061207662189,1.8801266123640643,14.055550704563945
ETS,13,5,2,276.1110762732449,326.7186661433662,14.36057759627479,12.993286868042409,1.4904919325711852,13.440793222091369
ETS,14,2,2,56.911538635750404,79.12497408389636,3.8996165968380625,3.8468425760839455,0.6647958230033402,3.5570382297260226
ETS,14,3,2,63.82439368217555,93.29221439048973,4.7200605129268824,4.535464152384529,0.7147025396252753,3.9251135351341566
ETS,14,4,2,55.60409480523789,67.81780483245126,3.392442916058444,3.480182420417268,0.6609543843607059,3.3648976798953267
ETS,14,5,2,85.848892386619,175.69717013050592,6.995613459672446,5.943572525679129,1.086141525499251,5.343610234880314
ETS,14,6,2,88.67604518821749,122.9295835976033,5.840195302043808,5.680761675606506,1.1039761929208183,5.525097205596562
ETS,15,0,3,127.38194862644536,146.88684081185554,4.179075908445284,4.283433428048692,0.33422303698981126,4.175833619160739
ETS,15,1,3,337.8624617139679,372.6191822989368,10.94784487844554,10.268126056190969,0.8376024558259044,10.936872138740135
ETS,15,2,3,719.5151385719057,895.1439506196591,30.737644985076056,24.55159400195589,2.11826941140701,26.88162763013332
ETS,15,3,3,709.5864074066648,846.7157374373999,34.53785826425897,46.73680192710059,2.2497252165563717,33.81666754916591
ETS,16,2,5,453.99905890406626,607.1790761687995,12.182709509646708,13.555076892394402,1.8033220925306068,13.420972300338715
ETS,16,3,5,794.3007276586239,872.9659104916018,18.02101096873583,20.10894083323794,3.0759173503752324,18.588436201821654
ETS,16,4,5,510.44107922131053,549.9537982770593,10.598898547582582,11.28171850680279,1.4640258686471368,10.767934248660385
ETS,16,5,5,413.74987536586985,509.4925668528854,8.846005407237294,8.299335206412458,1.0816429780675199,8.470330633142673
ETS,16,6,5,741.6147241558093,778.1706588411269,16.779490500925768,15.351166625562641,1.9230479213622589,16.58205645711743
ETS,17,0,3,262.3612111060618,278.6193335451406,9.39122964514022,9.910266568459585,0.7449122864987735,9.49771592319194
ETS,18,0,7,1679.3889914352524,1848.395841540185,24.64608635681563,21.297469144126527,1.2517185029331073,23.200609272748203
ETS,19,1,0,18.83168699711602,28.229569577616115,1.650587522926067,1.6729506178240403,0.3268759555912134,1.692989541245072
ETS,19,2,0,17.299593794292477,25.868432659765215,1.6248797599108786,1.599548818975126,0.3304698090950227,1.5852603385290671
ETS,19,3,0,58.54433011528285,61.44208611914072,5.600576012747685,5.432322830153679,1.2099782058802495,5.56799081726245
ETS,19,4,0,17.653871082875714,18.892039704880872,1.6696424964945462,1.6856961523482354,0.356323928562192,1.6736171037644858
ETS,19,5,0,18.950232184964282,23.392235601337298,1.8090152814281317,1.8037951329498882,0.4070169894433263,1.8040204110924323
ETS,20,0,9,381.70902539333423,430.4159046493929,3.269058051221764,3.203708959053918,0.21240439828393679,3.3161806773206703
ETS,21,1,1,75.14992309652585,98.54812864437157,5.817353841349598,6.086773579555094,0.8073154913325828,6.0543176991916114
ETS,21,2,1,53.03067499436267,62.69708078726263,3.797164624966193,3.8679933379762823,0.6032525249360535,3.884610183770392
ETS,21,3,1,143.7071759666079,171.9384855417446,8.976231790499586,9.557124485135809,1.567934321743546,9.373667518486368
ETS,21,4,1,297.2279870538887,318.2226934555651,15.765597408989803,17.271512968407787,3.0363809933588506,16.146893947054295
ETS,21,5,1,170.5953943537605,184.71899862486882,8.771865820066637,8.335881341230051,1.3570677026406073,8.635555269742369
ETS,22,1,0,79.72112347324592,92.08722916068172,6.901855100829741,6.599030386711617,0.5505039216822609,6.60824417461859
ETS,22,2,0,84.86980778575266,122.51243881711096,5.525170838739172,5.831227820641457,0.6290888717272771,5.985645874710242
ETS,22,3,0,217.44064727022976,228.649874699237,12.532793682797976,13.4477825882101,1.527961305142155,12.752286103428045
ETS,22,4,0,137.91090153004063,210.02486595349208,8.850521895182485,7.905575536593703,0.8307885634339797,7.88462783490259
ETS,22,5,0,457.918511952403,536.2842858544058,38.393203108940085,30.352228683491315,2.772298683472525,34.12350741106708
ETS,23,2,3,260.5388566317302,285.4540924664608,11.216246784732304,12.00075714385733,1.761053811671356,11.522812001971317
ETS,23,3,3,240.5931819586274,273.814633789677,9.029430552157237,9.562108192278467,1.2250900738095207,9.335383222230458
ETS,23,4,3,166.4719554904028,198.86423569156918,6.2822907645100425,6.088351182278026,0.792188577132094,6.208216859748253
ETS,23,5,3,97.91679620258535,118.47319041583444,3.6733474768967476,3.647209207410574,0.4518395530105828,3.6644000771360665
ETS,23,6,3,531.5423213848896,633.8842370750326,25.017477579050258,21.130121329030967,2.5569844212255943,22.93155606278646
ETS,24,0,5,1130.809023185429,1305.420693579477,22.27920810974876,19.487737364610968,1.576233827778153,21.49486433832173
ETS,25,1,6,1606.5541062398952,1864.4521999323777,26.185995214218554,22.199461295722887,1.0752841068040944,24.6782504798755
ETS,25,2,6,1146.5816361842117,1248.758572081984,18.40927786554698,16.59434186842898,0.8494150632860924,17.920004733277597
ETS,25,3,6,845.3508990233454,1012.3257340574681,13.169854683458132,12.65976851740673,0.6715283646381601,12.915980122587401
ETS,25,4,6,983.1067147065506,1174.6542565977516,17.185233956095114,16.53024463511561,0.825908749403431,17.586882195108238
ETS,25,5,6,501.94211762250194,578.3709035508384,8.865597186539954,8.441001812739495,0.40968309192202285,8.657491488314522
ETS,26,0,8,2289.6604885794295,2699.353907582222,23.841406192639425,20.20019388752893,1.573849008756458,21.81454282848128
ETS,26,1,8,2088.0532088152268,2345.8629098438805,21.827463822526028,19.111559848270364,1.2488084421799979,20.282257126340184
ETS,26,2,8,1208.4480556995468,1442.6250293837522,12.354433861435009,11.434075293949213,0.7609024234705744,11.597132071902939
ETS,26,3,8,1202.4498167956217,1580.9393203878249,9.678287854136586,10.381370258036139,0.802250194874581,10.489840789193055
ETS,27,0,8,1342.0386328265913,1643.9829066760908,25.84611892293689,23.590474063888557,0.3912105953547809,23.77627499102229
ETS,28,1,1,74.60592701093232,86.0122719064734,6.26096041223604,6.3730108933992415,1.5694273699222225,6.34194420872152
ETS,28,2,1,58.78415731937245,72.16937298552374,4.8382930035029,4.716649993101377,1.024492839471503,4.739808420304175
ETS,28,3,1,57.742917707767525,68.42809639213912,4.459584640266159,4.500231520635367,0.930183308799229,4.491670348918822
ETS,28,4,1,50.74199803810037,60.66407207267159,3.937229745862139,3.943690260508699,0.8456999673016729,3.9612957656495063
ETS,28,5,1,67.72305298740032,88.20543851018171,5.760355804640935,5.586969221826809,1.1363302195615779,5.490316415678989
ETS,29,0,3,161.24475849849242,187.13244341659475,6.693163548112975,6.999857449596236,0.5777666179472799,6.839043626676846
ETS,30,2,0,63.210751360791875,76.09274980462492,4.7582364241855934,4.777502261632435,0.40613237410910474,4.745583344442663
ETS,30,3,0,101.00892008235456,119.85301021113693,7.056385200180778,7.3997518693915385,0.6659965863317748,7.283842851740818
ETS,30,4,0,179.90073396676422,258.40451842483884,17.661171089932832,14.450124859205745,1.2410913497408562,14.159429470821369
ETS,30,5,0,321.2752628344397,356.4552027442187,33.14309109809141,27.07664543262186,2.3560519824710218,30.077137641390383
ETS,30,6,0,108.05516676676883,125.94478694961147,9.048969649583668,9.2683407149821,0.6849435100943114,9.087359284962886
ETS,31,0,3,183.89002298218085,234.16226049493358,9.434573402261028,10.053216442152191,0.8722056426032293,9.930458459376142
ETS,32,1,9,164.12622135283527,184.70295532190295,1.763003589127067,1.7820366196541495,0.5464128207800928,1.7754038367494203
ETS,32,2,9,166.92110347772126,190.78259836526692,1.7498152472209487,1.7700887868106963,0.526363728118949,1.7507166196241597
ETS,32,3,9,163.09652088947163,174.07951438489195,1.6828032394605148,1.6668541269621733,0.5020334897150271,1.6843980584144178
ETS,32,4,9,60.377365202637016,79.97656356427665,0.6098426742837899,0.6077932834600052,0.20344301266332204,0.6110725744433322
ETS,32,5,9,207.02436742705393,236.58247266800132,2.0746083763789827,2.046895608125497,0.7175156465361707,2.0742769906412306
ETS,33,0,2,210.64788197011458,243.18523185181562,9.53294720436944,10.159191429132383,1.0676145342642311,9.831605964036942
ETS,34,0,6,1835.8222636125818,2120.846593625409,30.83479843180758,37.52368791337765,2.7668778041690096,32.66489495079079
ETS,35,0,1,83.54741357770364,101.56115448489084,5.399762009094481,5.197642983663521,0.49603337872306047,5.466500591486838
ETS,36,1,3,328.5454501097995,384.6995852654877,15.55951397395706,17.29642652290465,2.3812651272127567,16.464660548133008
ETS,36,2,3,219.7130921218512,291.70304894473765,8.156533648726562,8.73812158922431,1.4780341336353886,8.814176856939678
ETS,36,3,3,367.1420959491644,407.05519814877255,11.655445245029325,12.529358079592834,1.8674501693490233,12.033718603959093
ETS,36,4,3,331.4927052398215,368.1614878357481,9.272347768755838,9.819198774619604,1.3112628708725984,9.526624730900117
ETS,36,5,3,535.7262068732366,600.8144277788373,15.882263057458648,14.374341816212011,1.9497931004873,15.325922609420076
ETS,37,2,3,1852.3179591902117,2093.248834749797,100.86389617406404,60.246596722039584,4.0552399249726445,80.75106112464879
ETS,37,3,3,100.53387003601036,115.33908295584783,5.814636273911217,5.59036463096489,0.18541455350611194,5.696178798796734
ETS,37,4,3,130.49123976007792,153.1915948853869,6.756629342705069,7.077256813406367,0.2236589760333062,6.943075127642337
ETS,37,5,3,222.2193713107625,262.3127330958502,9.927487498837726,10.644157503591968,0.42248113418005057,10.33311465666165
ETS,37,6,3,111.8489969162275,121.38466363232035,4.544905616186639,4.667877361594998,0.22587502258597364,4.611273349729948
ETS,38,1,2,41.51426607734324,50.48104902381346,1.9573662759636026,1.92948504890906,0.14704279686577426,1.9580045943375688
ETS,38,2,2,85.06587285105367,98.95237135686244,4.070220621494451,3.960412491048538,0.3561409002670284,4.039502948978021
ETS,38,3,2,81.8925991106725,95.96200652367729,4.133828158171571,4.017682852691051,0.39874792315674035,4.060488018775753
ETS,38,4,2,80.77324309292393,121.26890887639351,4.8023420828435865,4.519250792990475,0.4304666638063889,4.392356675979442
ETS,38,5,2,242.7768144512092,284.26780559466187,18.4434289704028,16.325296588740894,1.3267416606762141,16.7106396342832
ETS,39,2,6,211.15518882702534,238.70716621647009,3.6636460973695946,3.5795746535517337,0.48538041455083836,3.574734348176473
ETS,39,3,6,276.19526784786046,311.52062562466017,4.374811626546105,4.257684720096953,0.6934821454205534,4.387305595473793
ETS,39,4,6,439.3883523938961,553.7988033036625,7.223964570804347,6.828578608453324,1.0567018067886234,7.075395541922937
ETS,39,5,6,674.405854171288,708.8787081067478,11.405911921113224,10.730335677319006,1.7977764017361508,11.377416667916174
ETS,39,6,6,186.91340896263293,207.32248456068402,3.246809494806649,3.183013445537149,0.4982807365600914,3.2263905619621567
ETS,40,2,2,232.3827667100677,257.97208064309115,11.471454451655346,10.703353449067638,0.9162247076467324,11.235369328597733
ETS,40,3,2,171.6434750857446,197.496107896675,8.007424538101695,7.674332830526826,0.7104203431962662,7.783031533959141
ETS,40,4,2,177.85356611917018,217.20746546221636,7.0767694131703,7.440184851670437,0.7941557653577768,7.298223298278178
ETS,40,5,2,446.2125691457368,692.7410678797401,31.38908246718342,22.066716784599492,1.910632857072428,20.851547231835593
ETS,40,6,2,1245.9984078541886,1275.963405516618,95.39474142009784,63.519795856783425,5.642696253427378,91.6191393123956
ETS,41,0,5,659.9613091241331,875.4470218901272,13.369465574155248,14.930133227404339,1.2009694533454762,14.8157939189753
ETS,41,1,5,1232.0598707686986,1384.5109887366698,35.53628214950041,28.892939432071124,2.2808101824309124,31.230921945974615
ETS,41,2,5,142.4808232773949,191.6203047532368,4.197176626487112,4.234836881190876,0.22502355435051602,4.260931747787187
ETS,41,3,5,298.3671551037005,314.80462079371796,9.664398736445737,9.173974691185077,0.45049628529014013,9.520667952254227
ETS,41,4,5,656.2507912180204,751.1999208221653,17.053857034203453,19.15462580959281,1.066881705376117,17.995908351499644
ETS,42,0,6,697.4820350938691,888.3318047777067,12.736267812390711,11.472556194628874,0.7230122875504048,11.549787380637296
ETS,43,0,2,229.8886966642896,266.2068367397218,9.981739254915269,9.370098716291277,0.7298169768106421,10.13388193223824
ETS,44,0,0,452.2109227601193,548.5466954894123,35.001167886364804,40.018621163069604,1.8364418972821388,36.92940934285659
ETS,45,1,3,528.9799709426917,558.3261961908732,25.059090505713126,22.606721166441456,0.338205668834615,23.37367251309253
ETS,45,2,3,889.3538301554216,968.6057981225196,28.435767224133308,33.9368164308152,0.6354755649194939,29.737810514617948
ETS,45,3,3,1229.3252853156123,1293.2256485282733,57.50369527175877,43.30849286524767,0.9037554831404102,53.563686293292676
ETS,45,4,3,338.82320999736504,389.5786925791081,19.98700329930456,17.557991670698943,0.2601769281547478,18.617910176973332
ETS,45,5,3,343.7092947035128,460.65492791767986,15.708624954805897,17.863231259836272,0.2839330390184031,17.599592934475474
ETS,46,0,6,5000.0000020001,5227.810250956035,65.61670522709284,100.45578275691767,6.730769233461673,68.49315071233015
ETS,46,1,6,624.6862660934671,781.4157425374839,7.326797957666907,7.5582650645228675,0.3950006834783047,7.506243517812022
ETS,46,2,6,420.32722711128713,542.0987049660247,4.944369541713156,5.053239889138858,0.2652160324029154,5.043926725335446
ETS,46,3,6,769.6699086914196,829.5723080163857,10.182728151421225,9.931200903898214,0.5341125700883517,10.134644006178165
ETS,47,0,5,206.31216096060086,253.56309159047854,3.9544267172331407,3.842860277311545,0.24369928708942507,3.99110699703056
ETS,48,0,0,165.43299490002477,190.20391196928716,20.44430403581791,18.692691348201866,0.8112177147924118,18.337542442835904
ETS,49,0,5,727.6757559945022,888.1296383155986,11.65653482392665,12.723606453015224,1.3575800662207462,12.344323100339953
ETS,50,6,8,143.95554662562688,166.6089288705116,1.8650706606734406,1.8599260019715902,0.45654404705172935,1.857597453087836
ETS,50,7,8,220.3383804639651,282.18285824218657,2.682646837596637,2.742320278983731,0.7437283596790593,2.7286299016528073
ETS,50,8,8,286.1542636684328,297.7454640814114,3.3957457498007058,3.459118833524811,0.9642116563604866,3.4050219779412902
ETS,50,9,8,73.49231671701475,84.22285491543522,0.8664076407742742,0.8645503298360286,0.23963323060566075,0.865718857960319
ETS,50,10,8,193.35614852718007,218.65327623151336,2.2288943281538933,2.261055818873621,0.6579088038773219,2.2427494110186172
ETS,51,4,1,96.13785881681522,111.08049168778943,6.2678334392537645,6.379259104703378,0.9138238933562132,6.3272810752745805
ETS,51,5,1,273.37998612371615,306.0845893844691,23.78533798269638,20.709358703088785,2.576340544798145,21.44612159266487
ETS,51,6,1,100.13948839728721,137.78325412147277,9.703102981452506,9.032945987359858,0.8449586908743549,9.039982891044199
ETS,51,7,1,315.3745814957236,341.8299737413411,23.683108485315213,27.18345734227206,2.358597018730906,24.4628332694501
ETS,51,8,1,165.37865623665564,182.70983553853782,11.106412605483413,11.86503645047066,1.2011759203545185,11.345278205929713
ETS,52,4,5,1201.4689837241303,1417.8667188703128,46.54199750652158,34.08214672316693,1.0655530719945767,34.285970651634706
ETS,52,5,5,710.4422061609944,828.6057147231395,24.245678816468306,24.443898414114766,0.6178748599811515,22.082884140988813
ETS,52,6,5,692.6697154709746,1211.2828020175082,15.269196114187999,17.46890158890782,0.5834967558723032,17.44144924890403
ETS,52,7,5,827.6108132807163,1121.2004856715967,27.13667303868264,22.410598312536894,0.6888893324304636,19.756480291060914
ETS,52,8,5,1107.245067982439,1316.8198893682456,23.393506402505647,27.21262982239559,0.9468979226818299,24.20367099289826
ETS,53,5,9,291.08625489606936,321.737549207989,3.0577279633148855,3.00182526960001,0.7535735532842405,3.060486324841851
ETS,53,6,9,102.163047159835,126.90226795129458,1.0530440133111028,1.0445903728975392,0.27729969943383787,1.0562520671321252
ETS,53,7,9,56.655557937467975,68.37076540106571,0.5743248488233597,0.5756267293799601,0.1637293646816735,0.5735658283883147
ETS,53,8,9,149.86589347694837,177.1531194938469,1.494421896005278,1.479496847161437,0.4486224143127739,1.4961653258929952
ETS,53,9,9,230.08977254693906,281.58685833451267,2.3036280565295915,2.2650008421791696,0.7190305392091846,2.294524047559503
ETS,54,7,4,351.2252043462653,383.3032842097825,11.091913765834235,10.394260101265939,2.0685686838392208,10.846901334378755
ETS,54,8,4,89.56581484241686,103.457555339004,2.7859302329105473,2.82730800165388,0.5102184464593724,2.811936544442333
ETS,54,9,4,92.97646223093723,117.32154706049154,2.7643734154155193,2.8025296729526117,0.5236222481444402,2.814879013981438
ETS,54,10,4,305.22545187799835,314.3282363707258,9.797621896094654,9.30970520317553,1.7012847347406534,9.734072844113326
ETS,54,11,4,113.34977087141198,121.798615480904,3.5802433767641166,3.6554300584057065,0.6224561200205383,3.5996849652057024
ETS,55,6,4,87.28549564304609,99.09711004951501,3.4673596350222353,3.390664678896723,0.5167343406056757,3.429880153806655
ETS,55,7,4,119.91833629481974,126.99706614440042,4.888461104440991,4.7574714543075896,0.7289200282285739,4.859441849166365
ETS,55,8,4,85.18432254312837,95.34185350954534,3.374654387673779,3.4471197388143304,0.5318480075533509,3.4018392432228253
ETS,55,9,4,59.721762204006836,67.58768866824708,2.324024579984998,2.3077562491026935,0.3910949431842443,2.323884353267997
ETS,55,10,4,133.2668230539051,149.9147559940956,4.848663127599312,5.001622097237318,0.9195395465060344,4.914673144236293
ETS,56,6,1,102.1940076547224,105.20441655481665,8.067685210271819,8.425921251527441,3.792793049998151,8.10420697174143
ETS,56,7,1,102.11203217128963,110.18664101473388,8.610905322483369,8.194095883947904,3.049609497537772,8.482626405251297
ETS,56,8,1,38.08249056565585,46.81008753726942,3.1177684041548215,3.1798131242871985,1.0776797540382153,3.1674702127904695
ETS,56,9,1,56.704408339666,67.72847214048545,4.334166223619614,4.470201916260178,1.5275161091599871,4.414799035447996
ETS,56,10,1,73.38796388998088,75.32494363505678,5.811909939998361,5.638506634127721,1.7373971615190922,5.792835753041181
ETS,57,3,4,120.03842781276778,134.43438975993465,4.89322330701678,5.028994958299009,0.6942187252556802,4.967918213386138
ETS,57,4,4,78.87659231719714,95.30855591459179,2.9746568354923992,3.0349816183699847,0.48617561952866095,3.0330022039895503
ETS,57,5,4,75.88648156749488,86.46060359146266,2.6610779323194453,2.6944593138264947,0.4643658283670377,2.6854391268996896
ETS,57,6,4,164.6105137662226,170.82618523140923,5.573444261968792,5.411474855144481,0.9749021268630806,5.577895504519949
ETS,57,7,4,89.78543156375336,110.08476751523605,3.0079901684640022,2.9413871669653338,0.5360248078460351,2.997727352760439
ETS,58,4,9,943.1986952557927,1126.0340096520845,9.507270105403148,10.129512102794216,0.7926914578418792,9.951841011628751
ETS,58,5,9,762.2382486918264,865.1396828568271,8.57533776414967,8.1455327869429,0.6225583887930535,8.059026402590968
ETS,58,6,9,1417.4095481267786,1725.002344243183,19.406713596188354,16.808858444469198,1.2014177883703168,17.319726618320416
ETS,58,7,9,851.9603019609359,1017.3945356303351,11.456465493156328,10.532906073669448,0.7283344497651957,10.715994342721938
ETS,58,8,9,2728.5616905899824,3156.290432074242,24.875289876144343,29.462006981931026,2.3141138419561096,26.51126489201457
ETS,59,5,4,460.36601432901523,508.00139317177104,16.993447840688273,15.340786803699755,1.5438332055895927,16.236427578407007
ETS,59,6,4,601.0294790201542,644.6550000667544,16.6056988409082,18.296540858160732,1.8780330494733604,17.079420441365052
ETS,59,7,4,66.91304253191609,89.00308689872543,1.7180887886852065,1.6947373615009396,0.18848319110251066,1.7120070531496026
ETS,59,8,4,136.46485952949192,159.4464699673726,3.216786175862401,3.236508439273506,0.36847176338963183,3.256292256435896
ETS,59,9,4,288.5868534593794,321.8538292604961,5.953857305409667,6.177093111839303,0.8192088517343064,6.080537001639094
ETS,60,4,0,194.64554300185648,254.25518600152714,20.359545793414817,23.5483261481145,0.7323596660047019,22.719597319091083
ETS,60,5,0,462.1977292696353,535.4786347578755,33.87451757891647,40.80857250539799,1.8214470679768853,36.03041234857735
ETS,60,6,0,364.93450142880255,486.39899216932474,18.887346899261335,21.490274624662362,1.3499204605493542,20.86280490163326
ETS,60,7,0,398.27888570697803,451.4575243448476,22.656085920213982,19.81722325164369,1.3186990441706385,21.421743450536365
ETS,60,8,0,407.38416169944117,884.1493127126543,14.153590480486555,16.218268041686102,1.380776680471717,18.927289329288225
ETS,61,5,3,205.90042456116802,244.98851175826564,5.016599644358558,5.162817558066247,0.6370258609661432,5.128634390231819
ETS,61,6,3,1129.9105170118253,1579.2497923408866,56.728582295891286,35.14534999528453,3.2284299930781266,35.61143260839863
ETS,61,7,3,144.37939521163787,172.34492275798067,8.479370993661787,8.109934509911696,0.40632473659813134,8.194081412310759
ETS,61,8,3,145.73358974675705,184.4279546852872,7.926934356854846,8.438546209817877,0.2912629000888392,8.323077318330911
ETS,61,9,3,293.7170344241296,354.3054147946349,12.87849075008214,13.979585418227519,0.6184726849004357,13.668506627650842
ETS,62,4,4,314.6815827977307,418.9724432855334,13.381181427676717,11.892824145904084,0.8562171347447177,11.627565405771618
ETS,62,5,4,247.76806966491716,365.213494738238,11.328134286775263,9.958991477222277,0.6771193752153867,8.840632930801513
ETS,62,6,4,293.3550499387116,407.225841378459,12.64393461747298,11.254699844905849,0.7912446110823306,11.066962529990313
ETS,62,7,4,349.6437941270833,442.2092611747009,15.279092388091522,13.632288870978378,0.9354914609154886,13.188078182900686
ETS,62,8,4,353.6047987899728,412.7465600814833,14.929549896579875,14.101371725783185,0.9349061185069382,13.002295672823122
ETS,63,5,7,1673.187875084418,1805.0854534186308,22.14053290865924,19.531727137539274,1.5046320109993283,21.24005568337536
ETS,63,6,7,474.18008801608147,563.7389173968605,5.646091504634513,5.864345649278884,0.35282772260014256,5.789533661799542
ETS,63,7,7,1500.4971427425705,1802.1628579909116,25.36923678741656,21.229631714989942,1.135666273878533,22.467162509848766
ETS,63,8,7,576.3084641699713,656.5118737745105,11.953744670027493,11.064435204660347,0.4420163282058364,11.396271265929176
ETS,63,9,7,282.33747148749654,319.8880530055014,6.606165714130481,6.332434815102306,0.20788246199585705,6.451513372701923
ETS,64,3,3,223.2562809738071,234.39476022375302,15.678550683674164,14.387593595458062,0.45181267214002596,15.287047012589646
ETS,64,4,3,410.5438303198006,492.27603544434606,21.149002800781037,24.165416962545454,0.8715113719273819,23.208407228907415
ETS,64,5,3,176.80750319136544,219.57469238495753,7.942785887276313,8.416769263657201,0.39413691851053784,8.290118541383915
ETS,64,6,3,321.6264924957015,361.3351558369853,17.115734112509926,15.403453212515124,0.7012594437901041,16.201485643306256
ETS,64,7,3,109.61903454980228,160.44751756953076,6.497645453748578,6.075678211758332,0.2474590005477905,5.966220936494247
ETS,65,5,3,616.4248314298006,775.2635044335506,28.186196446310152,22.627257464145917,1.6916787797068544,23.365331211059168
ETS,65,6,3,387.7958140827022,476.53780883543664,18.382009269425268,15.955257388837541,1.019277058000928,16.41387931074815
ETS,65,7,3,360.3936862131957,482.295538064994,17.996788527539035,15.292859495636698,0.8697047536015771,15.039062133910292
ETS,65,8,3,351.99792538245947,420.43043511728683,12.855247905584797,13.91401479483855,0.8515736503558415,13.551774257432337
ETS,65,9,3,258.0092362189373,328.9836269722271,9.245604339284593,9.513157883383244,0.6109799965542645,9.487928150804589
ETS,66,5,4,787.5176080768912,866.5780084909567,26.165285400740018,22.554398847744828,2.429468247401376,24.41113756784969
ETS,66,6,4,193.97139758141043,217.14709184434642,6.770249200577909,6.491462110440466,0.5515855830182633,6.651614762680278
ETS,66,7,4,103.66483189468505,134.92350050496302,3.442996891706717,3.5292848897828426,0.28306871082305846,3.5414062898165324
ETS,66,8,4,160.96590095265285,184.29897410479555,4.768858203513686,4.920947683088383,0.46379880037848364,4.8958874909559835
ETS,66,9,4,92.09832753375827,105.06068651299557,2.613002706038701,2.5697106328709927,0.2650858433041232,2.627210611105624
ETS,67,3,4,242.0715907243942,271.814579490308,8.718160800412903,8.25547624338809,0.8408299148465168,8.512494062042917
ETS,67,4,4,330.05541570108085,359.793660406197,13.269157011461989,12.284610668646287,1.0955921589830953,12.924109887436536
ETS,67,5,4,109.69650159386119,143.01514513562836,4.717351102898025,4.528710733938347,0.3651660884943864,4.55128245724883
ETS,67,6,4,318.8214643794472,360.86290819006115,15.895011433787968,14.39779225148402,1.1130210562030252,15.173941939280422
ETS,67,7,4,74.89790089450327,81.64133152909648,3.8595651636972352,3.7884440009156832,0.2624909640572341,3.81703380273536
ETS,68,4,6,1067.0913599715395,1284.1024696782663,22.53669654995482,19.613401974155707,2.1952648421516976,19.503528017225598
ETS,68,5,6,951.4992983194447,1184.754752002306,21.111896857148192,17.817436824439138,1.6529138916022204,18.287511183584254
ETS,68,6,6,949.0476185254548,1161.2737276712044,14.38564106016387,15.787897577597981,1.4109547815229708,15.363202143540477
ETS,68,7,6,1168.7653440839504,1338.4454291097336,15.78262372651732,17.383050933108564,1.6469176699102164,16.608921164655
ETS,68,8,6,689.4658142054357,805.7253123378346,10.161336811633609,9.558583472433396,0.9020086565721314,9.651043062823117
ETS,69,7,4,800.1060023039643,822.9695871857796,25.214626547558773,22.19029029643845,2.4658094052117834,24.75064968974936
ETS,69,8,4,182.30050025708792,234.89632922626896,5.4404165088183305,5.357431841605846,0.5641537073670829,5.321908584587011
ETS,69,9,4,454.90648378224785,552.9594456625557,11.998892838899918,13.068237881580972,1.3910864231382085,12.678164081288228
ETS,69,10,4,589.8604045269717,650.1645293533884,13.362213202967757,14.486088957322934,1.8544501771772013,13.746627136518583
ETS,69,11,4,696.2118405125634,738.6978331784252,14.101719659147758,15.283404692753887,2.010319087317358,14.348439578175626
ETS,70,6,3,179.7516410621106,256.2699562505695,8.49533785151072,9.262804042046223,0.5059400990830278,9.29111770685647
ETS,70,7,3,551.6377683648298,647.9526384813358,19.997521188421878,23.011456689712137,1.676593252606166,21.418435985217563
ETS,70,8,3,146.65583244441643,164.72246059297862,5.287592469533052,5.120724883416376,0.4163650309278686,5.188000259418184
ETS,70,9,3,55.2776377321076,66.9370944550769,1.9403914690976545,1.9475912090271335,0.15324788997573544,1.9558535782931878
ETS,70,10,3,103.5785432393342,112.50489573359494,3.717076754928471,3.6369025558834283,0.3006219286480953,3.6918280558403986
ETS,71,5,0,313.4901856946979,336.68812613071,42.604942562961995,33.945438830370875,1.3148006525902889,39.545994535669685
ETS,71,6,0,104.19362063258879,113.3534418634702,12.227578980275272,13.159130444385767,0.41333678169147287,12.479240166631149
ETS,71,7,0,60.45408373727131,85.08223814629326,6.11072318277187,6.424855039003156,0.2471580724504972,6.518329683650041
ETS,71,8,0,80.02628261717797,84.71388218919995,7.964834909227564,7.619992589180444,0.34849274578968403,7.88247474884503
ETS,71,9,0,50.24288757916715,56.29216025700482,4.81269710617342,4.95879986139929,0.2254236240598489,4.874909892160815
ETS,72,6,9,892.4936118153277,917.7420053765686,8.795206190147809,9.2214907063871,3.778199538708162,8.836545847637996
ETS,72,7,9,1043.9523490866486,1133.2163300210161,11.29688632000434,10.578078945520161,3.3086638929962793,11.053992765810875
ETS,72,8,9,287.4266540930507,349.87936955530097,3.0552105784662515,3.101268673768493,0.8526898140676001,3.0911508405814105
ETS,72,9,9,436.22337761826566,530.4307500287409,4.30756005886648,4.446669070234571,1.211251359481166,4.395764164601541
ETS,72,10,9,777.557174463388,798.9824633852872,8.128760423843852,7.792377476977172,1.961349933969866,8.089323435364392
ETS,73,4,2,18.60993273766831,25.000089209604138,1.0840722966192058,1.074797129295384,0.8562852486657198,1.0753733203147016
ETS,73,5,2,13.037852731426938,17.41830097788633,0.7462312467070924,0.7507239740568936,0.6020194561365086,0.7510283831467129
ETS,73,6,2,18.20532418714002,24.90547817689786,1.0313768643372654,1.0410679513318497,0.8593817628712059,1.041262862217662
ETS,73,7,2,11.669886036142138,17.016034949549915,0.6741740251159236,0.6693742355314709,0.5415858712905743,0.6686975094723793
ETS,73,8,2,19.45514814937481,26.353489324489644,1.1360786414627462,1.124406545867717,0.9073370884128841,1.1247556341376155
ETS,74,5,8,1939.394992357869,2308.9653449621637,70.56671041463206,39.03608017628363,0.9891940650948262,34.22694427329172
ETS,74,6,8,3337.032072530661,3438.744473753767,47.061096057156846,62.01753623032054,1.6430721346277024,47.838142138756545
ETS,74,7,8,1568.8918744093867,1755.3024361655098,29.87286396669811,24.947193613140264,0.738575644618456,27.31209578791123
ETS,74,8,8,930.2850364034013,1193.7385144685236,24.204434560745668,19.390610801825712,0.4485073356227101,19.370048211044796
ETS,74,9,8,758.0920399824256,928.9459404158398,18.527761116893913,16.79377599857468,0.37225606441290715,16.533281456445067
ETS,75,5,0,178.21245330055643,200.8591526892867,16.919661251122214,15.213925328340563,1.291494187687187,16.060905340879057
ETS,75,6,0,235.653943357043,249.72567836037143,18.81450840379611,20.996484679463702,1.5386181034809585,19.16424790292863
ETS,75,7,0,42.57849923967675,49.08030441446209,3.2282820496871105,3.275988747647783,0.27293891245391627,3.2687398536690138
ETS,75,8,0,72.72053852447898,83.25954775471625,5.588668576636428,5.411163296122848,0.4755715328543579,5.442964939726283
ETS,75,9,0,305.59249148726803,346.26521685714613,17.822919318239876,20.045226346700804,2.119970175728903,18.68111876537649
ETS,76,4,2,113.78497596454703,146.57611236955924,9.607520211951478,8.963509136588682,0.45938991591131234,8.959995461497506
ETS,76,5,2,144.9698326987088,179.22063229403318,9.741434606855329,10.36397997184564,0.6113689930893914,10.206629613512314
ETS,76,6,2,182.9192027870567,217.90381844180595,13.54473900134657,13.101056527001775,0.7941186971918329,12.538464782985809
ETS,76,7,2,214.06986892954203,239.32141694351458,15.282613911615709,15.353110776095221,0.9445510029054496,14.58791855188744
ETS,76,8,2,159.42665721571575,198.4298069884142,12.459854524069915,11.365946793842523,0.7127188459927416,11.421896822001077
ETS,77,6,0,225.21699786842697,263.5553642674481,27.70288409097844,25.18127919331829,0.507706896519689,25.289494458089116
ETS,77,7,0,283.70986763224556,360.6474190990626,25.073241852805584,29.493279609173378,0.6498353630551343,28.434173816149332
ETS,77,8,0,354.50780040696554,455.6518242451923,38.60108312667261,31.570641481558997,0.8255497208262107,32.606747099261014
ETS,77,9,0,314.48981353294676,461.77409977892125,26.36139203006512,26.346486966874366,0.7586598911216148,27.506397685097383
ETS,77,10,0,295.8219452065117,351.1910436670657,35.316329799978696,27.467650839892904,0.6961527472901641,29.04961818721883
ETS,78,4,2,469.7723229372907,495.7220485433943,27.041306452208495,23.382781042636623,2.279171859910407,26.04471813526753
ETS,78,5,2,189.98471067946014,216.74114320147626,11.365538300686993,11.819156611583285,0.763872707268173,11.626796865186446
ETS,78,6,2,421.24560547727623,439.1568699316563,32.34874158250466,27.38643234220716,1.7002533324659463,31.254333536986323
ETS,78,7,2,119.89259806777333,136.62664995066356,8.65801845093695,8.9545028196881,0.46824296879284777,8.929876467629544
ETS,78,8,2,134.47329222980125,171.01246322804582,11.133658742289528,10.167865303133665,0.5433951646818008,10.289156441778466
ETS,79,6,1,277.8025486795973,309.93177727564,22.93979673734918,20.016648453233017,1.250734696992071,21.99344863132789
ETS,79,7,1,210.53280295746973,225.88614163155165,18.2944321738094,16.51444883726426,0.8852203670287748,17.77596511047364
ETS,79,8,1,66.61756889632764,82.71219152904618,6.008324824562253,5.834905812016149,0.2944706818622987,5.8629294895046975
ETS,79,9,1,82.88391574879499,102.26305149428146,7.392464747212229,7.8136072548517035,0.3847680688018733,7.516576928257777
ETS,79,10,1,65.56510032972619,79.72547913692938,6.193565048156332,5.946239007729936,0.3215296727902486,6.060517297356928
ETS,80,5,2,192.48295304434745,224.2366443005225,11.70148017841738,10.820469898450886,0.9239212755100619,11.203701248689892
ETS,80,6,2,491.38103737965474,533.3395327458112,22.244780814944175,25.47499567042575,2.319042465608114,23.022915886799115
ETS,80,7,2,83.99663328508609,90.27559628004167,3.512392591882607,3.5545091114435747,0.3674964235006903,3.5374191143463083
ETS,80,8,2,110.40088867599009,134.25677786769896,4.598890576174274,4.445626955368913,0.46188380530878026,4.439454274074217
ETS,80,9,2,305.74661969175486,350.29674808655443,10.089950295672866,10.785033210845823,1.3639848754534738,10.487761344389252
ETS,81,6,1,52.844976405406925,57.623743823841124,4.150810596501406,4.254621268911145,1.150119761400609,4.182060124411188
ETS,81,7,1,99.82061758495388,117.73918976344586,7.284963773895497,7.663715657515288,2.1202626122225534,7.485610617544348
ETS,81,8,1,43.51571386142536,50.13474532388658,3.0697837079979102,3.131925516586652,0.9230200603868275,3.1027246960018084
ETS,81,9,1,75.09325904622513,86.31867828488883,5.632537309470471,5.427980323412922,1.4358175725855666,5.5290164962247
ETS,81,10,1,41.450002630147566,47.33999597652768,3.079064980680352,3.056997330051085,0.7941928357284335,3.061174444437107
ETS,82,4,4,704.551294746851,873.8304702635215,39.074966874008894,28.992384733619907,1.4422462086155818,29.582958026407084
ETS,82,5,4,472.11701894351273,544.0672224607627,19.01344851165937,19.21255304770017,0.9927604816861115,18.35748281531316
ETS,82,6,4,385.6998225732739,441.69182622672486,19.588856636877427,17.362707023187316,0.8260466760482372,15.845445748755123
ETS,82,7,4,443.2011366452137,523.4371415396864,15.297594592883804,16.70501284302802,0.946636546372428,16.257517925466978
ETS,82,8,4,517.3538845091708,598.7659358533627,17.535750164994486,19.153679403062725,1.1325356394970576,17.81354792213576
ETS,83,3,1,257.46051699905615,324.2131645816279,16.578216268090607,14.589468572328594,1.4684607517483013,15.07185942086243
ETS,83,4,1,448.2536017794157,465.4568567629516,32.77638784215092,27.82783890160468,2.5841784380425046,32.180369880953265
ETS,83,5,1,37.37849299503551,47.2147840967586,2.705353476760623,2.6654062904299676,0.1858074949361192,2.715157918079665
ETS,83,6,1,221.55323971076143,276.863876769958,19.604379864848386,16.89829265548829,1.1680455455131304,17.926808207191232
ETS,83,7,1,233.03389958699836,246.73416705141076,23.46089024910801,20.712700510106064,1.2941237991037826,23.009406442387597
ETS,84,3,8,591.447539171095,697.4055574031322,8.768333877022883,8.250792456462502,0.3873596554651416,8.437277660811253
ETS,84,4,8,633.260079019156,706.3272521109155,10.362623654916993,9.723656176517546,0.4595590231686797,10.085115321898213
ETS,84,5,8,303.0521839636148,326.03782637879306,5.1825967432539315,5.030389553029175,0.2318290670482224,5.138868090566674
ETS,84,6,8,82.53467179294421,109.8189514335326,1.4157494349475266,1.3992092290509794,0.06727797466030594,1.398167327754617
ETS,84,7,8,81.59850021878381,109.59772082185228,1.3966136590726164,1.3870787101504005,0.07281952816565135,1.3836873042266062
ETS,85,5,5,567.0138722511529,666.1803400480154,18.71116940225438,16.461354084752173,1.1153206570090688,17.31017176712988
ETS,85,6,5,916.8081555842158,1034.4381058570802,21.046203477674226,24.135683008358274,1.5913573097831515,22.135751293874268
ETS,85,7,5,142.62234101790727,173.32407630321663,3.0841875157860765,3.1023923610679396,0.23553321265420138,3.097512070196857
ETS,85,8,5,652.9722132233936,839.6130219501898,11.70670502668982,12.897725596712009,1.059898857450282,12.648665147043003
ETS,85,9,5,700.296149191851,728.2039413539758,11.504434376753474,12.25893628940168,1.1866075867615782,11.602655991602353
ETS,86,5,5,1090.6437229759258,1178.3081672084027,40.88152883679825,32.652403907081656,1.5534092381629436,37.66654587337889
ETS,86,6,5,435.31468155103533,461.3690489037598,13.91857657330225,15.08178205936691,0.5542555166066759,14.140947614814294
ETS,86,7,5,151.25284222222228,171.315149203538,4.892719888454632,4.839722684479376,0.19548564348623826,4.836572224011318
ETS,86,8,5,403.52138603975476,417.8649111377562,13.38683447071453,12.479836398207494,0.5623948347993046,13.243016665999404
ETS,86,9,5,497.1035223166595,562.0343397652944,14.075242536318838,15.423871217234694,0.7342842461208139,14.596801462548017
ETS,87,4,5,971.2005802858926,1046.4082538115665,29.805235765695826,25.169945953408746,1.6826496345812705,28.063917166021092
ETS,87,5,5,268.8714209237308,339.83313408766577,8.461789587839045,8.21297597788273,0.4522412141308524,8.261604507056694
ETS,87,6,5,521.1826008907399,638.267820217895,15.444220180124768,13.833347967801629,0.8841949132201115,13.970508724435572
ETS,87,7,5,878.8366095617417,1128.7524973840925,16.40554862385785,18.53921456422709,1.5411187427927844,18.08387544997374
ETS,87,8,5,785.9483087078406,935.6365862802799,12.829454399425305,13.943001084413245,1.3047599307715119,13.503629845329037
ETS,88,3,9,2503.72934241802,2786.7622625745566,26.486662325048737,31.41218687274688,1.919896270711177,27.975115745974705
ETS,88,4,9,789.4989081606195,852.8875120243391,8.166943404469258,7.8329195485580945,0.540210821523432,8.001011372301829
ETS,88,5,9,942.7155962012969,1054.083755067556,10.3435245811636,9.832601865940385,0.645145429378198,10.022101302323215
ETS,88,6,9,768.3883346393995,879.0816865021145,7.918953700698113,8.176130291419627,0.5644693320863673,8.076089667671498
ETS,88,7,9,529.6760835785551,730.5653976063286,5.072255233931094,5.179345344285234,0.39405978357090743,5.168989166901055
ETS,89,4,7,1120.4910862963713,1382.7555024677722,14.16609166644916,14.405847995517407,0.9068722820744012,14.123837222223168
ETS,89,5,7,1356.0944585742154,1665.2377720995994,15.998629931913348,17.065188301836702,1.1412676136515674,15.912451274012959
ETS,89,6,7,1152.1970565182698,1401.3254888364797,14.56205509671583,14.20042851209998,0.9601642137652249,13.844824444144763
ETS,89,7,7,1451.076729993599,2029.3159305561085,20.38715654922846,18.17805874447086,1.2237996518018304,18.013366303368816
ETS,89,8,7,1704.9244599236486,2542.9863156161114,17.62237913175487,17.677715275799315,1.460456706824727,19.398634815819012
ETS,90,3,1,68.96076315139295,83.87120015994866,5.470917062533738,5.262400892525616,0.42770037306392844,5.304268334708897
ETS,90,4,1,108.84118065672195,141.6394999922778,9.341216850305711,8.640514137049655,0.6846802231571565,8.668943048491231
ETS,90,5,1,375.5913357114518,441.8162652933526,23.450182083034143,27.69216237988481,2.45531575270208,25.430018039322245
ETS,90,6,1,225.60142663379733,262.6734516118645,16.33461448332906,14.724919138839788,1.4021923093333273,15.149022189209195
ETS,90,7,1,152.50145423298167,171.7600798919511,11.348098551865588,10.814105844384603,0.870532396197678,11.116144075976479
ETS,91,3,5,292.61065723758736,376.61997786976275,8.409534015224427,8.864729531381727,0.39160888005208866,8.896825431880266
ETS,91,4,5,332.087801128741,400.50289632052414,10.169183432352696,9.451265479665,0.42030814590999366,9.64007705558244
ETS,91,5,5,275.1977020660863,355.1061715179081,9.956978436090697,9.16707956034137,0.36130710292803514,9.225534765876176
ETS,91,6,5,468.13776750752106,565.7630798155474,13.928900384291772,14.929264557376198,0.636153039657955,14.514574578264824
ETS,91,7,5,641.0734459221076,715.7801614197132,14.904819660958834,16.17851696049708,0.9000279025731698,15.541509347808082
ETS,92,3,7,687.0703353143192,831.2762921406088,25.188466945180043,28.91048573126675,0.32630520688367926,25.646575592537296
ETS,92,4,7,815.9221547494251,990.8015539511655,29.998831464319096,35.18593368903632,0.40540343216600305,30.245477131450336
ETS,92,5,7,892.9128881130928,1082.0997396783896,45.36478487883046,33.61213742315009,0.4837325417505292,37.55662314006167
ETS,92,6,7,579.7773135763796,686.5608298987933,22.2336810507481,23.748865726677934,0.33278660119000925,22.137448388425632
ETS,92,7,7,515.4633311858249,621.6093690658244,19.090696723523646,18.398448076186337,0.3136636134824819,18.807191716351497
ETS,93,5,1,81.67078911472136,94.01162315825859,4.847851602437764,4.695092643223106,0.8470647553566371,4.769704772302607
ETS,93,6,1,61.50249208554236,67.59554876199427,3.3046927827828205,3.3719244786696474,0.6478316066789014,3.3068035892207277
ETS,93,7,1,87.7407094604622,101.8605175243345,4.717369856542711,4.570529092773988,0.8452227871783471,4.680475713669628
ETS,93,8,1,160.17506012262805,178.04555700827623,9.009524135593475,8.53277448999576,1.6317150534707379,8.892401122005982
ETS,93,9,1,86.65191575606735,108.05904931213702,5.080959498710779,4.886141462997413,0.8999619880254356,4.998626544540492
ETS,94,4,6,1553.2867777068693,1957.0944317549627,22.155198645351792,25.428771558575814,2.19099550799731,22.02914988002184
ETS,94,5,6,2057.337319882851,2551.9253269405503,22.08755463342091,25.973885003963893,2.5874348196275236,23.766959253501557
ETS,94,6,6,1815.6447785703533,2136.383949284122,17.81825980550675,18.77412227507273,1.9315809835846995,17.032369728923342
ETS,94,7,6,1305.574934209182,1820.6061317543679,10.032766987165843,10.996331437797652,1.202408205228437,10.639996290529142
ETS,94,8,6,1675.7463267170485,2122.2131752660994,12.972814096543328,13.2513605763532,1.4592432267775564,12.78669523854023
ETS,95,5,8,34.98639425564842,50.63038600459774,0.3825889983490231,0.38109308662555413,0.1086666325845353,0.38540703586393604
ETS,95,6,8,138.9823588572412,159.3978082235791,1.4912050633585001,1.476785146842461,0.43695501681537496,1.4981031555364641
ETS,95,7,8,46.76261824589559,56.00804284853644,0.4911705285072637,0.4894517312334688,0.15158450987864275,0.49197915040395146
ETS,95,8,8,102.92231222431434,130.28939865442047,1.0577712153985284,1.048891997105153,0.343240190598245,1.0616628195058213
ETS,95,9,8,152.35158745332967,175.41795744219573,1.5525366332457193,1.5367496112847663,0.5187908766855721,1.5557545663810823
ETS,96,4,1,73.66370528686187,98.27390714791088,5.834506425954181,5.718823855617162,0.6720907492211892,5.692205243395961
ETS,96,5,1,64.31347726853043,82.74263463135777,4.817423020799802,4.819610406679578,0.6068089968614999,4.8071940767945
ETS,96,6,1,96.65163473291581,114.2697437566083,7.423189540541099,7.078065922992102,0.9263158717369183,7.276447308414531
ETS,96,7,1,114.31079518068431,140.61034205586006,9.423235957335788,8.815441595053297,1.1360074544201086,8.952583877492346
ETS,96,8,1,156.7420762171373,182.05087565733174,13.598762081316549,12.425194144814904,1.6018531054078888,13.094048801851935
ETS,97,5,1,228.73563699433453,249.52864121230405,26.305658076844708,22.60415785484962,1.1395326784820288,24.826268631321245
ETS,97,6,1,183.6061698496461,208.00204577607875,16.38558999857052,18.226437874836996,0.8424104606262461,17.084674706595095
ETS,97,7,1,103.60367367087125,134.2444664837518,7.738593570887317,8.223722404717883,0.4798798706901275,8.173343349828041
ETS,97,8,1,57.631012399894956,69.11918875437641,4.006732721946495,3.9824540652787537,0.26980428494560504,3.9685963046967894
ETS,97,9,1,109.08845866361851,119.14799020924677,6.834050177678096,7.11982098909873,0.5133833402620626,6.9271166322177
ETS,98,7,4,35.78391492355399,42.665036470683006,1.2789399127231347,1.2813620508776173,0.1637713331043978,1.2817952747198176
ETS,98,8,4,102.84725692440416,122.33180767095183,3.4628675217504874,3.4949081765991723,0.46187169920480736,3.5042074186822605
ETS,98,9,4,239.83844209407349,270.295494733779,7.2093731883757215,7.549219702150175,1.1413739766726652,7.360491682014901
ETS,98,10,4,159.45216350132256,200.80947731888443,4.28397951308029,4.423770749941528,0.7267701915855562,4.429176804451707
ETS,98,11,4,81.8116909435214,104.83868048433968,2.0235948866307094,2.039497325233529,0.3623985447801851,2.049701515193073
ETS,99,6,5,2357.777777777778,2790.647077491368,30.995954695693346,39.26949412306678,3.8977184841453982,35.04541701073493
ETS,99,7,5,139.44444444444446,211.3843261297614,1.8569257949808144,1.8200623575277772,0.18922994076467423,1.8108361590072866
ETS,99,8,5,321.10666666666657,377.8214163096397,4.224869365801973,4.130147269561404,0.395120106999554,4.129104157736818
ETS,99,9,5,322.7777731555559,454.4532697878729,4.2608868706225795,4.0824349398287145,0.42229974682366667,4.082062753319755
ETS,99,10,5,1152.8192009487439,1731.0216453122212,10.85714487457684,12.260087361185972,1.5855056503412557,12.538972516210881
ETS,100,10,2,974.3963931904252,1063.4326788114083,37.75046205200393,48.04370379799869,9.76119726542205,40.21617437966623
ETS,100,11,2,171.28175167856426,189.39802960103208,5.7720964213019,5.979228406607557,1.1348126790364248,5.853214747537998
ETS,100,12,2,100.56059381904055,132.47293191967515,3.2735742230344838,3.184710893514145,0.5423481220421495,3.077593044863618
ETS,100,13,2,111.06421866075738,126.06059718443078,2.9671411754013532,3.0245058931253683,0.5934976017250533,2.9748396939347956
ETS,100,14,2,64.08479297593713,110.2849725800509,1.4949116487479808,1.5166520147733982,0.3085581270134761,1.569825269929789
ETS,101,9,9,83.93007277183136,100.21257346048027,0.8716956896673548,0.8720315326172297,1.0256220705315442,0.8609684332894311
ETS,101,10,9,158.28352104911755,197.71696522121056,1.6460043825088193,1.643340613579605,1.9291250684590013,1.6156050665918809
ETS,101,11,9,208.57238317311982,222.4810860792531,2.0967376546729533,2.105670036976685,2.4927257828231917,2.10062661051804
ETS,101,12,9,194.9032537236135,214.5704840601775,1.9379271851834006,1.916553706541859,2.1164110685149224,1.9491408228374036
ETS,101,13,9,42.62776361910195,52.950903004402015,0.4295029280847826,0.43023065020680007,0.46096653176309044,0.42565334461891174
ETS,102,9,9,61.66511621195585,75.42074271797642,0.6001047417155351,0.6027804061984623,0.42517892124998286,0.6038922606351393
ETS,102,10,9,66.84952446482475,74.35086905667369,0.6547537632090834,0.65527051421093,0.47859390857793926,0.652855723103675
ETS,102,11,9,79.3075939999255,92.33374539783686,0.7813669184983039,0.7773189407298451,0.5891189103478073,0.7760671352842746
ETS,102,12,9,90.55682816786238,94.8442781058051,0.8880942901807443,0.8837842745753367,0.7057558886793933,0.8877540177229826
ETS,102,13,9,86.93953147511245,105.99089586234068,0.8576825285251829,0.8532152368491601,0.7025273326560938,0.857998238154308
ETS,103,8,3,46.178506691208995,55.11566566488165,2.2974848469049527,2.307352953864714,0.16489080624377303,2.30358868743456
ETS,103,9,3,193.0553787169886,232.67463672218562,10.855845502900932,10.05200937749578,0.7382050272139364,10.32691573201048
ETS,103,10,3,155.7521108546224,203.65232626881848,7.760233059179218,8.279264377413314,0.6243465491089256,8.221446718601314
ETS,103,11,3,119.60160820399506,140.03755412860878,5.4528188065635,5.657659502302929,0.48274447454238534,5.573046748638757
ETS,103,12,3,214.53918206046137,257.2037462242271,8.689301663971507,9.252264935179253,0.8563390794860333,9.015408787515447
ETS,104,8,7,904.0891633151145,1048.9633167594784,10.198584111583184,10.908217280445076,0.7689643040391164,10.579854970209425
ETS,104,9,7,910.2441443339756,1043.8940432210431,11.510815652652212,10.698457081740903,0.7939565101223897,10.949112710202035
ETS,104,10,7,1824.178912061775,2057.5595045700825,18.465892451936316,20.797888099096276,1.592116184689989,19.293261133939023
ETS,104,11,7,1558.3523530064194,1722.8761793111914,18.723318817638525,16.730779149817245,1.3002940523991582,17.871571139845436
ETS,104,12,7,883.4216117492148,953.5243415393493,11.40138948401997,10.677682793133677,0.7291725973228504,11.17130218478007
ETS,105,9,9,262.6884954696541,295.80816309076937,2.784353697771304,2.8334344526998962,0.7896447759608839,2.8078342746162552
ETS,105,10,9,83.33333333333333,106.78402161220114,0.8880425827134932,0.8837475166750359,0.25139664804469275,0.8828722778104767
ETS,105,11,9,231.26775295828864,272.61419122655724,2.3927264368747982,2.4311711661232733,0.7211575092247711,2.4160299206321505
ETS,105,12,9,213.51870356159372,241.49132095391374,2.171614524577062,2.199391927938314,0.6943090710219657,2.186198329982188
ETS,105,13,9,207.10854269211106,264.86550192353565,2.15267239734693,2.133637501189884,0.6755764654536736,2.1266136728225895
ETS,106,8,3,960.3801590957506,1103.0734744118026,74.92366028708149,48.65793143162846,3.668862580857873,57.25420885759348
ETS,106,9,3,362.56671644726504,404.29986521659134,39.883744778600374,31.277942041763247,1.2702037033489757,35.26301474285144
ETS,106,10,3,305.5026689845461,324.64403453858,47.29665390410124,37.07744395671528,0.9355142081195268,44.11787321233983
ETS,106,11,3,34.834708580044364,49.4069759509769,5.232697823973506,5.447545650634765,0.10511522761452223,5.5324719409377545
ETS,106,12,3,73.12407285963069,82.78135083466974,13.201515331537895,12.109117857476484,0.22901772870822157,12.640395995600006
ETS,107,9,7,916.528503760712,1057.5849182181596,10.179339992328057,10.891252605935733,1.5258521150289326,10.582112294863897
ETS,107,10,7,889.7335155875944,1041.1962215399833,8.354128629352624,8.846743521196895,1.3597814106150028,8.670927601828208
ETS,107,11,7,900.2392643385623,1017.4449376808678,7.449076769534447,7.813994102963632,1.250132737389544,7.636336832278097
ETS,107,12,7,435.7315440798208,564.9591310450212,3.6534954154732144,3.5487522091890904,0.5574007372685466,3.5829912258733554
ETS,107,13,7,628.7212239949599,742.4790933696983,5.427126382266829,5.224087416115135,0.8000437169087535,5.34071827839041
ETS,108,9,9,289.3576423319373,351.720908419768,2.598081683482524,2.6028786581788603,0.5025256897545543,2.6137065357120703
ETS,108,10,9,644.1255185224157,746.3613687737505,6.111788199882683,5.8790508562495,1.1587821654706425,5.968638493821708
ETS,108,11,9,422.2926132110246,508.2357478830993,4.210927459762013,4.1022377994448735,0.779931587257656,4.123906553638982
ETS,108,12,9,450.69054844027374,558.547864384009,4.299366670697624,4.41914610127148,0.8050518785522713,4.4177648078357405
ETS,108,13,9,680.952206992532,707.6447617451032,6.9298397739401345,6.678438423837807,1.2370611975715549,6.8896331936717345
ETS,109,7,2,52.66649007247275,60.7382772295555,2.7219244652651216,2.7707288172001423,0.5292866338510699,2.7740442150903637
ETS,109,8,2,45.29121617396275,55.41569060386077,2.1597672675839146,2.1942268858586216,0.44855789969304194,2.2102474165978925
ETS,109,9,2,45.06732322201671,48.99558627827679,2.0220962521542,2.046299877088051,0.4319227459473495,2.0377041056007212
ETS,109,10,2,38.72944794113601,42.23455556672,1.6559141590199566,1.639903790898852,0.3532550615453939,1.6631859115940135
ETS,109,11,2,23.235039180547446,27.21866390703188,0.9554543891474844,0.9497751249315832,0.21014334852377708,0.9620807124382892
ETS,110,7,7,1696.229324114616,2126.409321806741,15.083730270962246,14.973104168653206,2.2552718340013764,15.616178642189436
ETS,110,8,7,3168.5100894800394,3557.2287759715955,22.20039826366083,25.53968261166632,3.4518766442984052,23.25758555877104
ETS,110,9,7,5104.33929407481,6151.122628550814,25.611566230347645,30.8190757704191,4.414599348758542,28.355401384204953
ETS,110,10,7,5478.337020423153,6460.434114463808,41.82995264813662,31.87827438141253,4.1217955767837156,34.340935986677614
ETS,110,11,7,2893.8526950998457,3039.550420469087,26.532816280919448,23.086915746116908,1.8040822789160578,25.755746293972827
ETS,111,10,5,203.62599721621834,274.61378744812765,7.408301644849308,7.7580467738140815,0.25589684530242623,7.780519110321673
ETS,111,11,5,1061.8431400736665,1221.4634897974777,28.22520124571502,34.10438314118766,1.4128842095714507,30.374849356927804
ETS,111,12,5,808.1184383153676,842.3917066935496,18.293812996915655,20.270515100228224,1.086620656159838,18.539633926071065
ETS,111,13,5,376.84758544293317,420.39920892605795,8.008831877045353,7.867286610611229,0.4874991599132564,8.058107099481958
ETS,111,14,5,347.7949880004138,531.703555058289,6.6723586743484455,7.1564049950926,0.47014025930945524,7.331585688477893
ETS,112,9,9,138.0830924412008,170.0131304020688,1.5871601926874954,1.5922035264929988,0.3014388151440814,1.5957316520660854
ETS,112,10,9,525.9179947469486,546.4214816139427,5.895662831220869,6.088218514977782,1.1812810596889478,5.921684894124354
ETS,112,11,9,357.33758440347003,404.65182973161427,3.8192350984796697,3.914299208943746,0.8250300503722487,3.8619492760507113
ETS,112,12,9,277.19766499883985,294.7699810034266,2.882275128128929,2.9297060492218647,0.6495838039835737,2.8938897962376786
ETS,112,13,9,260.69849503987575,276.18436454842987,2.6460029780441285,2.6857047264519944,0.6156322545845406,2.655041196047212
ETS,113,12,9,333.33333300003324,413.65578747452685,3.3355977524556013,3.2528331438197235,1.0616438345549004,3.2679738529415028
ETS,113,13,9,188.87888688878976,199.9905536935913,1.8866440943873353,1.9067528639105942,0.6061267358829883,1.8908898576185849
ETS,113,14,9,127.77777866657804,161.58932930246718,1.3033871212293273,1.2904282343163744,0.4035087747365622,1.2928611669468266
ETS,113,15,9,144.44444399999986,173.20508005123716,1.4457362072633226,1.459647796294743,0.4729596838938048,1.4557670727883525
ETS,113,16,9,94.44888888888899,117.85160202559827,0.9463839638165508,0.9453793594413088,0.317088091822095,0.9439644641865639
ETS,114,9,4,205.6310392771413,262.3008852278331,6.417039981984361,6.093991432983089,0.676969043142497,6.119799388887123
ETS,114,10,4,174.46392149783563,218.15998394673736,5.6348326753716105,5.403082653178956,0.5529301750364553,5.416128857329639
ETS,114,11,4,183.39581943581788,213.82459903655166,5.455128900105348,5.593695283199494,0.5862536300082426,5.547631354021988
ETS,114,12,4,240.84302559127096,285.26217139092,6.463578154444188,6.634885956680871,0.7771952885553227,6.591308104650187
ETS,114,13,4,254.0890976434157,326.00985960317746,6.0795599303569325,6.3690162474795216,0.8200221085371185,6.330813639804688
ETS,115,8,1,500.7250137199046,641.2893730717371,27.24009823827189,22.14474727108001,3.493430328278404,24.959984068009643
ETS,115,9,1,153.04897072161586,176.67261169768372,9.92781466397616,9.296450882576595,0.9802453291307592,9.48324087087465
ETS,115,10,1,79.83194199089024,87.23089509529719,5.042732234502976,5.198309494275122,0.44169312167090913,5.084837069483456
ETS,115,11,1,68.47221689745116,88.21090078493401,3.955021032153435,4.037555292160393,0.3863218463085766,4.075727196276855
ETS,115,12,1,54.429360202019325,65.32715391094769,3.000606289572719,2.9837713881199734,0.32067979086397197,2.9778981265542486
ETS,116,9,9,32.897923366898084,42.66984217055891,0.34905499135113477,0.34905711992934807,0.40250314070429954,0.34808524606405217
ETS,116,10,9,98.80478674422658,119.65535573737989,1.0350273125653766,1.0429455133832433,1.1891809400122366,1.037623198014048
ETS,116,11,9,147.85347374832548,172.8866937799828,1.5194007329124757,1.535246152583216,1.8104506989590874,1.526710949672934
ETS,116,12,9,180.1746023114089,218.1153259989787,1.8088031611235587,1.8311248128461934,2.101095675857182,1.8262996067154862
ETS,116,13,9,111.16289041325905,130.25082520333396,1.1097336527991715,1.1169771692326702,1.1994687902902066,1.1146011739297363
ETS,117,9,8,193.6682691631493,225.76238729951328,2.1374189751404127,2.167349569339638,1.018663313502784,2.149375320576545
ETS,117,10,8,487.26651013251205,606.6514893979787,5.317976095297365,5.288818919470545,2.381499265113949,5.415676979836752
ETS,117,11,8,718.4998788732223,1048.5913414183758,7.061534204511262,7.553292694317994,3.4092985798729396,7.6468245065707245
ETS,117,12,8,864.7891410854146,1208.7246631257567,8.212320633444259,8.779972391168029,3.8043277179321,8.853539457929726
ETS,117,13,8,465.4508239769193,591.3074169732934,4.514300499715551,4.661534669446478,1.954929004866786,4.672731894156403
ETS,118,9,7,159.52525050944618,219.19124434196132,1.595252505094462,1.582481767778514,0.33942505569543713,1.595252505094462
ETS,118,10,7,124.73368007542649,144.94999191059384,1.247336800754265,1.2490956213914914,0.22115900722593348,1.247336800754265
ETS,118,11,7,145.1428217838985,163.88725314362014,1.4514282178389848,1.4582008665312944,0.27640805304262256,1.451428217838985
ETS,118,12,7,278.9319287378785,324.1569200810367,2.7893192873787847,2.7392628192112225,0.5678283287939475,2.7893192873787847
ETS,118,13,7,229.86462085441974,272.3030236778214,2.2986462085441977,2.2631941041087194,0.49813058104779695,2.298646208544197
ETS,119,8,5,1893.5297704125016,1973.801311027158,24.172730037740376,27.69720551803222,1.938074589121009,24.545198208145187
ETS,119,9,5,406.9669326712882,503.9539209289504,5.969041330675121,5.719107809955031,0.36818835345029394,5.741794811807447
ETS,119,10,5,623.0196027509968,676.0208835112624,9.95132477949415,9.393692110092648,0.5865373421305635,9.76199284066267
ETS,119,11,5,288.29200610690845,340.4838441736489,5.0840743456179744,4.931982237545764,0.27587417994503766,4.949530547391969
ETS,119,12,5,403.5887048490073,481.05995707009333,7.996346528372704,7.555748594476308,0.399325369798758,7.721222037348909
ETS,120,9,8,134.336798924364,147.25525702292657,1.5094989761407631,1.5081686532298704,0.48834354842485034,1.5050149567979434
ETS,120,10,8,308.2069583990889,358.52094788630416,3.1675135257468066,3.2349930036374555,1.0872207834825451,3.2259655704645547
ETS,120,11,8,227.59105711370557,272.91590647681323,2.206023172486054,2.2410002694844393,0.7451751677132411,2.240804631903895
ETS,120,12,8,100.11909667681377,117.00289196088357,0.9557519666372593,0.9581319420277401,0.3075398332323847,0.9563539077275128
ETS,120,13,8,336.6289062618198,400.81415767604506,3.2633768740147713,3.189082388823936,1.0147915445842834,3.2391696492712425
ETS,121,9,8,636.3926662864355,653.8027780670634,7.367104565344286,7.089034984215925,1.4100280641501526,7.319532263997342
ETS,121,10,8,470.8563459704718,532.507638795661,4.925308059600456,5.0814186899321685,0.9417126919409436,5.018007239472168
ETS,121,11,8,479.62236130059057,513.6450304929411,4.650078611008446,4.77608098614208,0.9440530640984475,4.699620306701486
ETS,121,12,8,156.7292102615527,166.115023825109,1.484214212927077,1.4848415861200275,0.2944609404914021,1.4855849313891252
ETS,121,13,8,357.9062189564372,439.13211168545564,3.4810632621898367,3.3917158681939696,0.672347546047197,3.448775129130552
ETS,122,9,8,398.1082147541553,462.23150401281015,4.4392516953832635,4.3103092525610425,0.933649659367156,4.418515147104942
ETS,122,10,8,25.927053344724907,30.85103102000012,0.28804548554161225,0.28815843164089977,0.06414451194021739,0.2882919200673637
ETS,122,11,8,73.86270384246755,104.53845861817251,0.8095857258268406,0.8150523498157891,0.19288774528874914,0.8174169499934927
ETS,122,12,8,334.8764469284437,440.770899548105,3.4946297054211026,3.6026756667675066,0.9174697176121746,3.595238008297738
ETS,122,13,8,174.08768823056684,200.13269679882535,1.772206332264246,1.790256837497092,0.4878890625570026,1.7857182517382053
ETS,123,9,0,9.17353915866579,12.431778263527622,0.8609291183371155,0.8650425578162972,0.1806526500072428,0.8677540124760184
ETS,123,10,0,28.478703183053717,33.355438437845166,2.612586666739976,2.651818436780972,0.5825941804925941,2.6376687784052386
ETS,123,11,0,28.62211013173683,35.92331322635133,2.6890631734619737,2.63222949276789,0.5955861320612269,2.6462692664066148
ETS,123,12,0,62.990784184516414,77.75652253246267,6.241339841957086,5.955153699149875,1.3518273001208438,6.041100600859345
ETS,123,13,0,63.91348567429436,66.93899925445064,6.342606941274129,6.570323601577095,1.373237104488766,6.363318150974393
ETS,124,7,6,999.4601682379894,1086.4856892951589,9.129871387041701,8.65612112590223,0.6529086782033999,8.97069189338648
ETS,124,8,6,1086.7447076408298,1248.396574466608,11.652514117486392,10.870312484934669,0.7265839087195652,10.926211886001845
ETS,124,9,6,729.0171191803638,857.4201958072787,9.937109051734362,9.256941439557936,0.5131938061381633,9.239051604437169
ETS,124,10,6,381.9455362631504,452.75499829515246,6.091996084515897,6.364183978129602,0.2590468396151103,6.104888028004003
ETS,124,11,6,416.28047358365325,478.1669655836328,8.277136106233671,7.844721720132972,0.27888879418493606,8.116571677329922
ETS,125,10,0,70.6265880358163,93.56876812453774,4.244275015401356,4.4047637134328275,0.6060735915529722,4.345318192333283
ETS,125,11,0,121.46317996210746,146.48341579803753,6.511288296397104,6.824441171645939,1.0980408720987647,6.75628129023796
ETS,125,12,0,57.4403985852541,64.78621414770721,2.716056453615785,2.7627604595261706,0.5112462625016736,2.786376914967983
ETS,125,13,0,61.021818842937186,69.18047860071677,2.593636768541917,2.552057167339679,0.5032369692674593,2.6437586107352566
ETS,125,14,0,16.40363540585847,19.662574460102878,0.6464175917741485,0.6454639418158933,0.12719443040545103,0.6514919677685784
ETS,126,7,8,1850.60684496766,2063.9923382324605,16.241544387797553,14.73683742448387,1.9179086965699128,15.791291095171243
ETS,126,8,8,1320.8248428584527,1600.6074603781556,13.188164171456155,12.005447493482022,1.313656845722013,12.603444153237739
ETS,126,9,8,139.78106361572705,190.08820077734015,1.3836542169750945,1.3942445621926465,0.13675860722367894,1.3757211403799037
ETS,126,10,8,493.2179517068298,677.4672271433801,4.9477122584601085,4.725680982534901,0.4869812846008948,4.838366282825579
ETS,126,11,8,1210.2171419758927,1377.089672615495,13.160314715808063,12.116176356214043,1.2569646693810577,12.841635603245832
ETS,127,9,6,290.31838898857814,336.0695291348194,3.7615207103593873,3.6695995942592603,0.6762074277684273,3.7514221118409234
ETS,127,10,6,172.76075031349262,189.61657377948677,2.121405639223465,2.148704169079795,0.42276799925658315,2.1372463956308367
ETS,127,11,6,156.14320823651573,185.83551295494797,1.859246044517707,1.8353088676109606,0.3897979660423779,1.867493520436733
ETS,127,12,6,142.61128438610345,177.68704821758377,1.6069080116037484,1.6257104384050425,0.35942681430643963,1.6360759202994661
ETS,127,13,6,150.2690610349872,170.42581133605208,1.5907372172788907,1.604395199425223,0.38640615694710995,1.6129058429515624
ETS,128,10,6,727.8077871578397,772.6030567794655,10.099901750720779,10.693268452667823,1.262314678321844,10.287536706805605
ETS,128,11,6,913.8568248653135,1069.6346525487847,10.771195570559783,11.598991422088515,1.4757560172453226,11.179968360310497
ETS,128,12,6,1015.9414852254291,1182.4361669251077,10.051958504195149,10.75354051088512,1.5769748893571245,10.479271322091531
ETS,128,13,6,252.16624746133573,285.74347534274824,2.2887716512992355,2.3230771418199043,0.3655717848120371,2.280881245890886
ETS,128,14,6,375.24811107678306,461.8890021172002,3.1810089489943563,3.106655081417143,0.5054984532424771,3.2112086934277895
ETS,129,9,2,251.15245475972603,276.05875352911687,12.49837986084179,11.620385865934022,1.4476451816264007,12.398808466803098
ETS,129,10,2,210.23074763211218,251.4654813403989,11.024957313405558,10.203329543418024,1.1839492909664109,10.749187586901893
ETS,129,11,2,92.33228054578663,116.12267834020956,4.643025507582857,4.5220368555396515,0.5464188855269949,4.434386131814617
ETS,129,12,2,144.7580996489864,171.06524578548354,5.896558103094341,6.12295799826384,0.8613115801550109,6.078315379061437
ETS,129,13,2,179.6567799581129,218.82641957210313,6.25094021876247,6.489492132695427,1.020504140025508,6.524645205911566
ETS,130,11,4,96.60431172610907,108.97579618851454,3.025745979814905,3.0848175768629336,0.8243842898326651,3.0626721578327474
ETS,130,12,4,28.75692264996782,35.080458030662875,0.8767462899378399,0.8738781414545654,0.23714190670032426,0.8677559063031928
ETS,130,13,4,57.67413792390216,72.75685988070832,1.6086946379213027,1.6292873110169324,0.4687523485717079,1.641789000151956
ETS,130,14,4,37.894826319124,51.020896732365145,0.9974507381233703,1.0064350608221009,0.2993200399038977,1.018141364950532
ETS,130,15,4,59.75218993925205,69.19968540134616,1.5012489690745372,1.5163123252573094,0.4554878052837954,1.5206947697935014
ETS,131,12,7,373.0904675091047,429.3905525696575,5.618161111522327,5.600701739976108,0.26456281721957103,5.591697264915807
ETS,131,13,7,535.943187557171,892.0007874309715,6.927831299618728,7.46517373121707,0.4018051917316163,7.68683456257297
ETS,131,14,7,2030.415820113707,2283.9016498485025,21.240370484138662,24.450377379639537,1.592185669245252,22.421769792666705
ETS,131,15,7,1060.7837825777096,1238.3552953747894,12.649733229248373,11.658722981150998,0.8064863004529162,11.918918905367525
ETS,131,16,7,577.7477827779771,614.6081009788426,7.4622962049917945,7.157330147751635,0.4363879314720679,7.385980177559366
ETS,132,9,1,28.659440981691382,32.77294415196638,2.447540969675713,2.4875181902906585,0.5340268505905227,2.4402551450825207
ETS,132,10,1,6.794969636122308,7.387645752362838,0.5885660035673449,0.586829309334068,0.13027042379311407,0.5885921725226254
ETS,132,11,1,32.99673746825749,34.830194329928396,2.922097417296437,2.9707151730409125,0.6584211375546793,2.915764724735566
ETS,132,12,1,23.030796081249605,25.834117306295955,2.0885463190981812,2.1163513488104355,0.47916421377096496,2.0863328105812426
ETS,132,13,1,20.405121670595072,23.23501135869802,1.9682316005367926,1.9439756275854134,0.43583755024571996,1.9382173618507192
ETS,133,9,7,84.91565532602372,91.76218831527062,1.0218095378063352,1.0157303397052941,0.3274382596119167,1.0196676423405115
ETS,133,10,7,126.6212790591837,137.70432901782252,1.444118799375922,1.4564780621452424,0.49595375260125146,1.4557888496840232
ETS,133,11,7,33.47181134913242,38.30676288055718,0.3709868731829062,0.3701644160432207,0.12738615867780057,0.3711986964970634
ETS,133,12,7,87.25357002869129,107.36830009252994,0.925291816269523,0.9317090444385154,0.3266082516670674,0.9336925631748665
ETS,133,13,7,76.08444697031852,103.78799656587383,0.8012880878025602,0.7958379748616379,0.2817415466639811,0.7911727587901405
ETS,134,7,2,164.22467934028455,170.31001813836994,7.277688185757551,7.004004189551938,1.146725817419279,7.270235653255878
ETS,134,8,2,87.62964251819956,104.20580516474104,3.8080878070670594,3.7175152019721778,0.6402979224419507,3.7940453429104717
ETS,134,9,2,37.82755329168435,48.96771173867062,1.5454574096956482,1.5632592363504252,0.2866343472420806,1.5665836977105436
ETS,134,10,2,123.78633199872823,160.28474633305063,5.192838109611505,4.986702052823197,0.9626665010068832,5.0803806975498755
ETS,134,11,2,229.99831518513878,251.07563772487975,10.086542165849222,9.513436744602766,1.8085568795401976,9.99179598353528
ETS,135,10,2,1515.699708513978,1652.8424945848358,68.25592239078921,47.60570717250377,4.624740066831243,58.63466196286804
ETS,135,11,2,344.0642826647438,384.3775174259249,19.41056070997571,17.207490370580782,0.9126289027349465,18.36330250671368
ETS,135,12,2,395.14473765254104,463.76013207094235,16.935427838592773,19.00132523658137,0.9330599239405305,17.882089981243677
ETS,135,13,2,608.3583971559718,701.3416840557779,19.51612363547556,22.28776797606553,1.463129232560942,20.70815897540563
ETS,135,14,2,235.98566253366633,289.1329781861737,6.559920514976546,6.880436063114627,0.5466757912951515,6.784574041176736
ETS,136,11,9,257.2195554311337,318.63134587670413,2.578759013955558,2.5293548375247603,0.8711500047690995,2.537849984520822
ETS,136,12,9,214.93544288437363,229.05474204830472,2.1402292883139795,2.1664826176917282,0.7366363688985553,2.1463614470481303
ETS,136,13,9,212.44374483436798,243.67631642895836,2.1621289758576934,2.13167549524039,0.7222007670696529,2.147294202184712
ETS,136,14,9,235.64134973343354,273.90105236668404,2.346276197031727,2.3830570972688445,0.824428693068008,2.366299370258973
ETS,136,15,9,84.66444148320423,99.93517359374498,0.8294132031476168,0.8334414394254644,0.302241722695601,0.8330517865153992
ETS,137,8,9,360.06997629500586,411.2409121412627,4.911339744774496,4.760577100053579,0.18002683475824757,4.824020421670011
ETS,137,9,9,204.30812645728162,243.70902191066742,2.7971423108124345,2.7888010539276644,0.10584030463869896,2.790677377646989
ETS,137,10,9,164.18250385892497,209.57548671989957,2.2894400397595516,2.2764702078788597,0.0908382150540412,2.289082069394439
ETS,137,11,9,150.17484643230617,189.8530804814706,2.1079504019838593,2.11102668483052,0.08804181490298803,2.1053056855590055
ETS,137,12,9,480.95821345013815,536.1760481411446,7.3205589078944575,6.993471367000781,0.29884208158599124,7.180933985824748
ETS,138,7,6,1483.7991539309555,1709.4886421300807,17.564343732617996,19.802442343269306,5.287891543028069,18.666096914950693
ETS,138,8,6,339.4124904714941,388.4318522713607,3.7106296877007887,3.795686140359799,0.8647771298684745,3.7535479765100965
ETS,138,9,6,804.768168734071,831.6572870981099,9.186400188120313,8.756563880442608,1.6337374346670093,9.161750554804996
ETS,138,10,6,142.40932087506047,174.33883880796375,1.6145804980458904,1.5953331400012247,0.2940166439191471,1.616838298842634
ETS,138,11,6,67.2191334298944,83.77828732350129,0.7481804335930594,0.7441063488812756,0.1460227373567583,0.7508001053266435
ETS,139,9,0,7.151612539193157,7.9121780966609485,0.7042853633190829,0.7019307268191779,0.24694794679534382,0.703668009759904
ETS,139,10,0,28.7333323662933,32.805213254375985,2.753431817202541,2.8034374263566906,1.039017822173999,2.7751246584390157
ETS,139,11,0,21.961455808572776,23.55500958582159,2.117858954051075,2.0922766828970194,0.8075429650658629,2.1112273261819587
ETS,139,12,0,20.611077777779453,25.014374756419738,2.0422499936824505,2.013435064780157,0.7777765199162058,2.0175072053946934
ETS,139,13,0,39.9490026335155,41.87221991023618,3.9344149919285782,4.0211545772960005,1.5326298239558358,3.9436330339107104
ETS,140,9,6,648.891965307278,669.9344081452756,7.780924098792552,8.117013528944788,1.8016102394419669,7.830082239293019
ETS,140,10,6,546.125377488054,638.2899506431206,6.563560749908576,6.28338324170345,1.243828974863484,6.541990626354265
ETS,140,11,6,194.53009234242484,272.9258102206174,2.2183326013193896,2.2670970799596684,0.46254661329336577,2.276596272033371
ETS,140,12,6,146.55496865669497,169.15464965939012,1.6380514327844642,1.6380892013494992,0.36350963701536576,1.6481871342300156
ETS,140,13,6,731.5107391991994,834.0103829587903,7.500163954846641,7.876580676225641,1.8181252053806172,7.669390631438734
ETS,141,10,4,1048.0632710935802,1324.814209988535,26.318580192002862,27.279879388057797,1.7097999634584746,27.658431253601428
ETS,141,11,4,899.5007038336047,1181.3345837309532,21.810349756066223,23.01821743025561,1.3891930505079981,22.692496076335647
ETS,141,12,4,780.5252824752615,960.535800346655,19.92182858108961,19.340329493325346,1.1103612326605792,18.87867917508704
ETS,141,13,4,1113.5732653543714,1449.944026245552,21.515102958055977,24.775782334474542,1.501405865647323,23.54595085496284
ETS,141,14,4,1001.2899258337553,1435.9565461523114,19.375116465779872,19.937625412030275,1.3021528826274327,20.568822515911826
ETS,142,7,5,156.54132766475303,190.3888104181504,3.27252466119209,3.3494206031214397,0.672761865327577,3.3605319830736327
ETS,142,8,5,126.61793490517877,136.4169344208197,2.5011776696709913,2.537793337871425,0.5526075854314362,2.520640799170631
ETS,142,9,5,119.24091326013507,153.97296805218346,2.185197752243787,2.224739089300189,0.4878092793514543,2.230224782727374
ETS,142,10,5,217.609739860707,242.37766590599517,3.949146066322679,3.8544074141044735,0.8740865983561162,3.939805703583854
ETS,142,11,5,178.03168993230352,198.66761354836854,3.0400219861091147,3.0975403958577976,0.7129416438333841,3.0798145239702848
ETS,143,11,9,703.4232567612166,786.9287241429666,7.018788915020349,6.722432964822368,1.5691347231667354,6.956665744560318
ETS,143,12,9,137.79952866385145,163.9458597498339,1.3640388037234905,1.3772640591567007,0.30476833650193663,1.3726495791109767
ETS,143,13,9,132.70303662943127,151.42791889764982,1.330980924795949,1.3200408855904289,0.3003601007399192,1.3245505133886903
ETS,143,14,9,65.55755307463885,76.0531935863731,0.6583859755444909,0.6558155934840156,0.15478375321184293,0.6561806751468016
ETS,143,15,9,57.28512344137976,74.07125401246061,0.5654558310788771,0.5671610242210561,0.14078085110795832,0.5676602963703223
ETS,144,9,8,392.5742927036697,506.14100273599024,3.8436860336877197,3.919116452190283,1.1152678769990616,3.8743008216821395
ETS,144,10,8,401.8636328077083,501.06732799240336,3.9764137737784075,3.9483123316684936,1.0728725859401573,3.920620807880081
ETS,144,11,8,240.28489389746886,301.29477438300563,2.515982804709094,2.472126148321237,0.6039227435816782,2.483137036487794
ETS,144,12,8,308.86963842531145,385.66194638758645,3.119531146199972,3.158326482579217,0.7440713993926684,3.147805170227384
ETS,144,13,8,290.73495784887433,330.0167049882118,2.9383890864936735,2.884059937271695,0.7039070879686613,2.938365660460268
ETS,145,10,3,198.21569232008198,237.10816867853578,7.902751117494187,8.356932995439905,1.7903448020360273,8.27083260097711
ETS,145,11,3,289.31495346985935,316.1703227918422,10.131687948927825,10.761639545038044,2.4770859812938957,10.370874472498146
ETS,145,12,3,156.3179251014177,168.80079730997946,4.9887704446439765,5.136823387682179,1.1580284205325984,5.046955381273181
ETS,145,13,3,95.22849080665964,110.46018992088491,2.83096587440256,2.884077848088875,0.6405740762951456,2.8785554218926013
ETS,145,14,3,189.1219406954374,208.40415583771883,5.186658268162415,5.3524386712717265,1.2497751169126396,5.268511439030356
ETS,146,9,7,601.2903513630902,668.8355608878961,7.083766582289094,7.399870580665952,1.909221919613546,7.226468448398647
ETS,146,10,7,1040.929210800729,1207.1143337257538,10.458429872220691,11.23586391879915,2.7432980665319358,10.904666892332877
ETS,146,11,7,337.78895133120307,409.292430807031,3.1134717124038827,3.175370939986332,0.7903408438101488,3.17601826357032
ETS,146,12,7,457.4054723443768,552.0341322683805,4.222006301650095,4.100813971251511,0.9518938637015573,4.201498513581163
ETS,146,13,7,494.38253184063655,614.5999738180495,4.644237430967111,4.482626249309525,1.0206633714725464,4.591432847370667
ETS,147,7,9,701.5874054201007,789.4433320801508,6.332276943451408,6.590013403139998,1.3493713072861873,6.486240117413599
ETS,147,8,9,206.67143338504016,267.6972881246258,1.7779632700264125,1.8036955803980914,0.34429936703416286,1.7885629809323982
ETS,147,9,9,297.1999857325632,426.3546243996,2.363792295425869,2.4201927673877726,0.46989130584976213,2.458245638555775
ETS,147,10,9,1078.6136994652818,1186.327624818712,7.7787076547783,8.152617576151773,1.7805235666570098,7.950397904021779
ETS,147,11,9,325.8950179795893,373.9183566901132,2.2383086125645244,2.231032991995459,0.49445674227324676,2.237241678438448
ETS,148,12,6,98.50672463767529,120.61820546164815,1.9336025564143031,1.9236061079323539,0.09817593507578284,1.9158395985311332
ETS,148,13,6,158.8457803752617,189.19490017450093,3.0827585459735065,3.056748695460469,0.16432262010693702,3.036513950254256
ETS,148,14,6,415.9925406826394,540.5379677456064,7.462369996931696,7.936590178856267,0.4484712561699492,7.836389139255916
ETS,148,15,6,889.4162832742986,973.0314699331483,13.909942825214413,15.146513553452657,0.9978225071641145,14.30376868343746
ETS,148,16,6,618.4707262638195,759.7793238389478,8.106009511085519,8.6140950719166,0.6938551198418128,8.497811572737286
ETS,149,9,6,457.52443722086286,524.3993826980063,7.493070386800397,7.856629190096132,1.1575452233385668,7.669692904730499
ETS,149,10,6,347.48167228454787,418.8601035467852,5.621122579544647,5.850081054599592,0.8856663212133251,5.754382536009586
ETS,149,11,6,510.0279840160678,557.4562367219417,8.432534232791536,8.07256121460945,1.3078803804717614,8.25273484298828
ETS,149,12,6,833.0871382389561,940.7037343882369,11.62216232128676,12.530778126498065,2.1989276320831177,11.97936179427947
ETS,149,13,6,199.01499385768622,287.4359325598117,2.710537561006661,2.6908768150221904,0.47842497216183133,2.676576930365209
ETS,150,15,0,8.429888711024098,9.700659979651952,0.8221250357425192,0.817653678748456,0.5555858252723399,0.8173028584886848
ETS,150,16,0,5.26559672811246,6.355051940212817,0.5107363326098918,0.5088625404969035,0.33568986088497904,0.5105345602263629
ETS,150,17,0,13.165572664922921,14.178055532320238,1.262856773486949,1.2721774288564462,0.8685486002764993,1.2646908879647594
ETS,150,18,0,7.656277488062971,8.879616056587523,0.7271280703231242,0.7306360228439143,0.5124843275011017,0.728841498718214
ETS,150,19,0,5.544333847765188,6.2252357880373275,0.5244269776539522,0.5248667790126939,0.3773747451085512,0.5245955553557826
ETS,151,16,7,236.45493838299308,246.944627344112,4.122764010111482,4.032233128376235,0.9260327293995043,4.109123365637702
ETS,151,17,7,26.80208667921483,33.09157409590094,0.4733248362166784,0.47398463721624534,0.10201787623337585,0.4743778800439208
ETS,151,18,7,30.041535683334082,35.569731401463905,0.5392330366019885,0.5375578675664728,0.11750096578839946,0.5392592866688075
ETS,151,19,7,68.6922947875454,77.04779610657475,1.2336392519451915,1.2432921742933807,0.2760779933408345,1.2340918498241549
ETS,151,20,7,34.70351385200193,38.83638568558127,0.6232857915552525,0.6257292638866294,0.14508889277052298,0.6232298207483137
ETS,152,14,3,190.20764963434064,248.9619398045472,9.500831229161935,8.983342479582388,0.4137625940511359,9.326868570207719
ETS,152,15,3,259.28729405930284,325.1438073664518,15.155902223917787,13.468814707741805,0.5725083283280044,13.924838150410931
ETS,152,16,3,466.02578869309195,542.9128515926593,20.06020647096709,22.619575820125768,1.0573072419868983,21.09372558369319
ETS,152,17,3,1047.2494028293754,1245.7804090706613,28.51803140001331,35.13637318412903,2.3717266565462496,31.434011135736807
ETS,152,18,3,655.3232556924169,834.7152302857686,14.104164417467391,15.554561285862633,1.3913711702255647,15.34871447004678
ETS,153,13,4,17.776666666672252,20.815379026101542,0.7291436370166036,0.7258640043301682,0.1742465346535201,0.7265667574934163
ETS,153,14,4,76.66511126665127,88.6298421726662,3.2389373802367407,3.169772258363971,0.7888130017636829,3.203277629525819
ETS,153,15,4,61.66766666667687,65.53295185461309,2.669307035298442,2.6295791021523995,0.6559761379972336,2.6600000000004407
ETS,153,16,4,18.14711603440257,25.232448051615435,0.8135284777588776,0.8079034645198777,0.19345900464921187,0.8017871591046789
ETS,153,17,4,37.03808691536197,40.465736379768316,1.7124545859219156,1.6950364733158405,0.40567094306229057,1.7002947321512765
ETS,154,13,0,28.499122695989186,34.814487533420326,2.5730623952911422,2.5285678182305698,0.5721786953767855,2.535007948842683
ETS,154,14,0,27.649568617788596,31.840602369733336,2.402946148026204,2.4416213789432426,0.5648258180676659,2.4216243437144547
ETS,154,15,0,16.233403214848735,19.587174100946697,1.450504929483732,1.4363549517782828,0.3373411507719198,1.438210650525556
ETS,154,16,0,28.239737550441696,34.84774110905778,2.425544955855328,2.4668145654658655,0.6065814748304899,2.4602646334056946
ETS,154,17,0,26.868293897878882,31.009306197546934,2.2262604089904796,2.2587170884679626,0.5883044324769208,2.243907067052475
ETS,155,15,6,39.10680261247176,47.15326411824205,0.6728742469096795,0.6696803155565588,0.4586217739022045,0.6703384887386836
ETS,155,16,6,74.7218867409177,81.54370265691362,1.283391139826327,1.2736542922869905,0.9008202729198734,1.281923333336369
ETS,155,17,6,70.82969618959562,81.74011587285635,1.216524579350225,1.2067437930498446,0.8840236054104781,1.2156126348328768
ETS,155,18,6,18.58980493242406,25.91952869701146,0.3155563053618321,0.3161900665495009,0.2394493096637747,0.3172321660823218
ETS,155,19,6,18.21163629712141,22.73705007789718,0.307534681319606,0.3075498261398327,0.24080028404616946,0.3074847137681131
ETS,156,14,8,591.8225069326886,663.8440817619671,6.036543036564425,6.250274794817029,1.1064072505640934,6.012759002533383
ETS,156,15,8,396.47855704034,516.6000520679048,3.784434806312435,3.9011424061738,0.7416434080127694,3.830505086536482
ETS,156,16,8,462.8015979442081,505.96779279808163,4.211584412477386,4.263995331433631,0.8649806223557883,4.237678687046365
ETS,156,17,8,587.7003413914706,708.8414059535932,5.070029544172624,5.231289513258581,1.0941821235321407,5.152002213532592
ETS,156,18,8,907.2074559257211,1058.0592898735217,7.261391806650091,7.623579736958202,1.661882445532775,7.45411704325694
ETS,157,20,1,36.84412059659798,48.49782431743053,1.3984979917787013,1.3821158161533809,0.3375404611831641,1.395704409891775
ETS,157,21,1,108.91593634775467,119.88872008617079,4.173217125816206,4.070828547354329,1.0198383200180143,4.140380608680673
ETS,157,22,1,152.45802019909482,170.71760653342946,5.450892090534532,5.642890982348007,1.464256761594041,5.5337632331948505
ETS,157,23,1,84.02573549446545,97.40041293033835,3.0597604192590873,2.998169654455586,0.795352266215669,3.0448094427494246
ETS,157,24,1,39.44982129555764,57.86342390742187,1.4546330514944947,1.4469780455193129,0.3734431765885148,1.4331894794648934
ETS,158,15,5,63.68133502456365,72.04391336577575,1.3082405253246872,1.2973704389815888,0.6947054729952398,1.3064326765923702
ETS,158,16,5,31.58134994863197,37.16000695000583,0.6473563202288481,0.6464590104497488,0.3400844863313337,0.6456153311475019
ETS,158,17,5,30.97781113651369,36.47762847708224,0.6322794281428111,0.6323980458480556,0.34560279091076496,0.631913645123806
ETS,158,18,5,47.231764985593145,57.439957371531484,0.9666035829345401,0.9597812600837521,0.5432811130754807,0.9617327711998604
ETS,158,19,5,37.83876470570466,43.11832188581148,0.7657167803348496,0.7641320782943386,0.4500646022264431,0.7649345964765093
ETS,159,36,6,3727.011405851832,3998.0551782599578,58.0139509736441,43.105787281198815,5.967125835564111,52.70016654267901
ETS,159,37,6,906.121677391647,1241.9852642526137,11.988533311517614,13.09202582759322,1.310416420564881,13.407439351197365
ETS,159,38,6,1693.3345608514983,1768.8975889537996,19.831576923298428,22.186104358744142,2.368403183512766,20.119424072217967
ETS,159,39,6,1369.2758050842767,1855.3164486748103,24.124020923051287,19.254238567388786,1.823538571234168,18.51144019581506
ETS,159,40,6,2359.580718638588,2427.641080290258,45.519922830999526,36.639465709386684,3.128794959409386,42.50292753453685
ETS,160,19,0,35.96368912891114,41.779602804556184,3.5224236892982854,3.4397148949116074,0.4784149101231737,3.4774778104171844
ETS,160,20,0,29.616137813565892,37.357124645465056,2.7269881296047593,2.7863903829442163,0.4036787904464468,2.7723399707949286
ETS,160,21,0,22.182197296351077,26.35993648755404,2.0657286478628647,2.095589161659937,0.30681781210167797,2.084847407954048
ETS,160,22,0,17.161750887997542,20.79843944915045,1.6299894728670168,1.610569794649326,0.2422332513077907,1.6172615739779577
ETS,160,23,0,32.26115784000074,34.65300136218265,3.1880706036482844,3.147927621275779,0.4672229622279511,3.1579909024761035
ETS,161,16,0,107.56508528039038,112.57898273989161,8.904056837246511,9.356181855643232,1.389116203205995,8.963798605766817
ETS,161,17,0,128.86283233958392,144.49240429033233,12.061588188647903,11.190770374932276,1.6280754329791813,11.646453550940995
ETS,161,18,0,98.6041243746638,131.34799645711965,8.203578626301674,8.827199020487967,1.2193946176028636,8.6314393336735
ETS,161,19,0,133.5126339979622,150.31807087108191,10.128858325017337,10.80357085494458,1.6607655604904563,10.360167833336147
ETS,161,20,0,48.59595472683466,50.84542076673142,3.4867851233791187,3.5542636069961158,0.5821729107656226,3.5014998502212595
ETS,162,35,7,398.2381845326663,507.92879342821584,3.384311280385411,3.4784257156740965,1.0520702267502964,3.47048526825853
ETS,162,36,7,689.3469098026976,787.6816108116784,5.38714401155405,5.5811535989879895,1.8204381037744648,5.494263361870598
ETS,162,37,7,253.1766957416881,374.69756556007735,2.030242130607747,1.9862436014191935,0.6376651851702966,1.978544055637731
ETS,162,38,7,745.9871983350473,862.0305723299641,5.4542523279153095,5.654025170337704,1.8428574074649215,5.572151037443295
ETS,162,39,7,718.2710586482345,809.5190900302098,5.458118873987991,5.3112392639892505,1.7592001148278327,5.367129833396248
ETS,163,35,4,95.9290965660892,102.41674387447964,9.638332601015543,10.191717265133047,0.18256732181348753,9.761662388587695
ETS,163,36,4,32.43077457924004,43.89983990101362,3.0412732037278407,3.1250104452252616,0.06285286055138849,3.1242109677262047
ETS,163,37,4,111.46549731843248,125.71540820558562,11.82971588468743,10.98608907410831,0.2206648021706765,11.420661924191139
ETS,163,38,4,32.527767250482185,40.3284652143529,3.659487320319246,3.608756547436637,0.06578487369446413,3.598390187929072
ETS,163,39,4,32.6628875156399,36.469122786361474,3.7908379356101114,3.7209115074732395,0.06737869535955127,3.7354910862364585
ETS,164,15,3,75.46233750747339,84.74923624863294,3.186660063462856,3.251874415857621,0.7255365494438759,3.1975566740454826
ETS,164,16,3,76.92208187518992,89.1525753471065,3.1470894835417673,3.2145350536804056,0.7559751011673432,3.17568227925096
ETS,164,17,3,46.68386419761727,56.849715429197516,1.8265422377146332,1.8512064306326008,0.4697026827244928,1.8549879813622754
ETS,164,18,3,42.20190009815368,48.44551654171135,1.6103372764265762,1.6269699964005628,0.42900276695522654,1.618998724993108
ETS,164,19,3,167.50790980381964,199.39084630440516,6.899349899329399,6.574579035021289,1.6813061578822046,6.730228518903466
ETS,165,15,7,103.8245712972784,138.38339722325347,1.9092852849023358,1.9343933209658857,0.371459384818627,1.9406461924724936
ETS,165,16,7,286.7920492449938,312.3279605649387,5.026740566913949,5.179825644870141,1.0322925630415096,5.071477440229775
ETS,165,17,7,41.92308797716785,46.11041899509301,0.730718830946345,0.7291178912778975,0.14976880108021046,0.7303673863618092
ETS,165,18,7,143.09936615037824,173.57625600824892,2.5990449594362586,2.550243847372049,0.520728299954832,2.56501552549971
ETS,165,19,7,250.43670632766776,304.8734603705572,4.28523203132813,4.424419671344878,0.9329181941014113,4.37613893204351
ETS,166,14,7,466.4281598605515,544.0153297700907,7.1768762363639995,7.063155784215668,1.10803069650131,6.98478109608147
ETS,166,15,7,460.6252186430916,541.1411786421731,7.1858618513091805,7.070777208894752,1.0821036882409136,6.996838764198859
ETS,166,16,7,342.46809021223595,417.22161072099897,5.590964669493825,5.397058498088345,0.7934409218778535,5.407390898087936
ETS,166,17,7,329.9100055367086,372.4140247079211,5.219475636010004,5.136553879170536,0.7521581219835988,5.1638087823136996
ETS,166,18,7,379.5028331781781,446.05688652288524,5.69076436228581,5.766939184638432,0.8860790132123978,5.716360667119001
ETS,167,15,1,90.55195377049124,118.99101968270202,4.452182256037417,4.553047401464127,0.47145685580841495,4.591192075424855
ETS,167,16,1,196.14560024802552,218.2538977784403,9.26940894838914,8.955973955321536,1.0373298607622858,9.169691018774715
ETS,167,17,1,998.0229110230196,1182.5721073557602,29.048892167290948,35.96221303148145,5.375792718135862,32.328549424463446
ETS,167,18,1,881.3406718199356,1029.6290735467421,35.116758501601964,28.088742909034703,4.110539022526633,30.64539683035824
ETS,167,19,1,60.539268055478615,77.56335229295765,2.5314218289798998,2.5456134695012707,0.23948782957269335,2.5574425288942373
ETS,168,16,8,654.1033845404315,792.7013525628668,3.8551673492979845,3.9632989495992046,0.6255013975580752,3.950960040848244
ETS,168,17,8,997.0776514677558,1083.6474601351465,5.421182634730181,5.598970971158898,0.8750663655407346,5.496905888643064
ETS,168,18,8,1450.2212123428721,2059.814662460285,8.85238946459296,8.11277243400737,1.2434598630257927,8.206218743216503
ETS,168,19,8,1578.0949934477478,1709.6356276822282,10.23328064563757,9.646614269605323,1.3626020090530602,10.098012755797889
ETS,168,20,8,1019.4099576338413,1154.0079875813883,6.764170426687671,6.481179704297975,0.8330153812018058,6.687091558822574
ETS,169,15,4,19.87709223000224,22.892241565973837,0.7314552793659271,0.7295566728140799,0.4403906661737023,0.7300299125485418
ETS,169,16,4,21.910897189017458,30.084078721800065,0.7997618671204345,0.802531529826022,0.47517608361724606,0.8050543976368938
ETS,169,17,4,62.294982951377605,66.28185110128571,2.2575557443572905,2.286749269487927,1.3805915140575578,2.2602493310316407
ETS,169,18,4,22.821475341535134,28.409085909114005,0.8357277573364862,0.8327560993448468,0.5011013309034948,0.8325629431447759
ETS,169,19,4,122.3995516743608,140.35926463517893,4.26292244122051,4.3822429103302,2.71775320329584,4.325921716352825
ETS,170,16,7,10606.871872328675,12101.367196744606,135.94072266852857,68.708258626959,6.6837431483099765,74.76062875006507
ETS,170,17,7,1116.668000622218,1444.8386797203723,15.899079415716647,15.132805252200107,0.49207403162215063,16.02617127348104
ETS,170,18,7,871.4612404645418,1022.9290077749965,13.354843461078254,12.282630097153053,0.3215908116254996,13.110156563611994
ETS,170,19,7,606.6512646177266,712.598825480583,9.19999220129383,9.4470837935236,0.23108894109309563,9.235999968805785
ETS,170,20,7,901.4531514818443,979.6622542543355,13.051092064471664,13.972227109749996,0.35619076730496446,13.048779032306554
ETS,171,15,5,78.1887091897845,96.11019131229914,1.9525337592060197,1.9814738753319638,0.7893539536212897,1.9703160652612641
ETS,171,16,5,56.43251170204621,67.64804139412365,1.4103776581660843,1.4140597001137492,0.572894045044634,1.4175065735931227
ETS,171,17,5,169.27538413393532,198.00282640395994,4.526739439545561,4.38889473329924,1.7481840678819516,4.448761738079772
ETS,171,18,5,126.27246078212796,138.15027693343285,3.4830202031102395,3.4113605065847645,1.2725896438198834,3.459519473482958
ETS,171,19,5,75.69330746288261,79.41689632885816,2.1195787302803883,2.095069108581838,0.7351508278769174,2.1149946201985204
ETS,172,15,9,399.1235561043165,426.6659079572362,4.985319314059384,4.846321677112229,0.8064427501249025,4.948815052606521
ETS,172,16,9,163.43363431436032,191.690274851824,2.0532173699831584,2.024547616828665,0.3308530582492534,2.03632908621855
ETS,172,17,9,432.47567400310504,465.26483975225,5.224280577566336,5.385840293206385,0.9073416103664236,5.265912512245298
ETS,172,18,9,180.41999999999976,211.45908458218568,2.2190121250713775,2.1950413277114875,0.3891178909083974,2.1914771031819433
ETS,172,19,9,562.4225282658487,605.4492184159446,6.4834883600895745,6.733549373740128,1.2320865047662182,6.555451156026256
ETS,173,14,0,82.4354371249316,109.07488141513839,7.664428529935993,7.868203645196993,0.556280263375181,7.793266114751936
ETS,173,15,0,73.50602874816155,93.76631512744747,6.691549979235516,6.969956764748154,0.5118675778573358,6.945451535259359
ETS,173,16,0,113.81582034899728,130.84965878261187,9.91102760466857,10.532205375265596,0.8070576352019807,10.207696892286751
ETS,173,17,0,93.6338666072014,119.00878545043427,9.58165243928493,9.022386105599493,0.6680374473715646,8.912795340717214
ETS,173,18,0,91.34756744333033,115.57358142804969,8.164790396981116,8.447704750378234,0.6553857730917472,8.484294189783004
ETS,174,16,7,1731.9997809003657,2436.745235850604,12.745375930601158,14.368276872350162,1.3097621343413348,14.499114527116816
ETS,174,17,7,2584.309454482974,2971.9170397661355,19.04259675622372,21.632838151177825,1.9881777838605668,20.105125294361205
ETS,174,18,7,2803.6265577450313,3180.3184900903457,32.319293322326445,26.408810315902127,2.05758698700316,29.046118431656705
ETS,174,19,7,2439.342958935821,2627.4514902632,37.74458152139567,30.693714951729035,1.6856505256860208,35.13921683811102
ETS,174,20,7,2038.1451767168505,2206.8170675605697,45.95800549147699,35.577878065266766,1.347046376820985,41.508347332034425
ETS,175,20,3,305.46745232455186,375.53767779864364,20.870259091345726,18.129709215024413,1.235865238094484,17.86068655440402
ETS,175,21,3,606.6290431895982,776.5985130004092,23.74469357402788,28.220512413676918,2.346947005762613,26.248870537235607
ETS,175,22,3,1005.6348251962793,1162.2567496383404,29.790086823937056,36.32133582749362,3.715693001331621,32.34711048443222
ETS,175,23,3,375.2644094987939,443.2917435670136,9.951989189413062,10.542172459162785,1.2952835211730467,10.403491771828266
ETS,175,24,3,398.4511584464974,463.9975840960801,9.815324360217069,10.495821145210922,1.31741615402332,10.091072579135853
ETS,176,15,5,262.41581531609717,292.20485274285045,5.881319909344632,5.67202608063268,1.9000753750872008,5.809944250540896
ETS,176,16,5,95.95806510052024,98.96216953176736,2.1895125480529436,2.164245725100923,0.6633437882872005,2.1852798226333054
ETS,176,17,5,93.67626547419104,99.25922684516992,2.1001778288769826,2.1252028864899963,0.6336090543483914,2.104033913820113
ETS,176,18,5,60.23037587226989,74.1088216948707,1.3732895409333645,1.3594367437488235,0.41806394875021874,1.3647366134200125
ETS,176,19,5,69.94449271568338,80.61516753451978,1.6242121725064878,1.606765860616544,0.49960351939773845,1.6161756981801039
ETS,177,16,1,224.97232429256889,269.57579169314664,11.0338121269211,11.5269662377549,1.0145039666774158,11.481629506785598
ETS,177,17,1,386.8336563223494,448.3523703281159,23.12316387267542,19.81706939189391,1.7380098488901585,21.069690033443646
ETS,177,18,1,384.8758762672479,400.2829345528114,25.959665963737162,22.719816508902507,1.7047535967420169,25.35033819698575
ETS,177,19,1,178.0868727400798,217.30882247807668,10.43331323439132,11.176912324909525,0.7542207072635825,11.041294099100787
ETS,177,20,1,232.2910525826511,271.1857626848847,15.423623061671982,14.258745121645477,0.9925118041631266,14.903933567000491
ETS,178,15,8,76.70668617135854,82.98355534453007,0.8820724017965428,0.8775089509559058,0.5209202915277331,0.8776508715258414
ETS,178,16,8,68.69332110985326,85.46272622319417,0.7761324652452838,0.7803512681973137,0.46084395469339623,0.7790321194413802
ETS,178,17,8,119.04123516381212,128.52724650167605,1.3331998353323464,1.3436751382594498,0.8253704580129025,1.3328827027548011
ETS,178,18,8,142.3796113352078,166.06782254811532,1.5639683253779804,1.5807067171586069,0.9906671986106692,1.5706520831241897
ETS,178,19,8,200.60901717879753,237.3873761926302,2.1383010994706426,2.170572172656455,1.4120029884847585,2.157343953410417
ETS,179,16,8,1557.3110891692647,2168.5838460163413,7.936323726885318,7.514119544369106,1.817718715192306,8.484114637984378
ETS,179,17,8,1968.787363816237,2317.7394479383647,12.959532862243453,12.192800276386597,2.08279051110067,11.38272285581428
ETS,179,18,8,2043.383681451064,2418.3229932228405,13.854537903622868,12.676070967837141,2.143348456558703,12.45421420386049
ETS,179,19,8,3185.350010259919,3565.5074501060785,16.659710203870883,18.60827478592795,2.9625242940951613,16.473818093832275
ETS,179,20,8,1688.8068225081172,1898.435424498335,8.637097991549263,9.114279940249222,1.42914788302371,8.48289046358071
ETS,180,16,6,1652.342951343656,2392.008366206283,18.70715432482242,22.1882220554772,1.3573115617716127,22.767227939782103
ETS,180,17,6,2755.903965050737,3060.500119484702,30.492012247557458,37.034998364205215,2.286843537551837,32.28702620770643
ETS,180,18,6,2117.5964582338092,2361.557101921156,38.241761516332254,30.23438968050366,1.6460150580682527,33.945421070769235
ETS,180,19,6,2083.6607120566064,2217.2392452377717,52.404322147390005,39.962562580831296,1.5501057137019767,48.170567420516825
ETS,180,20,6,1349.0283771651398,1454.7998782410398,50.03169866514361,37.994870414162754,0.9805001094367701,44.913716112835914
ETS,181,29,8,3273.170828156106,3676.350098680743,38.93905276467375,30.908229165983343,2.824821028946407,34.765489412173196
ETS,181,30,8,311.42242388728545,401.63367929135234,4.082423100197234,3.973614054746604,0.2629030731487195,3.9756054113270483
ETS,181,31,8,401.6641393287985,563.8775768120388,5.646603524388426,5.331596198217185,0.32886827324207457,5.299387603839605
ETS,181,32,8,931.3171331872582,1060.6768358951144,11.725628332046561,12.615132551279215,0.7757789224648951,12.109006354645079
ETS,181,33,8,1503.5913825064442,1661.1716989752217,16.20858692884889,17.935136212308976,1.2742792955725835,16.76348397963208
ETS,182,43,0,130.28219377855774,149.0212946848217,7.337737526502387,7.002128142958143,1.2788717411986141,7.15377654133199
ETS,182,44,0,397.602922342396,447.7578755828245,17.726213814053587,19.908283980708244,3.8499272212812907,18.584883019977482
ETS,182,45,0,125.85391122177106,169.90499664085658,4.943702627747217,5.104835802424342,1.171801630688404,5.1834395066627295
ETS,182,46,0,186.86448157558922,203.5860789258521,7.240057812192494,7.49330822229539,1.6882006122663462,7.332012356099414
ETS,182,47,0,264.10257913939756,295.8392534704259,11.749197622491057,10.926822705180294,2.3081694711269978,11.398744573814067
ETS,183,12,6,1902.0112684780042,2199.465671517967,17.498132134975023,19.66968564656221,3.5286522098721202,18.337174175826444
ETS,183,13,6,1417.7324725228739,1948.3212977903456,11.68470788231774,12.553395559637694,2.33800832970843,12.656432832793968
ETS,183,14,6,1522.384686602658,2063.7312117084025,12.992730722240262,13.680918360225164,2.3515850371486864,13.89290713438105
ETS,183,15,6,1719.6739871014595,1915.7715566543488,19.630772861926154,17.48994855149689,2.3790728103914107,19.024361679777655
ETS,183,16,6,692.874026191974,868.9964393445481,7.8276924134222,7.503996176950703,0.8353806037921554,7.7231360267474
ETS,184,16,5,511.8627317948632,627.1355150951374,12.739720048877457,14.046088326127798,3.2038760058932687,13.609405138318941
ETS,184,17,5,425.4832059576717,491.4120433147022,9.671049220357865,9.099451897386407,2.537902706751768,9.841095445224143
ETS,184,18,5,78.4225467715118,99.53692860821712,1.6610833250305324,1.6822279943983436,0.40901925959045643,1.6940059509419692
ETS,184,19,5,183.05186167669464,224.81384164177126,3.5916992190033663,3.6899663439109602,0.9294502931557144,3.679209667684736
ETS,184,20,5,307.3437361130642,417.34878807644577,5.281672007851515,5.542848842408599,1.5216703322582228,5.5679866200085
ETS,185,21,3,204.6458442061726,226.74015782249302,6.228763359117457,5.999576056626837,2.3498624510472874,6.215095911372061
ETS,185,22,3,160.23071007720154,184.68934590124405,4.93862256848195,4.783570176316462,1.7917920363844346,4.901437352598657
ETS,185,23,3,68.06661812994008,75.42872542054448,2.1172371728045656,2.1061607539012717,0.7711419917104616,2.1088127615603045
ETS,185,24,3,38.09011719085379,45.89493590363212,1.1768822571781845,1.1852964425196781,0.4386730883290902,1.1823720996695262
ETS,185,25,3,39.333540526701704,50.056174811349706,1.1800841159786235,1.1870021474894135,0.45764682792855627,1.186651463999448
ETS,186,13,0,28.499122695989186,34.814487533420326,2.5730623952911422,2.5285678182305698,0.5721786953767855,2.535007948842683
ETS,186,14,0,27.649568617788596,31.840602369733336,2.402946148026204,2.4416213789432426,0.5648258180676659,2.4216243437144547
ETS,186,15,0,16.233403214848735,19.587174100946697,1.450504929483732,1.4363549517782828,0.3373411507719198,1.438210650525556
ETS,186,16,0,28.239737550441696,34.84774110905778,2.425544955855328,2.4668145654658655,0.6065814748304899,2.4602646334056946
ETS,186,17,0,26.868293897878882,31.009306197546934,2.2262604089904796,2.2587170884679626,0.5883044324769208,2.243907067052475
ETS,187,15,4,46.46541267682606,53.16732070081989,1.1752957755058462,1.1678990484875917,0.32366870455774666,1.1755128997651008
ETS,187,16,4,89.142176873,114.69630967422849,2.2846006327804758,2.243084694768085,0.6353722018971063,2.262491798807107
ETS,187,17,4,58.46143750502046,67.4871776171449,1.4563748468723472,1.4577214838148924,0.43383148193770843,1.4502561674343555
ETS,187,18,4,120.37255011509751,142.98800684787025,2.7487221988770347,2.7965277385276557,0.9006994759192332,2.8004470751864483
ETS,187,19,4,49.19772601135436,61.820657293777096,1.1013501295199428,1.0940316847062215,0.3554558743127021,1.0912619447989875
ETS,188,14,2,82.96163106013526,91.63007710560022,4.255749677459825,4.147514555148591,1.4601146944433328,4.234056420886429
ETS,188,15,2,88.1527182218683,93.91559899019914,4.571291306923715,4.45557936533631,1.6112220850695507,4.556127706597608
ETS,188,16,2,29.115267715624555,37.554743884775114,1.4954003921263104,1.4774522655478362,0.5426587954771199,1.469297245969099
ETS,188,17,2,37.968222516165824,48.687038282852114,1.778935142198769,1.8041865635445167,0.7186359063927177,1.8134653847445485
ETS,188,18,2,35.45474465374006,40.444698039357334,1.5833422589228523,1.5961860536341088,0.6392974840418869,1.6024059331235605
ETS,189,20,4,684.8331807016234,808.1249408539255,14.40328435080269,13.081027827151889,3.406237859031989,13.883927873467686
ETS,189,21,4,261.4388499137287,282.48312565994655,5.569769462448637,5.392985729344116,1.2389889608366285,5.524433507989993
ETS,189,22,4,108.79726034120965,128.1507912392099,2.17988522538909,2.181418408254307,0.4998219073042507,2.1934239442084063
ETS,189,23,4,195.52455616143996,204.73966624568598,3.627858242797751,3.7007985373823375,0.9040997803299625,3.6516367003990484
ETS,189,24,4,202.11719905680872,242.5897107234248,3.7496166478167394,3.6517418643283124,0.9008357313383158,3.7242340217105623
ETS,190,13,0,289.07847327159726,321.81918998735574,30.079951061848508,25.06822327480464,2.265039086180303,27.228741595440876
ETS,190,14,0,141.2532363006049,171.45255602057694,14.682798956508798,13.12525386809374,1.062434800255266,13.45981076448326
ETS,190,15,0,122.69222411812773,152.4100300898832,11.549023080092798,11.20191722053501,0.920502661514848,11.389685580847338
ETS,190,16,0,185.70061079787672,208.88310309246754,20.268712473522374,17.850346364204782,1.3768676466002268,18.949041918150687
ETS,190,17,0,105.38700310514898,132.86137232476517,12.060432023639274,11.170793547469927,0.7690656411707698,11.198146729000483
ETS,191,24,8,1587.9318728378025,1985.7760143584323,54.29930415816211,32.21654675849599,1.0899093534317994,26.94962635402644
ETS,191,25,8,1013.9133121760751,1205.7953604190586,26.842195285056818,21.16087918905746,0.6973381184173625,18.042945743123433
ETS,191,26,8,912.6270608985017,1241.0098160428838,29.45027081494685,18.44621954761819,0.6188013169339953,14.6267359061286
ETS,191,27,8,1135.271595580955,1538.8592825538703,36.96729209929721,20.823654779822395,0.77325654411953,18.404835378237582
ETS,191,28,8,669.3829569597287,808.9948609855737,12.903925557946023,11.940134350810903,0.460970591602801,10.694916763070406
ETS,192,15,8,131.3924643238514,141.9374290915882,1.548006756013288,1.5420376779935978,0.5013600391869202,1.539755441295134
ETS,192,16,8,428.0198972019592,483.3535562506056,4.764212996101207,4.911122598210427,1.6246010696716702,4.821853892624399
ETS,192,17,8,397.596404583963,437.1468488801633,4.226430711623738,4.335791451525414,1.5054442900978129,4.260975995779551
ETS,192,18,8,126.50866114393506,143.08470069248725,1.3058163170070345,1.316757140205006,0.4607458296885269,1.3114991076374078
ETS,192,19,8,77.76493298859896,88.70397578272026,0.7822531810756265,0.785436413889006,0.27943215207508276,0.7841402687775371
ETS,193,19,2,83.50253893365203,90.55931356693505,4.2079793965905425,4.312567609890349,0.3185257912159919,4.274132476463801
ETS,193,20,2,35.08872174824459,39.7014128686335,1.701954082258836,1.692671831494353,0.13601999720956762,1.7038681213507416
ETS,193,21,2,68.44028999528145,80.99253354847613,3.300187343763942,3.226079150914233,0.2700642921409654,3.301801413307888
ETS,193,22,2,52.39921740926991,65.37429106788517,2.5337399886014325,2.4848551635057543,0.21461452927739835,2.526925780538519
ETS,193,23,2,106.67749736561262,126.43620464374922,5.325447725157274,5.13239820396818,0.45353465307071833,5.263475878406939
ETS,194,15,6,41.49795561334193,52.56194067344684,0.8994755488578237,0.9053986479799228,0.24622600951922782,0.9050040600459851
ETS,194,16,6,58.49933330001366,71.51734052854312,1.251314793289665,1.260970323536492,0.3632052851549045,1.2591182477373228
ETS,194,17,6,81.77435561001019,96.69359778406147,1.720588077285015,1.7409935830371184,0.5250428428267084,1.7330786994068
ETS,194,18,6,92.77371116449083,108.51123446727209,1.9124755729737726,1.9363178712325915,0.6095140687659443,1.9282774080977747
ETS,194,19,6,116.99860003111361,133.9985433201276,2.3551291685928026,2.3905683205541024,0.7855574567528081,2.373945802777578
ETS,195,43,6,356.6226618586463,455.822048058261,3.5392128805310037,3.4446535270958027,1.2882316170819965,3.4686467395750418
ETS,195,44,6,1029.2513478758976,1189.1780046775903,10.383653408208035,9.704855957724671,3.686648009455286,10.11216958069497
ETS,195,45,6,1057.2558631937002,1058.7979370615608,10.69420382100595,10.149305476574046,3.7590792549842624,10.684745229645841
ETS,195,46,6,509.2833866089866,587.1443670484197,4.706567814073874,4.856689744333225,1.7645844420193302,4.799805623444867
ETS,195,47,6,368.92595206156835,419.89059461341583,3.186722897978979,3.2531246275232317,1.2490062195913756,3.2311393071813175
ETS,196,15,5,223.84568177337735,245.9323712960361,6.361787674190995,6.125094636179514,1.8391466082046548,6.277024882257037
ETS,196,16,5,27.493450125523143,30.956473314933792,0.7885341561189805,0.7909242041161337,0.21756737671195184,0.7906727947905682
ETS,196,17,5,16.91786996090137,21.68072587470379,0.4895837639041837,0.49028461436521,0.13472955682686102,0.491084759387558
ETS,196,18,5,40.44166998107183,50.11615954887466,1.1935435958107814,1.1830545428673616,0.3326092080049899,1.1853933555761162
ETS,196,19,5,38.87336831805737,45.8699368286075,1.1575528391198666,1.1488813697928582,0.3319357826020079,1.151045615602949
ETS,197,15,3,948.6902035309039,1092.0599923705906,53.221268346246696,38.64230574039662,1.8318481040320693,45.648390112317145
ETS,197,16,3,357.75320074404067,462.28046962954437,22.298659190849687,18.95518458065916,0.6842278325774775,20.076813470449302
ETS,197,17,3,347.7940175485811,467.07728138478024,24.52831625240181,20.834546152188008,0.6514876198786911,21.138567020224073
ETS,197,18,3,326.4837205312023,377.02544161771544,24.793155142027018,22.713330979206013,0.6186292042109909,22.38123100837345
ETS,197,19,3,182.70318859740806,238.79937206192082,15.659253635110574,13.650313991207433,0.34531372271573013,13.565389575355136
ETS,198,14,5,220.82361326680638,263.4507874158321,4.477249908669448,4.581872237564073,0.5611044882141892,4.573803488783359
ETS,198,15,5,296.4633946008947,357.55201851350387,6.525750396121639,6.326146549865628,0.7535209122649128,6.206979157895684
ETS,198,16,5,374.2371738158173,443.68000353303205,8.690858283435237,8.32986653574784,0.9499980677495964,8.020636301745995
ETS,198,17,5,331.0365848347238,464.27836144703485,6.686030827173327,7.015211749507584,0.8407199225593619,7.0351010602935
ETS,198,18,5,406.2869059361396,519.4972618694512,9.271931834832454,9.08241100732242,1.0292037117794985,9.121787465953412
ETS,199,25,8,437.44345208118716,540.885638691508,3.248854312421544,3.3206469847929023,0.44831079411765984,3.3163062217993797
ETS,199,26,8,355.5215226850302,414.6454151892232,2.5901884870736964,2.6296955091000465,0.3702837090871398,2.6121068079777072
ETS,199,27,8,1081.7859031381295,1235.8491279542775,8.656839195686098,8.191027475246226,1.1376595987254796,8.44209424816689
ETS,199,28,8,283.68463810977187,377.8771458821534,2.215090086425008,2.252862514800425,0.3002975262588791,2.2505732895011605
ETS,199,29,8,324.0514936899282,437.314747212479,2.4159806900599357,2.453892562481996,0.3457183733112374,2.46406067183087
HoltWinters,0,0,1,142.42938331758032,184.21412308257223,14.13854512709413,16.03474212900654,0.4816064809063983,14.307321277506812
HoltWinters,0,1,1,432.3798698371259,511.9305215476452,42.740192696595756,33.04508056461499,1.456096848843455,42.08531691487734
HoltWinters,0,2,1,70.9693127857958,76.44674558488694,7.651657387577066,7.446127063050276,0.27691248264040924,7.529012967197055
HoltWinters,0,3,1,84.52430010636027,89.76513640699655,8.718865876533483,8.958433601999099,0.36380616975477875,8.816860233625897
HoltWinters,1,0,1,322.6021806207968,357.1907271571896,19.569810172273687,22.074061735823083,2.3733495660235695,20.363879089724033
HoltWinters,1,1,1,228.06967220609653,274.3598731774236,10.687896568784797,11.466378491977832,1.092794921728602,11.362005008662388
HoltWinters,2,0,2,82.33448738715532,92.0408301495607,4.28577734279758,4.402262415113777,0.5284787862651142,4.318077749959589
HoltWinters,3,1,4,885.5245935652584,1150.072636740235,36.26874087450414,28.223159748915467,0.5193416235317547,33.50058151849669
HoltWinters,3,2,4,780.0196200825396,874.8398077347267,23.204039227985472,25.131067294145144,0.5279358506952069,23.161561289963764
HoltWinters,3,3,4,1990.2462631460164,2291.0717560759203,79.1210166933316,52.4059618768344,1.3893740493012754,74.39014221383646
HoltWinters,3,4,4,815.7626760629752,941.3779257150304,41.15731024950348,32.6220926917288,0.5987483371065107,39.55234282510223
HoltWinters,3,5,4,436.8412694319209,546.4238945720343,18.754282058540774,21.29794193244875,0.3422419136538343,20.218360626916123
HoltWinters,4,0,1,1331.770505257035,1471.7163514372335,113.74400866809363,65.51379328157442,3.964214597370823,95.07943976254488
HoltWinters,4,1,1,265.6435691190653,315.9801285002017,24.468222372146972,20.590744267615875,0.6948157622644525,21.84021369024022
HoltWinters,5,1,9,812.9255162091006,990.7159446169882,4.988646694709068,4.9209209766947755,0.3434896547362397,4.926157854754852
HoltWinters,5,2,9,5843.160017109638,7128.174364973975,37.813706562614534,29.184930396591895,2.29484416024538,34.666077886609585
HoltWinters,5,3,9,3596.7579422255058,4168.5344227025735,33.621242800625645,27.161007792848306,1.3982611617503462,29.509842271780435
HoltWinters,5,4,9,698.9638622133916,739.8972982102247,8.656952313048764,8.238356380844396,0.24780094382417572,8.328158813689711
HoltWinters,5,5,9,1054.6324947360938,1334.479690746872,15.953332581749413,18.37475662650023,0.3512571900835316,15.932341506713964
HoltWinters,6,0,7,286.3520863761331,357.5789569618042,2.851398402802161,2.9026147909379145,0.27229822351312255,2.9609795394258622
HoltWinters,7,0,2,125.79388555682883,143.4629232367156,6.4019517111785165,6.151565785860266,0.8796072230968572,6.48337335059984
HoltWinters,8,1,9,3936.5581547785105,4098.694203264855,38.242222396870645,47.956572400209346,3.8883142556802555,38.97582331463872
HoltWinters,8,2,9,2976.5895691513183,3400.866569200886,24.294317929476822,21.13889180966238,2.0513199495038843,24.773945644205728
HoltWinters,8,3,9,3061.3221152994447,3483.4705057241576,24.170593901209596,20.934143288453296,1.9906888286232318,24.012462121051943
HoltWinters,8,4,9,2292.300688992497,2468.4911889688688,18.63581546718481,16.820906770249685,1.5360513886480882,18.529464883179873
HoltWinters,8,5,9,1615.2330492135657,1793.427039783244,14.114953063856115,12.974949324799939,1.1796775814104519,13.8620172050368
HoltWinters,9,1,4,123.15305350847078,172.626313797109,3.6189643488171352,3.739776587857367,0.3940197232763018,3.980097247831934
HoltWinters,9,2,4,1189.3085942576424,1402.0183365129928,29.976212531040197,25.00504247026371,2.793493263852963,30.792489710649235
HoltWinters,9,3,4,495.68796603212365,650.195654314462,11.408728842484507,10.403439095268652,0.9859909048148737,11.614662052301778
HoltWinters,9,4,4,117.56811862529376,130.29166036741748,2.7329572443215495,2.7060822725325964,0.23443813258909998,2.7193509917056935
HoltWinters,9,5,4,315.3050117053308,377.1898672390627,7.185218134196432,7.573478643229562,0.6779895268138911,7.270490393143852
HoltWinters,10,0,2,100.68998690681353,117.99068062057641,4.943939899638882,5.11689473092573,0.5806763596019245,4.937266488880289
HoltWinters,11,0,7,2469.992768419229,2714.502598186014,45.56522523561053,35.288125512398466,2.510902875490897,41.5382980696446
HoltWinters,11,1,7,1059.0792493236254,1323.6282358406788,15.697112237776208,16.709200873343235,0.9207183294722263,15.922347238717057
HoltWinters,11,2,7,2721.1574469756924,3509.0715082346755,27.74408450749815,32.09954146623023,2.3352954278196476,30.286213249262417
HoltWinters,11,3,7,2302.5080123911694,2686.746788531343,26.27620245463829,21.987575284963768,1.5958742709811315,23.70823201002957
HoltWinters,12,2,7,219.01018678099945,238.26314930720616,3.2793465193268263,3.2167405501939674,0.5199485013613558,3.26687734536546
HoltWinters,12,3,7,224.58379219178929,258.15258153040816,3.45905459926004,3.3814656663927565,0.5851134414974453,3.4258573604318374
HoltWinters,12,4,7,63.64490813653482,74.74448533160766,0.9994034106279784,0.9934187458709514,0.18357225323967205,0.9985203132012092
HoltWinters,12,5,7,203.9565861656582,236.62814923409675,3.3997389038793764,3.3222397530181356,0.6194507424360228,3.3442389334980125
HoltWinters,12,6,7,110.49381810258137,123.2918951914538,1.9355542246020332,1.912254930265006,0.34782367508392414,1.9143220532290852
HoltWinters,13,1,2,139.83101084753972,152.32395610848627,9.576368038003814,9.129554156131986,1.067438672572428,9.502759648881936
HoltWinters,13,2,2,105.27235604098361,129.73294492705176,6.1791307573158525,6.42094661184886,0.7189039879256439,6.371454443394378
HoltWinters,13,3,2,288.8265089787271,335.2862944898324,13.795876380381136,15.146042972946413,1.9591973354377044,14.540076803896149
HoltWinters,13,4,2,187.0582051880316,209.69987754066648,8.301721251758957,8.710147435611043,1.1272848446084263,8.427416104683115
HoltWinters,13,5,2,525.5155664450511,592.6710310174658,26.98412126149924,22.931873490999827,2.836817424346205,25.581538266824634
HoltWinters,14,2,2,53.37299096497279,81.09423471405483,3.7465666398341013,3.6380202912526265,0.6234612928285853,3.335874830450832
HoltWinters,14,3,2,51.8974017173757,88.85946227230573,4.058115043930281,3.8233660650112236,0.5811446481115593,3.191619726675991
HoltWinters,14,4,2,32.010713454709375,50.6508633487613,1.9605728838443308,2.0090166518401418,0.3805047358204877,1.9371374682534925
HoltWinters,14,5,2,63.76606385724511,178.6642321320666,5.852627904299977,4.646449858125043,0.8067543790906967,3.9690784818875176
HoltWinters,14,6,2,79.65043101160168,124.52274502024726,5.412330947825792,5.160506378328643,0.9916114256792993,4.96274245059855
HoltWinters,15,0,3,160.4671713678191,209.12820895966973,5.264991731056969,5.122161110924281,0.42103159772657656,5.260433022063634
HoltWinters,15,1,3,570.764530868217,635.1656211548275,18.49175603546105,16.614116143436362,1.4149952330551383,18.476094277435422
HoltWinters,15,2,3,814.0970046192673,1000.1218939624428,34.646777302701324,27.130992513472368,2.3967206391595988,30.415277399747215
HoltWinters,15,3,3,579.3137761698873,667.511940360052,28.10915008553325,34.853250032953056,1.8366992334465173,27.6082816284299
HoltWinters,16,2,5,292.170146166973,356.21159614813234,8.267375959145323,8.52178060553258,1.160524166355447,8.637038693777209
HoltWinters,16,3,5,388.3397251767976,440.1763245809929,8.782316303806972,9.285116053239129,1.5038396125259954,9.088029199419658
HoltWinters,16,4,5,232.2529968735131,259.85558127429914,4.879469391523258,4.888483680436437,0.666138383713867,4.8994587253899535
HoltWinters,16,5,5,843.2802401626941,1052.816149474592,18.119374441009988,15.850106909855842,2.204540000183674,17.263721092985715
HoltWinters,16,6,5,977.7744585221114,1023.0536497950852,22.0635472914126,19.680299306917114,2.535423150022318,21.862445209670224
HoltWinters,17,0,3,60.70600479522735,84.36841322863755,2.1792537174959206,2.1543608028747885,0.17236026867530155,2.1976129243583733
HoltWinters,18,0,7,2528.183304607882,2845.7593900873785,37.232864934380046,29.905551151674363,1.8843602270369304,34.92662707641325
HoltWinters,19,1,0,26.147163678878833,39.52882244935923,2.293098100778054,2.345220939207608,0.45385626443569815,2.3506590061922834
HoltWinters,19,2,0,21.52185796479287,27.1811537745374,1.9919229910459353,1.987914554459657,0.4111266644504571,1.9721704595340408
HoltWinters,19,3,0,53.61495383958101,57.94742670690333,5.131114212829581,4.981400344754407,1.1080992049515948,5.0991713468903
HoltWinters,19,4,0,31.323219781731993,34.84387158742477,2.9627612886411865,3.018001669767118,0.6322246648028436,2.9694946862125446
HoltWinters,19,5,0,19.68176017769423,24.669676506299844,1.8568393555161853,1.8758349044183713,0.42272889832065935,1.873660266545886
HoltWinters,20,0,9,357.32174427655787,406.187945283728,3.051916724248454,3.112575990564194,0.19883394166176924,3.1043108365997036
HoltWinters,21,1,1,77.32354816527385,90.92509707581598,6.368500670073517,6.11254375123869,0.8306661631369326,6.229431873403399
HoltWinters,21,2,1,57.698592861151354,69.86747153057736,4.349457318055035,4.241360214146109,0.656352607852851,4.226545135272682
HoltWinters,21,3,1,139.4679299487139,165.91693326112116,8.719799203395533,9.258750733489238,1.5216815213175245,9.097151871765712
HoltWinters,21,4,1,235.42638949295755,262.6742979315199,12.4110248484184,13.406479545782842,2.4050366907807703,12.789525579875734
HoltWinters,21,5,1,300.5114784024164,314.73562257045825,15.259449279171013,14.082253869692643,2.39053594124014,15.211919939378202
HoltWinters,22,1,0,124.0763666819646,140.00704183825147,10.460407099790764,9.80820530051872,0.8567933249138221,10.284939444049563
HoltWinters,22,2,0,82.70795165336368,107.71021187240645,5.549042348639161,5.771736385939268,0.6130643316623993,5.833175808167645
HoltWinters,22,3,0,200.18208215738863,207.57161622552096,11.628996672179397,12.392688401963118,1.4066849016465146,11.740119506167716
HoltWinters,22,4,0,203.5335924581796,300.96167715319575,12.92269343985015,11.136248534558296,1.2261059786637325,11.636401550778913
HoltWinters,22,5,0,519.9955008254047,600.8323641049691,43.337698826055046,33.54884374926817,3.1481209095555127,38.749405981607474
HoltWinters,23,2,3,254.50980349736105,276.03459676905493,11.0618219952487,11.814226153060721,1.720301782817335,11.25616599486371
HoltWinters,23,3,3,180.70691790224905,209.26887234409674,6.84390305019699,7.162203091946371,0.920151808079193,7.011704636816038
HoltWinters,23,4,3,309.8932075654836,371.59270190016014,11.777551203046539,10.868033477363975,1.4746859820383018,11.55680685231341
HoltWinters,23,5,3,177.5241315184708,203.2056242916706,6.673418249600477,6.445211109010934,0.8191896318578679,6.643594015105466
HoltWinters,23,6,3,636.0624596136955,737.3097146152272,29.685063439830156,24.595628774085426,3.0597785627326863,27.4407161297391
HoltWinters,24,0,5,1414.7475034122517,1669.2302112150703,27.66657479021109,23.3314412354066,1.972015457005608,26.892079064918406
HoltWinters,25,1,6,1252.9880684048187,1507.6945959648597,20.57566630923121,17.850952904410107,0.8386385187637606,19.24712854692502
HoltWinters,25,2,6,813.0783906484097,924.3554603402429,13.110347359634606,12.165556264492656,0.6023478929486479,12.707659140115807
HoltWinters,25,3,6,1084.1628463096813,1290.0999653885208,17.456424103541703,15.94128278493374,0.86123538050876,16.564749370659758
HoltWinters,25,4,6,1161.5056243738557,1337.5386485938611,20.437572338281626,19.396630651033576,0.9757818182922339,20.778275927975955
HoltWinters,25,5,6,724.8033071966373,902.6242380062558,11.748817583788178,12.760240286964885,0.5915814782272306,12.501398552644186
HoltWinters,26,0,8,5320.596145283333,6441.737373057768,53.782343122641926,38.424814572404536,3.6572299740574015,50.69152088847309
HoltWinters,26,1,8,1983.4138194876036,2265.3738451636154,20.2934371525142,18.10172437827056,1.1862264388932902,19.26584480939052
HoltWinters,26,2,8,1274.4827993655065,1677.9579677533181,11.571775731935324,12.474160306103752,0.8024813695011511,12.230848713686997
HoltWinters,26,3,8,2081.2110641852832,2607.5165072711457,16.85824433415911,19.19121840373247,1.3885419237429728,18.15591171213205
HoltWinters,27,0,8,1695.121653204342,2285.960732127631,27.309944900042847,33.344386080185444,0.49413596220559663,30.03168283236039
HoltWinters,28,1,1,70.58275176115019,80.1234884205985,6.095874152932609,6.035760055451956,1.4847949338146125,5.9999505629313035
HoltWinters,28,2,1,87.43656863844188,99.2506719842144,7.226611271136404,6.906586412137333,1.5238483047629166,7.050072726625846
HoltWinters,28,3,1,44.42984492119539,60.10547133601259,3.361556440180966,3.4576111258190227,0.7157224088916233,3.456081281683306
HoltWinters,28,4,1,37.95405807450801,48.29275967791733,2.936267626564735,2.950262545361423,0.6325676345751335,2.962974564518993
HoltWinters,28,5,1,68.37238291692853,91.40883718919862,5.8653637878599,5.643886793033083,1.1472253754773334,5.542957674659792
HoltWinters,29,0,3,44.9308050377108,56.928867573300074,1.9134700676782204,1.9334814044713062,0.160994499976441,1.9056975165954861
HoltWinters,30,2,0,134.0546861525729,170.52627441251343,10.426269852287483,9.624710544689037,0.8613083498540037,10.06423230470787
HoltWinters,30,3,0,85.57844209177203,99.25128543374629,6.200543597446993,6.264157320600155,0.5642566047656241,6.171137392470367
HoltWinters,30,4,0,253.57392745288786,335.0444168531614,24.106950267327598,19.21981133834491,1.7493447688753476,19.95801830398124
HoltWinters,30,5,0,365.4349675752367,395.23285232352123,37.16818868743885,30.08605054755602,2.6798944065094554,34.211279517033525
HoltWinters,30,6,0,124.26098171213845,147.8762215655976,10.124348185977098,10.744299498417668,0.7876694426411484,10.450256287676925
HoltWinters,31,0,3,209.62509047137453,260.5185279624827,10.769829517812727,11.577194920631664,0.9942692038167962,11.320207693761976
HoltWinters,32,1,9,187.56917088629314,204.80264141453367,2.0177563287669362,2.0412430495950207,0.6244596318039352,2.028993435068075
HoltWinters,32,2,9,156.48742230018524,185.66597717747004,1.640751997919786,1.659955283908142,0.49346248790311636,1.6412851657168948
HoltWinters,32,3,9,222.65133913458462,237.52830991217496,2.296117513952367,2.266602027914856,0.6853513990725177,2.2994572863747336
HoltWinters,32,4,9,91.39984600903932,115.52356271074416,0.9234708925837821,0.9177943840692746,0.30797402249395506,0.9250476402376764
HoltWinters,32,5,9,249.10058566320538,278.32387836519405,2.4952166363379464,2.4570123935798294,0.8633455568347588,2.4958589156346767
HoltWinters,33,0,2,89.01257431956076,98.05402715749828,4.172646930089155,4.186254332629501,0.45113730642361993,4.1544996720101555
HoltWinters,34,0,6,1815.3977259436142,2114.0900816743356,30.433422657780557,37.053516159187346,2.7360947588509545,32.30147993475192
HoltWinters,35,0,1,129.8533448074701,158.5099426231502,8.373959898544035,7.892286460443739,0.7709585564062219,8.49629397008666
HoltWinters,36,1,3,228.85274793366048,269.3338478010406,10.863912195126861,11.66140794063671,1.658702221379454,11.46868054016853
HoltWinters,36,2,3,154.7672909572323,211.0392968691183,5.7595171751036025,6.047000188127018,1.0411365867911286,6.208761894853045
HoltWinters,36,3,3,244.57090764445053,280.29248364845785,7.786969808732065,8.198475972617818,1.243997863327862,8.016235440666263
HoltWinters,36,4,3,153.59587310021575,182.40026219048644,4.330998024922524,4.40127681726069,0.6075686201597233,4.414125017267302
HoltWinters,36,5,3,957.9046232289826,1083.0658890825644,28.354795944941202,23.90455839604255,3.486325293283058,27.403498157197387
HoltWinters,37,2,3,2073.3184650447765,2360.084468032686,112.93317676707841,64.23885627239987,4.539071585910804,90.38548985126012
HoltWinters,37,3,3,91.72512783251848,123.21334024399765,5.294477882669905,5.243571481158086,0.16916859578036372,5.197081623231686
HoltWinters,37,4,3,215.873124638121,250.79915791505226,11.268361921386376,12.195782539651196,0.37000155794706197,11.486007222838245
HoltWinters,37,5,3,321.3966780370058,364.15996364097634,14.52980647071339,16.000271290463054,0.6110359878072361,14.944820988545866
HoltWinters,37,6,3,253.6917169780625,280.6742211000987,10.356113619286953,11.056447805518527,0.5123212892576294,10.459117969778115
HoltWinters,38,1,2,57.350894811982506,65.02797322798189,2.69644279623808,2.7439431765958604,0.2031358560018271,2.7049331745868783
HoltWinters,38,2,2,70.51820607655232,82.43968156230335,3.374396656586783,3.2977705754871316,0.29523493447593646,3.3486813437116756
HoltWinters,38,3,2,65.394252003364,77.58426204619141,3.3031753016906946,3.226740154033423,0.318414880659608,3.2424490080918287
HoltWinters,38,4,2,60.824334426888726,100.37022862508188,3.6615494526498344,3.458972248489213,0.32415249550974884,3.3075578143445297
HoltWinters,38,5,2,246.0564075246714,288.3532967204473,18.706334609870247,16.526385004694973,1.3446641825218988,16.936378233422502
HoltWinters,39,2,6,166.90181407851165,206.36810647276428,2.7612092869174587,2.7972825280028624,0.3836556049450323,2.825550491435793
HoltWinters,39,3,6,240.5480493017296,290.1810676461007,3.80080708280247,3.707591684707297,0.6039776807413709,3.82105678676261
HoltWinters,39,4,6,244.51177149338324,323.6743171097645,4.02806681302708,3.8966248715825853,0.5880356848570262,3.937331266398851
HoltWinters,39,5,6,253.74635642655508,257.4899153245815,4.284854022715716,4.19225839806843,0.6764164468452687,4.280772486143398
HoltWinters,39,6,6,113.00769092760295,121.44335392612008,1.9525288384606532,1.9748942228560384,0.30126011710384226,1.950673038716262
HoltWinters,40,2,2,484.0444620512816,537.0747611810732,23.368202655519653,20.467315234141196,1.9084612082456176,23.40284686167714
HoltWinters,40,3,2,179.92060820732186,213.49237171589093,8.424720806527437,8.003773347183495,0.7446788185037292,8.158351295248243
HoltWinters,40,4,2,187.4816971132583,227.80909655044724,7.675265688352013,7.816573834532497,0.8371475135999888,7.693313773398845
HoltWinters,40,5,2,457.03806779993306,707.4599749501947,32.01644886229039,22.47737041968689,1.9569864446965932,21.357423605798566
HoltWinters,40,6,2,1301.5774398310905,1334.7787248535171,99.62081323738391,65.31520313079695,5.894394484764031,95.70590462561078
HoltWinters,41,0,5,420.81276662739026,519.3200389878722,9.967115613519749,9.478658973193552,0.7657771316442977,9.447031428402376
HoltWinters,41,1,5,2108.0442587611446,2455.14883980047,61.29281256834217,43.16863735610934,3.9024473765204597,53.43584939825461
HoltWinters,41,2,5,255.50621578801645,294.27274671869594,7.566858449982103,7.743089156181404,0.4035274046903347,7.640990005290408
HoltWinters,41,3,5,285.32809346843754,335.69672920900734,9.169107210926422,8.699710242718913,0.43080896807081165,9.104601457954043
HoltWinters,41,4,5,754.4168242965302,866.7951935288049,19.622746902362287,22.495666760397608,1.2264724383433476,20.687847101367375
HoltWinters,42,0,6,1179.766447405799,1365.0368118977647,21.030745274259036,18.241679815439095,1.222949975764299,19.536061060716722
HoltWinters,43,0,2,443.7492624710373,528.9328502961083,19.133096745841957,16.93410669898182,1.4087501904084334,19.56121679164675
HoltWinters,44,0,0,370.67892469405604,427.00382710783487,39.268792789047914,29.506082432569347,1.5053380479903995,30.271170057646252
HoltWinters,45,1,3,878.7559269581095,1117.3194425105964,43.43666533182581,32.1597094234957,0.5618364632778269,38.82898102749364
HoltWinters,45,2,3,797.8863558263115,916.7373713230917,26.22522940544858,30.66640141086319,0.5701187373552693,26.679362540795857
HoltWinters,45,3,3,1863.1894831304114,2096.2320740684563,87.3080955364249,56.71352103574747,1.369749513511671,81.18217218133393
HoltWinters,45,4,3,457.12748910484777,528.2310625313544,25.503303764209907,21.977270211818457,0.35102089343677834,25.118581845811562
HoltWinters,45,5,3,358.93661463000274,474.18312102179925,16.660993510214354,18.901389425668746,0.2965120972209557,18.37930601270464
HoltWinters,46,0,6,5257.335359675144,5507.166804087903,68.92105514851204,108.60290119238228,7.0771822149473085,72.01829259828965
HoltWinters,46,1,6,5044.8965412606585,5875.001317042587,61.1450960147926,43.965346210171255,3.1899814195325007,60.61958460793848
HoltWinters,46,2,6,1217.7121586464216,1417.5582355079887,14.828305721697891,13.490962461307488,0.7683461039260404,14.61254590375706
HoltWinters,46,3,6,1267.2579941843205,1469.2369573011472,17.557507104058878,15.722146437451054,0.8794139105549554,16.68664513190766
HoltWinters,47,0,5,1193.8606401219831,1310.5834284162027,22.77958376453756,20.129712038944835,1.4102076461571884,23.095223917412035
HoltWinters,48,0,0,175.21592907739102,210.06240144632505,20.73142305993473,19.819954197345186,0.8591893392686756,19.421939003517988
HoltWinters,49,0,5,450.0665689720047,540.9377096051215,7.265133894020121,7.637982309513536,0.8396616177952952,7.634948805541677
HoltWinters,50,6,8,205.24665548272105,267.11501447254756,2.609922419311985,2.6649360778472113,0.6509241285547822,2.6484958267778644
HoltWinters,50,7,8,392.22301460409494,454.669875226071,4.799369557130491,4.9573973445068304,1.3239063419892299,4.857217537460154
HoltWinters,50,8,8,436.3744213562613,455.96147739923333,5.178404486929472,5.328693587607929,1.4703862812150912,5.192529638667748
HoltWinters,50,9,8,115.35228373859546,151.37876269420562,1.3662986823985621,1.3504756926451322,0.3761242214809756,1.3588175172898258
HoltWinters,50,10,8,307.73731647912996,335.9866245952161,3.5519119320709343,3.6285742926500997,1.0470993104454656,3.5694633480196787
HoltWinters,51,4,1,73.5799268023833,91.18399318111757,4.965221718852893,4.889774385217087,0.6994028784387537,4.842638312383328
HoltWinters,51,5,1,329.3038097731031,384.3089274107202,29.11092266862826,24.2363334000505,3.1033682044705513,25.833235437087787
HoltWinters,51,6,1,83.24243147659539,123.61574641112905,7.897647130082171,7.624518890471739,0.7023844144940494,7.514619541213144
HoltWinters,51,7,1,358.82408852682977,388.842383592096,26.851693232520766,31.559244164632716,2.6835435545704924,27.833105030416867
HoltWinters,51,8,1,199.8731143855754,217.4316826439273,13.438242861973752,14.541661286879787,1.4517155816205254,13.71166110664863
HoltWinters,52,4,5,1581.438014856918,1940.0466133765867,63.58376552807257,41.551498596421396,1.402538190937363,45.12903628747647
HoltWinters,52,5,5,754.7744776309955,853.6579774396606,26.250630437558485,25.98564958022785,0.6564308407345896,23.460877179816027
HoltWinters,52,6,5,803.4167798316693,1281.0949884503345,17.86700224175756,20.747460783328563,0.6767887698488467,20.23006445665683
HoltWinters,52,7,5,1018.4877022669763,1354.3995167582007,28.476639612459152,28.003490518094054,0.8477720470108824,24.31303686905836
HoltWinters,52,8,5,1224.920862616219,1489.7915651778917,24.586783425162817,29.79443776556565,1.0475323429296401,26.7759888107899
HoltWinters,53,5,9,389.77916229951046,432.3248383837511,4.09270921725767,3.9926625688606157,1.0090729582373115,4.098145398008872
HoltWinters,53,6,9,166.43688507870897,198.70290934653607,1.713847498347254,1.6932743423597618,0.4517572594993529,1.7207719307390932
HoltWinters,53,7,9,79.56010442751894,95.64723863180704,0.8036142091772827,0.8009985526796652,0.2299214027033804,0.8054453766565473
HoltWinters,53,8,9,211.11271758757064,250.36508912563937,2.1047828493248395,2.0742200595225033,0.6319643172903416,2.107614485067261
HoltWinters,53,9,9,289.8000980372212,347.2440527592264,2.900326294963747,2.8416731301613556,0.9056253063663162,2.8899732768254744
HoltWinters,54,7,4,464.1582692128591,508.16613970075224,14.66148732348268,13.462225085309665,2.7336969219673377,14.334617468751798
HoltWinters,54,8,4,56.59324227569818,70.49366855274982,1.7684402470104943,1.7805878406855782,0.32238769004456075,1.776756080470002
HoltWinters,54,9,4,102.87844040983911,120.3840170352457,3.1193794597410816,3.1010698589000265,0.5793879328210138,3.1146631733685926
HoltWinters,54,10,4,364.44236936145194,378.34871046473336,11.704354206900652,11.004908312267455,2.0313516971552597,11.622584384815987
HoltWinters,54,11,4,94.70266527476653,103.40015548045685,2.991517239688444,3.0455151594757885,0.5200562218110519,3.007502862455841
HoltWinters,55,6,4,52.322645649619034,62.84042398770222,2.076206997959501,2.0453576734460297,0.30975258374046144,2.0560163242033878
HoltWinters,55,7,4,70.85210471532137,78.04244667526748,2.879209519414912,2.8424915096419374,0.4306724039447579,2.871134585362184
HoltWinters,55,8,4,136.45764907729534,149.87554752565345,5.415151582840594,5.597452790278536,0.8519728350299398,5.449441538189691
HoltWinters,55,9,4,78.85475911418123,108.16918660404477,3.0096294830395562,3.0875801922782484,0.5163896107121048,3.0683846913323034
HoltWinters,55,10,4,189.98479662139724,211.84181585817868,6.918761777610135,7.228679614060736,1.3108929118661212,7.006343787385831
HoltWinters,56,6,1,101.91498037260777,105.05665871219595,8.045612338772086,8.402853116847824,3.78243732796854,8.082079501678217
HoltWinters,56,7,1,118.48791270653399,127.87949673470517,9.990645457529752,9.434043356705748,3.538680567311923,9.842999651025965
HoltWinters,56,8,1,38.635666652855335,46.6570523699055,3.1676151334329945,3.2277823009836517,1.0933338423275611,3.213480039159664
HoltWinters,56,9,1,50.845472469574005,63.836660261189685,3.8750947151544555,3.995427395705711,1.369686776553401,3.9586435938270674
HoltWinters,56,10,1,84.56949031370385,86.76326822298924,6.695395221156317,6.466699356699227,2.002110218542319,6.675442962828616
HoltWinters,57,3,4,50.953919927596594,64.84429940951429,2.1334220147679455,2.1238088727691604,0.294682011281338,2.1087822580162245
HoltWinters,57,4,4,81.24353272985621,93.70246621865778,3.0664044005191644,3.126066766914786,0.500764849206387,3.124016981345008
HoltWinters,57,5,4,57.612243349608335,74.93096866757935,2.016481617200001,2.039258162995666,0.3525418039486976,2.0387580143888857
HoltWinters,57,6,4,200.28895830090897,213.32354720648516,6.780030745820673,6.5297922881175765,1.18620692547048,6.786874389434455
HoltWinters,57,7,4,114.11560576355812,133.62910383454113,3.8158863430629983,3.719483499561201,0.6812775144730624,3.810055449043993
HoltWinters,58,4,9,677.4666087357464,820.9591787860918,6.844957855265786,7.1222631399656375,0.5693625281916808,7.148059061931831
HoltWinters,58,5,9,1042.2873438400247,1168.5431385996546,11.67389711243498,10.859915837955977,0.8512885971729579,11.019941911218922
HoltWinters,58,6,9,1455.299831048454,1754.3292063132183,19.851454506873463,17.183651925679637,1.2335341657212708,17.78271866078374
HoltWinters,58,7,9,716.98276837608,904.1963832474339,9.686514522554656,8.948812025133872,0.6129431722280683,9.018240958015289
HoltWinters,58,8,9,2575.389163156354,3017.40861652078,23.29380892264034,27.418786322329257,2.1842070609718323,25.023009206619285
HoltWinters,59,5,4,652.7370724206171,696.1065264384063,23.71069905153192,20.818307287053365,2.188947784060555,23.021069918780917
HoltWinters,59,6,4,655.6945145523365,694.7991156982373,18.18378891203279,20.17710102723322,2.0488445436906537,18.632833639696695
HoltWinters,59,7,4,702.1609540891699,832.4608287948821,17.853700752061666,15.897318392504555,1.977873554788429,17.96517480539814
HoltWinters,59,8,4,161.47313550493342,225.7428218930186,3.675499719446198,3.800675388832241,0.43599715842375814,3.8530338328857874
HoltWinters,59,9,4,126.32996654855066,140.6841938693296,2.653268422432331,2.69718054295486,0.35861171635262495,2.6617776478941866
HoltWinters,60,4,0,212.73568616817008,272.0649909798959,22.1920157329288,25.998261534586458,0.8004243696857531,24.83113176187785
HoltWinters,60,5,0,473.47618408106365,546.6500316470648,34.85086638752365,42.13322421575482,1.86589364818845,36.909619129088156
HoltWinters,60,6,0,295.1035443536604,416.3004674897724,15.31289942009619,17.06598312505832,1.0916104422682544,16.870664865958265
HoltWinters,60,7,0,718.4359578754594,761.0303794943591,40.04781852503886,32.76069809576121,2.3787372239592126,38.641643651105554
HoltWinters,60,8,0,479.9537712702502,960.311555124665,17.470604594249615,20.117204877367236,1.6267421205327797,22.298912789391117
HoltWinters,61,5,3,858.6663626314003,1022.5968610473262,21.389911570414576,18.624819189308944,2.656588397540851,21.387939565993502
HoltWinters,61,6,3,1552.1814827180942,2043.5420867315063,75.09531857009506,43.19854086349184,4.434961156711783,48.92016264615508
HoltWinters,61,7,3,810.1513785416657,868.1065154048443,46.69986715602194,64.95024275072679,2.279996705956703,45.97918104820473
HoltWinters,61,8,3,432.5132389178338,501.9344672546249,23.936774161027387,28.431873343129492,0.8644202102818822,24.70151963572946
HoltWinters,61,9,3,135.38803452741303,171.09601255739793,6.746320016478371,6.462624878979701,0.2850832311504609,6.300459388985777
HoltWinters,62,4,4,605.4205181692686,675.4705610188724,21.52615743902407,24.453168353481523,1.6472887188817447,22.370443832215525
HoltWinters,62,5,4,342.13564242103496,409.99729428970966,13.823895105549406,13.319364462501628,0.9350142362910336,12.20777007819832
HoltWinters,62,6,4,303.52154256783405,390.8182205717209,12.852136582419027,11.714850552501938,0.8186659304292516,11.450498429615791
HoltWinters,62,7,4,320.59819697511233,425.5837542288533,14.014352937483654,12.540301676323285,0.8577783466853415,12.092518609004735
HoltWinters,62,8,4,318.6852099347048,394.6756327791975,13.96754189588304,12.857106461271325,0.8425811913898503,11.718277976730452
HoltWinters,63,5,7,3023.2369817328963,3220.8161788135217,39.46833444097342,32.186515465413535,2.7186780440438,38.37807026470747
HoltWinters,63,6,7,534.9009439845122,658.3694702735249,6.372197848996118,6.661357489065288,0.3980088718451655,6.530909034758241
HoltWinters,63,7,7,1485.3318086043332,1784.9468482187049,25.115243882017246,21.042672370253733,1.1241882390177564,22.240089750498377
HoltWinters,63,8,7,930.7585079256592,1023.3827003838878,19.18177497742685,17.13334711308898,0.7138719690889443,18.40538027611532
HoltWinters,63,9,7,423.85442865466246,463.8567065839067,9.880048579927488,9.319380571086878,0.31208008519861186,9.68522704456389
HoltWinters,64,3,3,140.73361423675618,149.74608475078182,9.836662160721731,9.300205444790203,0.2848082483094501,9.636465176723759
HoltWinters,64,4,3,476.1343834638888,599.1039386904068,23.874929303251356,28.837433573381183,1.0107484246716703,26.916299432649726
HoltWinters,64,5,3,149.05063089393974,191.27653528808779,6.72238033898769,7.0364993149275215,0.33226167047337113,6.988659284676579
HoltWinters,64,6,3,466.1160478450599,512.1882453820497,24.636895087235867,21.388318878143544,1.0162977493461203,23.47994532004331
HoltWinters,64,7,3,111.27102298640696,147.86690217892001,6.479031637177589,6.172937860147381,0.25118827447469205,6.056133496277278
HoltWinters,65,5,3,790.4227355490566,935.1199840691903,35.04819197830521,27.658995367716404,2.169188034856862,29.960650627940122
HoltWinters,65,6,3,315.0108507755988,419.0344960637036,15.10569711241329,13.195978418438528,0.827970085175924,13.333176631721171
HoltWinters,65,7,3,374.97252631389176,462.0665892529555,17.992185402189868,15.829569032003354,0.9048865201602511,15.64743040034271
HoltWinters,65,8,3,406.42511304423147,494.2492009851554,14.726255689722858,16.37944921534492,0.983247036854861,15.647198427497615
HoltWinters,65,9,3,477.32986823465865,576.2725555305285,16.62935626703727,18.643987930318595,1.1303432602768724,17.55313709079944
HoltWinters,66,5,4,1020.8923362136296,1128.3980384106997,33.990737696957154,28.048620418786435,3.1494222978748434,31.64518863537732
HoltWinters,66,6,4,340.15325869545995,384.66447074414003,11.852822593515357,11.011551859982143,0.9672747418049157,11.664443651610634
HoltWinters,66,7,4,92.74557562939327,128.4502936027228,3.160372554014814,3.1490669164036396,0.25325242947025745,3.168381782746401
HoltWinters,66,8,4,251.70576968676858,287.1029098519675,7.479997640957952,7.849683433579245,0.7252519529798102,7.65580238993213
HoltWinters,66,9,4,80.25511314072408,97.14409202909906,2.2908888633223987,2.2633783071946123,0.23099761869810922,2.2893693130475965
HoltWinters,67,3,4,406.61576708222805,451.4747065198087,14.621026255818121,13.394467353957108,1.412370199195569,14.298721681724736
HoltWinters,67,4,4,416.549786810649,450.8137822943351,16.719952744559148,15.208734412386319,1.3827032023893329,16.311004038196913
HoltWinters,67,5,4,137.65526893256464,171.33996635425493,5.894962363138752,5.629991885526079,0.45823736752203315,5.711285241896101
HoltWinters,67,6,4,332.4432011241969,373.88522630236974,16.55301853077814,14.952104124792188,1.1605751939034799,15.822252876811888
HoltWinters,67,7,4,72.00064669331111,80.92657892871665,3.7021720313471533,3.6419593006658304,0.25233710074054383,3.669380569614121
HoltWinters,68,4,6,986.2545694822464,1139.8236612676892,20.020981494138393,18.3101765717171,2.0289640259607946,18.026051329407068
HoltWinters,68,5,6,1088.9799597412666,1326.272580762561,23.885215937271457,19.924641277676425,1.8917408623547505,20.929845379435704
HoltWinters,68,6,6,849.1759235767556,1034.5074700664356,13.063369644043119,14.01313214316769,1.2624749341728339,13.746477115244415
HoltWinters,68,7,6,1080.4606039774008,1250.2118356542833,14.563202418768622,15.950555820871587,1.5224866730857076,15.354052961795556
HoltWinters,68,8,6,880.853129856451,1061.6706071144495,13.014139717409318,11.874759808376195,1.1523952775161546,12.330055113848037
HoltWinters,69,7,4,686.4351122425282,707.7053014283043,21.55552149650078,19.309251268557233,2.115492385960377,21.23433013742612
HoltWinters,69,8,4,308.37596980123146,352.97079697311574,8.872485143602875,9.266727035060443,0.9543114055142053,9.002436738522938
HoltWinters,69,9,4,512.8892320817713,590.9160988832805,13.685862637587809,14.953192643849833,1.5683954235839277,14.294133127746743
HoltWinters,69,10,4,776.9503894014953,837.9334651295068,17.689400851056362,19.63737699857052,2.4426385908017263,18.106737161380195
HoltWinters,69,11,4,824.1617922924409,854.872480855513,16.77408539405278,18.39827066856096,2.379775932657784,16.98539868360027
HoltWinters,70,6,3,202.88153912681696,269.6774655318989,9.736895987666655,10.601976363427552,0.5710429423699733,10.486670660904451
HoltWinters,70,7,3,571.7546764111461,660.7291493539042,20.83899230326422,24.022974679770172,1.737734592499787,22.199515040931477
HoltWinters,70,8,3,694.5602702482333,805.1655663139775,24.863203421312065,21.347734918456275,1.9718998118453943,24.570307243628413
HoltWinters,70,9,3,89.68573687106556,107.62974072464935,3.165334373604467,3.158865092579909,0.24863851821993882,3.1732935157474715
HoltWinters,70,10,3,132.1767099733538,151.1535351170409,4.736982123525143,4.596770323675497,0.3836240231988512,4.711146449325597
HoltWinters,71,5,0,289.3284976501682,314.84920047079976,39.50973172327637,31.776537678891497,1.213464774600256,36.49805866085391
HoltWinters,71,6,0,90.52371166046841,97.27846630972718,10.65043697023474,11.331143482878531,0.35910816245118526,10.841999075637517
HoltWinters,71,7,0,101.48710077612367,111.97394074996596,11.084688159881745,10.38858557936445,0.41491582794350795,10.942625222334552
HoltWinters,71,8,0,642.8242371493375,749.6053355900647,63.330306520917304,44.94529587588582,2.7993251234219505,63.31727092103564
HoltWinters,71,9,0,104.17580174487365,111.86955232826708,10.032887778446927,10.646180770932268,0.46740320670595953,10.107851497381766
HoltWinters,72,6,9,910.3926723852089,935.1127957560924,8.973533617491583,9.416872828853757,3.8539717588038145,9.01376377644053
HoltWinters,72,7,9,1156.842186963891,1260.8273200804692,12.523575199998454,11.64007833907234,3.666452762188846,12.249337986615608
HoltWinters,72,8,9,307.79773484296936,364.3753891733278,3.275649177586655,3.3256953924293806,0.9131233640172887,3.310233109003452
HoltWinters,72,9,9,437.00453057849506,537.8617979806922,4.312628383448688,4.455725398579266,1.2134203688318492,4.403635737666691
HoltWinters,72,10,9,826.5922396523138,854.3792871430788,8.644290853561282,8.260745713692156,2.085038487080935,8.599460200884103
HoltWinters,73,4,2,28.68955656534945,34.51793449942436,1.6692087962742155,1.6490775516185288,1.3200716211050358,1.6578234933428253
HoltWinters,73,5,2,14.049814564549706,17.897882432606515,0.8047888995594854,0.8099834571702361,0.6487465303685243,0.8093211154694531
HoltWinters,73,6,2,20.92836908589215,28.69940353409929,1.186058071282658,1.1986592026285428,0.9879230127501883,1.1970088130216983
HoltWinters,73,7,2,16.77647968118927,22.479339073099375,0.9672062223717146,0.9588228723340866,0.7785769575800545,0.9613110312972554
HoltWinters,73,8,2,21.212838858803163,27.28673039810093,1.2369164322140185,1.2244834090311905,0.9893111735433716,1.2263725693221676
HoltWinters,74,5,8,1854.8104892790568,2187.4665557247076,65.88008168402824,37.9286040442236,0.946051492914194,32.73417509286663
HoltWinters,74,6,8,3470.0118422594305,3590.9148200628265,48.8518557548831,65.3841323392375,1.7085480873190566,49.744478364359466
HoltWinters,74,7,8,1451.8596919677177,1598.7580650046052,27.37161446060063,23.26729288432531,0.6834812681366479,25.274737937282765
HoltWinters,74,8,8,874.9365606600854,1122.5313148854475,22.439288660359946,18.314322582369936,0.4218228288156499,18.217602883426977
HoltWinters,74,9,8,635.5231974999559,787.8117838670921,15.261839275626452,14.246959228030656,0.312069447860084,13.860169138051209
HoltWinters,75,5,0,119.03975388733728,153.95141362057566,11.543528863830874,10.496141227344385,0.8626734406148783,10.72812917154367
HoltWinters,75,6,0,327.71896905125664,350.3533868615876,26.131595758295223,30.645369060335266,2.139723746835019,26.651315381872532
HoltWinters,75,7,0,47.126993090630876,76.46766931143245,3.73039630450914,3.56166299703981,0.3020959045309383,3.617926494585835
HoltWinters,75,8,0,86.6537659634607,97.74607242203865,6.659866904224613,6.383531684615342,0.5666908571224865,6.485834945729901
HoltWinters,75,9,0,309.6871787699237,345.9541962277282,18.13332412411812,20.358932695281023,2.148376027181337,18.93143034555337
HoltWinters,76,4,2,124.16827978120942,146.10897833069473,9.944207309342476,9.796092223167067,0.5013109606431262,9.777628495068058
HoltWinters,76,5,2,221.89949274007844,260.40605439823685,15.00082342940382,16.546231252401963,0.9357979306322036,15.622877475007375
HoltWinters,76,6,2,198.59296099570176,234.61616175907346,13.647130295528425,14.275857903713685,0.8621641744249633,13.61284550585017
HoltWinters,76,7,2,263.1674907199354,287.11014539096885,18.033005405895153,19.177407893393806,1.16118685237968,17.933705193188977
HoltWinters,76,8,2,127.91623393928315,144.76901075274938,9.70769123615702,9.2426259327588,0.5718511083976763,9.164377221662148
HoltWinters,77,6,0,260.1588113249511,310.66499185419883,32.53766528119175,27.94295157012765,0.5864762604517386,29.213091727068747
HoltWinters,77,7,0,228.22713271291892,317.43789745044216,21.621719968828547,23.201102972628572,0.5227525672028319,22.87354336766448
HoltWinters,77,8,0,349.1566463727708,493.98862025117666,34.6888811032368,30.71931309827523,0.8130883766358821,32.11456124021397
HoltWinters,77,9,0,342.6357587494369,503.5861670690263,27.981483576396144,29.07363374917867,0.8265577969188731,29.96814216467378
HoltWinters,77,10,0,233.6521488175598,296.3030891079124,27.561734745616008,22.5431986080884,0.549849623887924,22.9445645320026
HoltWinters,78,4,2,540.0859351763879,582.4332526214376,31.16486583188815,26.25338802374332,2.620309041815853,29.94298570537349
HoltWinters,78,5,2,181.64632746371385,209.0545586009866,10.743287671433118,11.302266855944415,0.7303465180370928,11.116499549750715
HoltWinters,78,6,2,413.5883898177171,429.6893952159832,31.61373858458074,26.904999960207853,1.6693468819931279,30.686206133218295
HoltWinters,78,7,2,107.7627092214164,134.60579714342455,7.5813600453568455,8.021388562109975,0.4208694423526687,8.026414446539516
HoltWinters,78,8,2,110.60311976685064,147.47386111984977,9.157092428564848,8.43533511357609,0.44693782299404017,8.462742179950038
HoltWinters,79,6,1,220.47234146501125,242.67060165489826,18.125223756174307,16.297523675876178,0.9926201487640469,17.45465309690814
HoltWinters,79,7,1,198.5304762107029,215.81217703424846,17.270518729332633,15.640233597232282,0.8347545776661616,16.76256986518195
HoltWinters,79,8,1,81.1518276003216,95.08650474520138,7.416946253197591,7.071870883307868,0.3587166929646955,7.142071544303308
HoltWinters,79,9,1,42.285274868388186,54.663435328393966,3.8235570052311685,3.83114381735507,0.19629892486230238,3.8347671995140504
HoltWinters,79,10,1,51.889987838117655,64.39153237329599,4.909016666047369,4.80818245246695,0.2544672505155247,4.796456762378694
HoltWinters,80,5,2,302.8773484360575,321.9446939646752,18.063759764676057,16.348620512859398,1.4538161518421562,17.629339498397687
HoltWinters,80,6,2,468.98181057306516,501.6649474682648,21.329993799034735,24.18104366246789,2.213330697733899,21.973433966521007
HoltWinters,80,7,2,79.45952846829144,86.90953164807875,3.368904860632213,3.3640898065520974,0.3476459875009436,3.3463442977134874
HoltWinters,80,8,2,161.76214003973195,174.0319209777698,6.61483954869245,6.36683342933573,0.6767636899710231,6.504799305469357
HoltWinters,80,9,2,287.0658165846508,321.4847533351273,9.520704056519309,10.105325586941166,1.2806468064174112,9.846969943632791
HoltWinters,81,6,1,36.65588366950496,44.07404380938437,2.870834541407653,2.9311731617747725,0.7977798278586418,2.900883297652624
HoltWinters,81,7,1,77.91668792896478,94.57426359931644,5.671001973142005,5.912041093089666,1.6550071947150304,5.8430212170202305
HoltWinters,81,8,1,29.21845331297114,35.79204936548641,2.0836014656002417,2.0916645825051865,0.6197581551168179,2.083312179177978
HoltWinters,81,9,1,111.56738926211425,123.94692202684497,8.339080033317762,7.9268596401176135,2.133219679963944,8.214558050959448
HoltWinters,81,10,1,43.75937535027569,50.286405056635466,3.289175673998184,3.2231567207606977,0.8384410179473284,3.2317267316496223
HoltWinters,82,4,4,457.42330338298393,530.8149926798724,21.66427272201507,19.957989746376498,0.9363647898391322,19.206457336994013
HoltWinters,82,5,4,467.7653097904271,532.8106226874681,19.239854480491285,18.958729557636715,0.9836097739131896,18.188273863316944
HoltWinters,82,6,4,395.0210522583909,446.70697456879134,19.72401546772286,17.69168573451411,0.8460097933416353,16.228383542975003
HoltWinters,82,7,4,608.5031422038533,726.6738112938455,20.381253063717544,23.671844431257306,1.2997063079595486,22.321131251974553
HoltWinters,82,8,4,664.8387197459289,743.1931361813885,22.070518334728117,24.959383449661576,1.4553936235430227,22.89175117709115
HoltWinters,83,3,1,456.22202959482706,555.2454274533354,29.24225236352504,23.839222682498416,2.6021238221370133,26.707451592583336
HoltWinters,83,4,1,427.2741788053777,437.04439984901165,31.1210148361462,26.737202481458834,2.463232231973286,30.674245694748198
HoltWinters,83,5,1,180.97699735695423,199.9248385360848,13.069433435878128,14.20471736498767,0.8996318424186481,13.146092525166289
HoltWinters,83,6,1,163.52882549504497,209.0544449808699,14.541169032275059,12.923615327022356,0.8621364166547256,13.231807825622699
HoltWinters,83,7,1,48.35564886154923,54.55332809252452,4.7501298861690255,4.646102749140588,0.2685368786418747,4.774561900275733
HoltWinters,84,3,8,184.64964300663254,232.35052409837874,2.6234878595102527,2.6652140712814703,0.12093350189106031,2.634114109596371
HoltWinters,84,4,8,143.4451693374123,168.0531041481815,2.304715998004192,2.293009499847267,0.10409865406496424,2.2844659296662515
HoltWinters,84,5,8,288.87761584083523,361.2154487131543,4.907955443196853,5.095569214528083,0.22098579622688425,4.898509367949907
HoltWinters,84,6,8,475.2501130230999,544.9215456816182,8.057022006225315,8.509223098368185,0.3873991907484517,8.05090958873108
HoltWinters,84,7,8,492.2462374431909,548.8531538289964,8.36186077976416,8.818786816456171,0.4392867351216201,8.34714936521183
HoltWinters,85,5,5,749.209852016284,839.242833811445,24.410512318982263,21.011245748774428,1.4737015534927596,22.872370258841524
HoltWinters,85,6,5,741.305855836697,837.0938858294534,17.018352957086286,18.978911022289033,1.286727747005104,17.898359605055248
HoltWinters,85,7,5,1406.9653779746375,1653.9025196224286,30.73558704094833,25.44846794757831,2.323528510347415,30.556869348248405
HoltWinters,85,8,5,516.1847109934223,676.6151282022901,9.233761856007716,9.978080953864,0.8378665651245074,9.99896692563434
HoltWinters,85,9,5,470.57899656160225,481.79235163789366,7.766406921109429,8.094049333414228,0.7973663829724591,7.796653202046812
HoltWinters,86,5,5,714.2198741569774,837.8402372281935,27.44362791884369,22.851762561927895,1.0172668922237162,24.666346201679374
HoltWinters,86,6,5,791.0779607821215,836.31340769155,25.37113305029848,29.54312757916508,1.007223836942992,25.697713577672214
HoltWinters,86,7,5,139.5349910847184,173.10293466908814,4.5841205507567935,4.468047939015239,0.1803409914173177,4.461873590226413
HoltWinters,86,8,5,673.8334891452089,700.505300648764,22.216992047196204,19.84120515502336,0.9391335550496046,22.114287954937243
HoltWinters,86,9,5,775.1533836249752,861.068707137209,22.040596526409207,25.407664449969914,1.144998762572614,22.761375721229506
HoltWinters,87,4,5,2528.571620836486,2810.86755136562,77.79650820538042,52.314335189047355,4.38086652765449,73.06587944440668
HoltWinters,87,5,5,495.6398534490038,600.8478740591046,15.917087580049893,14.40296069550116,0.8336652825552561,15.229511686527482
HoltWinters,87,6,5,877.9489363612068,986.0481753032864,25.11250974944515,21.548897336368793,1.4894549094134562,23.53377348760434
HoltWinters,87,7,5,737.2017321394117,973.2692796263605,13.803226830792129,15.308240213342792,1.292749294076303,15.16944578829295
HoltWinters,87,8,5,698.5823013665009,819.6316528519878,11.946892378539706,12.301071505014342,1.159722827914352,12.00256646605749
HoltWinters,88,3,9,3026.0757466702935,3316.2018817471508,32.24938672076074,39.624605776421625,2.3204391315360664,33.811489858337254
HoltWinters,88,4,9,469.1962033868918,562.3184440661981,4.787878108143455,4.667882796605226,0.32104524004704765,4.754970678661942
HoltWinters,88,5,9,674.8753972342793,802.4303053584395,7.261944553262706,7.101993209177462,0.46184955428755003,7.174666065547227
HoltWinters,88,6,9,1066.69113628213,1258.3037880812115,10.837634078890586,11.603535139222856,0.7836069420837721,11.211379553761326
HoltWinters,88,7,9,795.1874254668878,978.7163739360046,7.537559880526941,7.938314586162661,0.5915905861951504,7.760054333819455
HoltWinters,89,4,7,1114.119941260429,1459.3387208327104,15.640353911676252,14.365870376695645,0.9017157797971097,14.043528671349945
HoltWinters,89,5,7,1152.7013360702836,1434.8660369136107,14.255375638665186,14.730744966490267,0.9700951838215257,13.525830540590029
HoltWinters,89,6,7,928.6676195394458,1179.6656943830849,13.741274061741967,12.28921999290752,0.7738896829495382,11.158889954412567
HoltWinters,89,7,7,1628.3468564404684,2041.5019862394229,24.684432769290048,20.70977282215036,1.373304577720877,20.213960976502364
HoltWinters,89,8,7,1551.498587773042,2118.9864156453427,18.82493784644077,17.060857551693086,1.3290304476268144,17.652954854560527
HoltWinters,90,3,1,119.16675827240942,130.03783712728048,9.355995511313605,8.853622714649454,0.7390821191760403,9.165972555532589
HoltWinters,90,4,1,96.74856609996915,127.29732918994453,8.287267167097879,7.744724900674344,0.6086099895992881,7.705794851574168
HoltWinters,90,5,1,400.3959973658923,471.7901570129073,24.977834272339468,29.8916295398749,2.6174687916832085,27.10945772111593
HoltWinters,90,6,1,382.1444540928605,451.7082228525872,27.923824255369723,23.262548596455954,2.37516234971857,25.660807650534206
HoltWinters,90,7,1,154.3923367478607,172.2277189697179,11.422050781703026,10.934980240397655,0.8813262243279407,11.25397438436179
HoltWinters,91,3,5,344.29777178536597,425.83204247524327,9.984417747731962,10.653472527008766,0.4607831652003725,10.468371866827116
HoltWinters,91,4,5,368.16603434504106,429.79491920391587,11.0935979527274,10.432659240293775,0.4659706943664869,10.687381253605588
HoltWinters,91,5,5,195.9779743701027,266.5265300522942,7.029847733171882,6.578460084448656,0.2572995109543558,6.569828171977965
HoltWinters,91,6,5,558.9359308324185,684.0597509237558,16.467560063474508,18.225870586792936,0.7595387854866441,17.329764474532958
HoltWinters,91,7,5,785.1772908332509,855.6837458735689,18.421436022090283,20.274123423083413,1.102340885762719,19.03501117195592
HoltWinters,92,3,7,625.6955891948949,798.0764159274036,21.952516766442127,23.793211173345576,0.29715695494995226,23.355613539715574
HoltWinters,92,4,7,705.8709268465801,898.4591481619965,23.205955426905795,27.43980388203633,0.3507227922958944,26.165980236497475
HoltWinters,92,5,7,648.1087926024081,758.2670900926807,31.65136474103137,26.409024369822475,0.3511107497159582,27.259969031207582
HoltWinters,92,6,7,525.740957208041,687.2212414358108,18.43854226767004,20.387567917111255,0.30177025240329103,20.074195787485287
HoltWinters,92,7,7,543.3878919557378,740.1343634905593,19.390043154637443,20.319182257324886,0.330655934965083,19.826047057208577
HoltWinters,93,5,1,103.50473706896963,117.10243168349695,6.098956544386799,5.868356398999124,1.073519868412489,6.0448422710881164
HoltWinters,93,6,1,49.92644118839135,56.551192949389495,2.696046992883939,2.740595897770241,0.5258961956508826,2.684394230548588
HoltWinters,93,7,1,158.87949822259628,181.12040702570724,8.523396584720647,8.074929585792018,1.530516143976626,8.475331888739452
HoltWinters,93,8,1,205.230005709395,229.6894738421416,11.543602319845908,10.763710686571502,2.090693079706214,11.393705934259241
HoltWinters,93,9,1,26.804470940208855,32.92495313355575,1.5349338844542735,1.549231654701992,0.27838974758767854,1.5462501756022695
HoltWinters,94,4,6,1837.700410473318,2344.3471384010572,26.322104258317395,23.057841384790535,2.592176410808088,26.062783999655075
HoltWinters,94,5,6,1258.8694494799036,1476.908892809665,16.26480098779071,15.871833333726263,1.5832321785399337,14.54282611903938
HoltWinters,94,6,6,2283.5298499955525,2594.1805175125737,25.519852837623375,21.543628271041168,2.4293423943710684,21.421549606626446
HoltWinters,94,7,6,2200.79210661704,2898.917952152705,17.761294389071534,15.454650595248895,2.026885181126125,17.935714938350138
HoltWinters,94,8,6,2004.405466447629,2503.5302243547194,18.852754986603077,16.469839677914987,1.7454402578699406,15.294511720124754
HoltWinters,95,5,8,50.65836076240672,68.93207850316499,0.553061364991854,0.5503929526296352,0.1573432642437724,0.5580480377743703
HoltWinters,95,6,8,168.47931465507574,197.37600605618496,1.8065800037469462,1.784546833776382,0.5296922744257759,1.8160534545729463
HoltWinters,95,7,8,58.64611028189594,67.55753108305716,0.6149425593794474,0.6124896328625931,0.19010573438432954,0.6170027383681845
HoltWinters,95,8,8,72.0817018331152,89.37816772793988,0.7414628689295846,0.7375103613426948,0.24038846913895354,0.7435361793673774
HoltWinters,95,9,8,81.79443430588465,96.00513638002128,0.8332816563704459,0.8287058011019832,0.27852815314149143,0.8352526337470493
HoltWinters,96,4,1,68.10528846356658,92.0415518253295,5.3831003154791865,5.29143101664123,0.6213770291781319,5.262690474035251
HoltWinters,96,5,1,57.501406492705,78.33791741934365,4.330879911067656,4.2905529977503285,0.54253590808465,4.298017032183409
HoltWinters,96,6,1,104.54124998474887,123.09823009790396,8.040314297719302,7.624951549620544,1.001930483428341,7.8704193588849405
HoltWinters,96,7,1,112.39052017366157,139.07149980824005,9.265087133395319,8.668811827136745,1.1169239836152176,8.802191930335914
HoltWinters,96,8,1,173.50254238100965,194.7177660439588,14.978820891646482,13.65301420081132,1.7731396254070884,14.49419844378667
HoltWinters,97,5,1,165.09697726848592,194.1000680077612,19.268288231158166,16.903546738563033,0.8224927396018494,17.919122537027707
HoltWinters,97,6,1,143.83476800907948,163.28764710366937,12.83419530235372,13.941514851934212,0.6599337771264523,13.383919641404308
HoltWinters,97,7,1,217.08309939457772,243.51942718430442,16.832601985803475,15.285010730744478,1.0055030480620022,17.125789500798216
HoltWinters,97,8,1,502.42106739242655,563.7305207884873,33.955776960334354,28.224840970368568,2.3521252045481744,34.59780261398002
HoltWinters,97,9,1,52.70461570389094,58.82116943634967,3.343275945241422,3.342697995939741,0.2480342282653934,3.34674285904843
HoltWinters,98,7,4,133.1142915681295,179.05488247442267,4.7587642204121074,4.5630811006383984,0.6092207918538974,4.768211367990761
HoltWinters,98,8,4,66.92812230892355,76.32211468545442,2.3185830205692577,2.2883957643435116,0.30056422018266465,2.2803721725489505
HoltWinters,98,9,4,214.44466853815368,226.72100762651152,6.498103300961909,6.7387639815230465,1.0205268261775964,6.581172664590644
HoltWinters,98,10,4,27.636205460806675,34.87191880413046,0.7701697211764068,0.7693339034296504,0.12596361125750213,0.7676637149489117
HoltWinters,98,11,4,90.50816303381349,115.7876918169745,2.2461695821818957,2.2063974396799524,0.4009210199166426,2.2675820138691307
HoltWinters,99,6,5,2192.136336143455,2583.391649445664,28.917129978001967,35.87029216721703,3.623891274947127,32.58336420361866
HoltWinters,99,7,5,1156.8401817520707,1371.5312923069537,15.125161950504365,13.669131734084363,1.5698638976926322,15.022814567157692
HoltWinters,99,8,5,832.5466366676854,933.5980857701251,10.79591421929908,10.10348055023243,1.0244443679013873,10.705700428645763
HoltWinters,99,9,5,785.1463636139163,893.0871526825555,10.062768086509735,9.442973022282576,1.0272303056440246,9.929483977411994
HoltWinters,99,10,5,1001.7147437013058,1469.4082370838448,9.585373981544135,10.521130292928804,1.3776873119926272,10.89544104575715
HoltWinters,100,10,2,931.1022090978503,1013.0283730559473,36.13972729444255,45.404278166767575,9.32748971649588,38.429297427678065
HoltWinters,100,11,2,1161.0986663699084,1393.0396073118677,39.23093469990523,30.879399339354975,7.692760468036221,39.678248095553435
HoltWinters,100,12,2,428.4724782687873,439.55462865319373,12.996551276672333,12.182194346937653,2.3108579127326365,13.113127806389466
HoltWinters,100,13,2,153.85738643095675,180.73210681378904,4.072974294377774,3.9866809827661704,0.8221728920038025,4.1210487579074435
HoltWinters,100,14,2,216.84773930556366,247.60462517219614,5.2801712784787895,5.1058123405915845,1.0440875156194234,5.311916370188493
HoltWinters,101,9,9,78.69877615587535,101.74905499716874,0.8429066936637684,0.8380520644751958,0.9616958389720003,0.8073049357757772
HoltWinters,101,10,9,140.2204604600621,194.07547103906577,1.5026772301488684,1.487712762695893,1.7089764214963934,1.4312348174818783
HoltWinters,101,11,9,188.36144499083457,205.44252497989402,1.908349527246334,1.9092560555493878,2.251177376770741,1.8970731298350085
HoltWinters,101,12,9,66.18292428649865,77.34329389140939,0.6817985066864327,0.6798533649885099,0.7186656499088533,0.661866013199053
HoltWinters,101,13,9,64.23030166436163,78.67764307542903,0.645200455256582,0.6421717625115454,0.6945712577577063,0.641362351860887
HoltWinters,102,9,9,58.48465077822473,66.53141394164447,0.5728283350606643,0.5708115761334907,0.4032497180755555,0.5727456646562054
HoltWinters,102,10,9,74.54880257488043,96.0361719735545,0.7315041740205861,0.727147725287824,0.5337151324522993,0.7280472494182949
HoltWinters,102,11,9,142.0806946359184,154.66921327353145,1.3932809037473424,1.381851537028941,1.0554149960147627,1.3903354282239428
HoltWinters,102,12,9,154.10748918702362,158.60390696199931,1.5083814137422376,1.496478303696739,1.2010388413972342,1.5107589947097277
HoltWinters,102,13,9,143.3580768770469,171.33575368336034,1.415665203911857,1.402041210260898,1.1584254671532175,1.4147876725204884
HoltWinters,103,8,3,81.92230027369062,94.0998029986561,4.062506166899682,4.168428751733327,0.2925221084302598,4.0866476133802
HoltWinters,103,9,3,135.79381271273334,169.55681037587996,7.635535773261139,7.199328580063153,0.5192482896632509,7.263880810430938
HoltWinters,103,10,3,202.40386986625325,257.5693076935376,10.130290520481317,11.01180578448914,0.8113543821903,10.683981248236991
HoltWinters,103,11,3,172.33860702404016,201.2470252324413,7.8814637623301795,8.32379167779101,0.6956052810701916,8.030419723973054
HoltWinters,103,12,3,262.9613807995974,308.50930620473633,10.707237886558065,11.541125928228261,1.0496176251424423,11.050216191137407
HoltWinters,104,8,7,850.2649709880131,1014.6972427080748,9.568752953665744,10.242085653552008,0.7231846572158845,9.949992151567374
HoltWinters,104,9,7,1061.9703893162948,1249.3670516553273,13.445911030376331,12.309788006879785,0.9262990697642101,12.774192022986504
HoltWinters,104,10,7,1835.923193860994,2055.6214862882493,18.639073987583128,20.983516560828487,1.602366418922202,19.417473454388883
HoltWinters,104,11,7,1763.8772117852952,1975.488792398121,21.20352049607709,18.64289561333927,1.471784634086141,20.22858117521209
HoltWinters,104,12,7,902.0824757077866,965.9525788304959,11.599583259695454,10.863763502062389,0.7445751983685931,11.407278017313196
HoltWinters,105,9,9,261.6130011001026,297.16432913933204,2.7729441747033907,2.8232000441761107,0.7864118269542163,2.7963384915687928
HoltWinters,105,10,9,97.7272806430403,128.12002224600357,1.0427067678868345,1.035318040288465,0.2948197293141998,1.0353684823865366
HoltWinters,105,11,9,223.40101209032187,258.2901796318872,2.313813986438655,2.3487474240049715,0.6966268118945521,2.3338469051803794
HoltWinters,105,12,9,202.7969226468432,234.97300965153195,2.06577326112519,2.089032215212308,0.6594445386767979,2.0764190032099985
HoltWinters,105,13,9,217.48100405516328,291.85158648221704,2.2690855999266075,2.2387760656015585,0.709410853425409,2.233119265825978
HoltWinters,106,8,3,1047.9123574765183,1199.2123457619775,81.54528833216492,51.54221036367373,4.003254752768006,62.47254528446787
HoltWinters,106,9,3,369.57837186005486,408.1499139466254,40.412944195271685,31.769453720753855,1.2947680945848932,35.944964014466294
HoltWinters,106,10,3,301.79277877142937,315.8528301377054,46.39485176420804,36.737007904978626,0.9241537345221265,43.58212513983358
HoltWinters,106,11,3,38.775425851965416,55.06248768130244,5.793356305597271,6.087471768134732,0.11700651104669535,6.15833931927321
HoltWinters,106,12,3,67.61883378612369,75.58187530931593,12.15383182677657,11.24761961756547,0.21177583695759986,11.688747663960154
HoltWinters,107,9,7,1528.5217664209813,1739.9337962072882,17.032532868696983,19.08012175922205,2.544708823120391,17.648102498766942
HoltWinters,107,10,7,231.92598050615803,251.5911730089281,2.25807160196854,2.249454476070612,0.3544529136037509,2.260242365517512
HoltWinters,107,11,7,645.6745558068126,758.7717016666553,5.359353169659717,5.562257485079428,0.8966270766990055,5.476975496947515
HoltWinters,107,12,7,843.3283771953979,1109.834630446134,7.074383354874068,6.664972841467011,1.0788107163572491,6.9346326128447515
HoltWinters,107,13,7,982.4854973257303,1107.2155750790228,8.42625213090801,7.993100685205813,1.2502064811728444,8.345794691771188
HoltWinters,108,9,9,417.15247925896267,476.70670173664337,3.7886252263821945,3.7357232075825335,0.7244662200141762,3.7680503360505275
HoltWinters,108,10,9,787.0398548948997,895.8481832405897,7.451613753612602,7.115584924401524,1.4158851359575098,7.292920772450461
HoltWinters,108,11,9,475.9425238554399,601.6586874905214,4.76271472958277,4.597800771843033,0.8790175259080217,4.647825777388439
HoltWinters,108,12,9,391.5664725577058,505.0361323181647,3.735895987010005,3.8301421429819316,0.6994407257964551,3.838218015399661
HoltWinters,108,13,9,772.1773660355581,789.2653935628537,7.837323782663273,7.528087115143417,1.4027866381172802,7.812617035102636
HoltWinters,109,7,2,20.245550363919747,22.075143216302834,1.0698483050739942,1.0676584746856936,0.20346332531056918,1.0663716490517843
HoltWinters,109,8,2,18.470902368025136,22.013981861238527,0.8941897199088312,0.8969506629145809,0.1829332455947533,0.9013947447193807
HoltWinters,109,9,2,22.96362909561263,25.903949067613777,1.0337431910721162,1.0329670569120755,0.2200821576873235,1.0382928903299549
HoltWinters,109,10,2,89.79013044410515,99.4490871810723,3.8251083141016577,3.7387064294366072,0.8189845128804832,3.8559206984256336
HoltWinters,109,11,2,67.10505865048587,81.09173503173054,2.7537322853516204,2.6999677311656747,0.6069144802434244,2.7785829037345953
HoltWinters,110,7,7,4054.0833795945573,4566.9879243366395,39.272274030116655,31.37914964279474,5.39022638549486,37.323544279088175
HoltWinters,110,8,7,2559.1543921498665,3206.1902310098467,17.637723178021712,20.26407258816349,2.788024978915396,18.784775983874987
HoltWinters,110,9,7,3410.2236548241876,4373.2695703959425,17.04087671186387,19.377422319106934,2.9494064282097447,18.944324617036916
HoltWinters,110,10,7,10096.056856077495,11939.698283751928,78.10361981277548,49.22750524044176,7.596079309688548,63.28709623374629
HoltWinters,110,11,7,3133.152171395259,3417.9233780394757,28.623911610473606,24.46669382039668,1.9532660798985582,27.88554944884024
HoltWinters,111,10,5,323.52523539905803,443.46802378532635,11.61445930780179,12.961031818002791,0.4065742500768945,12.361851193395653
HoltWinters,111,11,5,1237.105384482181,1417.117858231967,33.06651153028276,41.310172437269564,1.6460874467667894,35.388362248762625
HoltWinters,111,12,5,824.7879376589517,845.1630125173917,18.838044715918357,20.893428906268145,1.1090349724973554,18.92206105668472
HoltWinters,111,13,5,455.5637439016377,579.9923472622679,9.264561972518285,9.44949589855026,0.5893282881936293,9.741289531378124
HoltWinters,111,14,5,496.8864965791449,653.1175193808988,9.956909679170554,10.40523585806296,0.6716783001738024,10.474463556999975
HoltWinters,112,9,9,197.93868138696132,270.9963264056119,2.3120829010967974,2.2624789830992245,0.4321050501811066,2.287441666269881
HoltWinters,112,10,9,630.0577961150642,656.4386851745709,7.062709309530951,7.342491111735111,1.415192764830575,7.094269013318459
HoltWinters,112,11,9,455.3042478810609,509.97231381943254,4.869644610792484,5.0218138335124385,1.0512179601569018,4.920730388387328
HoltWinters,112,12,9,358.7428176712127,383.4991102445838,3.729698263770967,3.8104236462593635,0.8406763605156171,3.7452053556678453
HoltWinters,112,13,9,148.36430916724171,163.07644714110722,1.5075127517542353,1.5213208600454204,0.35035819496593584,1.510992047736447
HoltWinters,113,12,9,335.7801033985289,414.1428244380714,3.3584173384841756,3.275825646885762,1.0694366306870955,3.291961798024793
HoltWinters,113,13,9,211.88357962543827,227.59818538952544,2.116026115595553,2.1421141811024365,0.6799505472582946,2.1211926770066123
HoltWinters,113,14,9,117.2398382888419,151.75101907875,1.1962943613368198,1.1847377918494288,0.37023106828055335,1.186237824170407
HoltWinters,113,15,9,160.79320874111284,190.2423354642916,1.6096938501688813,1.6268477891278486,0.5264910374709004,1.6205362583090879
HoltWinters,113,16,9,98.86743557456268,123.5193114407584,0.9893851775676498,0.9897968270805814,0.3319222370795935,0.9881253971916314
HoltWinters,114,9,4,285.4457434134822,330.07520581406584,8.787974814926674,8.313709471526614,0.9397313385518875,8.49517024396252
HoltWinters,114,10,4,204.47867816374824,254.7081210455014,6.583954439978617,6.273621460062021,0.6480562304092594,6.347919157171049
HoltWinters,114,11,4,165.64329291930594,202.73370975684531,4.9266718573068795,5.048679174084284,0.5295048821679738,5.010626350205231
HoltWinters,114,12,4,210.31675281937018,243.87287640161648,5.662220720220026,5.783019406173841,0.6786876597077312,5.755875695377695
HoltWinters,114,13,4,222.9042244162608,288.702266784931,5.32633205644815,5.556753762458112,0.7193791225319417,5.553819968635389
HoltWinters,115,8,1,569.7491675823399,725.7642525773716,30.965476917289465,24.61168593511594,3.974994192434929,28.400678528059036
HoltWinters,115,9,1,508.65956949936935,547.5390917274999,32.55387708160274,27.345353080343354,3.25785377561509,31.51763253352375
HoltWinters,115,10,1,193.08949801377364,212.2067555154883,12.259974581465631,13.242985492141916,1.0683230422893213,12.29869414100469
HoltWinters,115,11,1,54.37571065465656,63.03195319218355,3.242457597964991,3.231129960945653,0.3067890289854164,3.236649443729557
HoltWinters,115,12,1,34.93926972690151,42.363250424438014,1.8912416760716872,1.9054886186184825,0.20585062303464305,1.9115709880979548
HoltWinters,116,9,9,195.85751466517073,225.7322190083202,2.0782970551396094,2.0499818452442873,2.3962991190681575,2.072322633419394
HoltWinters,116,10,9,73.38554771230065,92.17342743716885,0.769355933614281,0.774038587806224,0.8832435905938117,0.7706766970953394
HoltWinters,116,11,9,78.16483957817228,97.6915675082368,0.8034169478983996,0.8084670008059609,0.9571204846306809,0.8071174348365654
HoltWinters,116,12,9,88.71313922592304,123.4834908453084,0.898840404428344,0.9001610933480252,1.0345231282772218,0.899220917933672
HoltWinters,116,13,9,81.56770568614007,107.28948464758511,0.8215905264628478,0.8196733770217355,0.8801311022264705,0.8178580115588912
HoltWinters,117,9,8,202.92114035167572,232.4918853895142,2.240955537895291,2.2718480583588967,1.0673318974946124,2.25206582874822
HoltWinters,117,10,8,515.3948693838468,588.9860520350717,5.679657716196402,5.598342744576349,2.5189757086883238,5.728306935949689
HoltWinters,117,11,8,698.9418395306475,1027.5152804313952,6.856655291261095,7.332138875767782,3.3164952298427233,7.438672913309754
HoltWinters,117,12,8,685.4887175445971,920.1591084476869,6.573629056754688,6.886834267552302,3.01556021530463,7.017897335215618
HoltWinters,117,13,8,178.0771177301842,222.33656338239908,1.8537090870219806,1.835315889120105,0.7479374933302887,1.7877433764700752
HoltWinters,118,9,7,892.0475533071964,1072.9853550460923,8.920475533071965,8.398494519745523,1.898027362422756,8.920475533071965
HoltWinters,118,10,7,528.5583390834937,633.5434502840387,5.285583390834938,5.092626950592488,0.9371601756799534,5.285583390834938
HoltWinters,118,11,7,390.19385229722826,475.8613444745546,3.9019385229722827,3.7920460641287423,0.7430799656303927,3.9019385229722827
HoltWinters,118,12,7,302.58123673058435,374.27069050928804,3.025812367305843,2.9574290026847962,0.6159717847812001,3.0258123673058437
HoltWinters,118,13,7,245.24734540560115,304.74202786358717,2.452473454056012,2.406987567616555,0.5314658785385368,2.452473454056012
HoltWinters,119,8,5,1545.4359816896515,1679.3994526610759,19.622453548201346,22.096583020447795,1.5817919802620808,20.03297391004753
HoltWinters,119,9,5,967.251607126981,1122.6647291397041,14.063774267151558,12.815302065947531,0.8750852907449476,13.646711350870241
HoltWinters,119,10,5,1098.5297225518425,1150.3781687163603,17.382507449205775,15.8591813643174,1.0342029381931068,17.212683580828276
HoltWinters,119,11,5,471.50628611457915,540.1049926305022,8.269320293455799,7.834814133936378,0.45119672854388154,8.095038075894548
HoltWinters,119,12,5,647.2729217053197,690.9753369974069,12.584797796469744,11.725453743445193,0.6404354128726184,12.383245336660524
HoltWinters,120,9,8,118.1338034921665,145.5023721879088,1.3112466950294734,1.3195153859174162,0.4294421279069621,1.3234879986923247
HoltWinters,120,10,8,336.6083316726771,392.95542365411814,3.459062211785472,3.5420310859125017,1.1874085386937916,3.5232393660025165
HoltWinters,120,11,8,245.11268776008131,279.5619556746367,2.3847495795056064,2.4220250051095085,0.8025442235149343,2.4133182254028354
HoltWinters,120,12,8,130.6833722176221,154.00541332058438,1.2490558532200244,1.255541046678301,0.4014253407398221,1.248308842605404
HoltWinters,120,13,8,352.6169701360359,434.12110221099965,3.4184724096204837,3.331763893919596,1.0629886890719555,3.393012799068044
HoltWinters,121,9,8,904.5209299229278,1199.7890731505997,10.174949560490768,11.162476878333596,2.0041084119414947,10.403435615726966
HoltWinters,121,10,8,323.9524435486714,357.6970125644837,3.4160692845176457,3.3489620666940936,0.6479048870973428,3.4524239099325547
HoltWinters,121,11,8,676.2263082674656,812.9915572141741,6.506486860394885,6.221006849983838,1.3310336836938803,6.626060723361121
HoltWinters,121,12,8,434.22378929436684,550.563004970724,4.123694042256387,3.991929293057258,0.8158143920075983,4.115865301368406
HoltWinters,121,13,8,63.44549300321291,84.3219513226383,0.6164721904419811,0.6136327752119798,0.11918603049939427,0.6113591402879188
HoltWinters,122,9,8,151.47043376613186,165.41775075418127,1.685159986981435,1.6731091765231756,0.3552308484196338,1.6811368897461918
HoltWinters,122,10,8,404.45073056907717,453.41388111153015,4.489459258698006,4.619972306286944,1.0006264256595985,4.497228286535328
HoltWinters,122,11,8,172.14169865786212,205.7449871817514,1.8941718191643517,1.9199683494876958,0.4495370788904099,1.9050418541909122
HoltWinters,122,12,8,373.7902785959847,480.7954212376553,3.9078169568349654,4.0367847228793075,1.0240829550574924,4.013017424983731
HoltWinters,122,13,8,91.4716409830373,110.36029605385788,0.9415081515432924,0.9350481884982619,0.2563536435193402,0.9382776029716615
HoltWinters,123,9,0,17.359096974663974,22.252287172554144,1.6261457313651992,1.646928770582269,0.3418491833921442,1.6420517525665435
HoltWinters,123,10,0,29.314538254106335,34.970955718518105,2.6859466712722195,2.7312908401060723,0.5996930155454708,2.71508298005061
HoltWinters,123,11,0,27.580044927802938,35.913105824591355,2.5949367598077466,2.538023513708572,0.5739022107392137,2.549924688383895
HoltWinters,123,12,0,55.059780729378026,67.93572451261842,5.453621189252607,5.235325204267656,1.1816222911372567,5.280481561764557
HoltWinters,123,13,0,29.410518225568687,33.049992906376765,2.9089197743303057,2.962983361323777,0.6319106908894142,2.928153307238483
HoltWinters,124,7,6,1627.3203862278165,1740.8076923308104,14.812282795528711,13.64679276417088,1.0630654788960552,14.606074619674429
HoltWinters,124,8,6,1251.0699666257683,1503.5120672277842,13.573694634870016,12.372658377647404,0.8364497200137592,12.578350226559529
HoltWinters,124,9,6,656.1197441255389,734.4758514796339,8.797157738303149,8.307177229387547,0.4618774784723226,8.31520140635573
HoltWinters,124,10,6,444.39720931799803,531.9660702940679,7.252736825894596,7.648971416334674,0.30140342451413704,7.103094408137428
HoltWinters,124,11,6,355.8589093730689,462.46747126170965,7.048732051241522,6.652222977490012,0.23840912181310359,6.93848145236757
HoltWinters,125,10,0,72.71119969127237,97.43364855104899,4.370543822077424,4.544027940899552,0.6239624363655624,4.47357443693354
HoltWinters,125,11,0,43.90998391935784,61.04972326967495,2.3203018728520544,2.3721721978594714,0.3969512164237418,2.4424537781865903
HoltWinters,125,12,0,43.95156305562183,55.29086865362284,2.0626610824797593,2.0308291319279386,0.39118935273303856,2.1320468466662637
HoltWinters,125,13,0,162.11708336709148,187.8382582058168,6.86177984150953,6.568679188369791,1.3369530972211885,7.023691578289306
HoltWinters,125,14,0,41.156075856993766,49.385218622049706,1.6033578650409066,1.5859923499397806,0.319125821614169,1.6345677151620723
HoltWinters,126,7,8,2621.14882051882,2931.3527849335796,22.991892594697067,20.085719034271023,2.716473318764183,22.36635195699861
HoltWinters,126,8,8,350.88843737279944,493.63494623652315,3.5341434414459223,3.4154233538685435,0.34898419751245974,3.348212935542784
HoltWinters,126,9,8,1627.2433903184676,1815.2931113562208,15.847511396470829,17.585405883350948,1.5920578504515874,16.01528186077352
HoltWinters,126,10,8,170.65836541882143,242.83241406992056,1.7032360355405132,1.6822156197040934,0.16850041595595833,1.6741233328330989
HoltWinters,126,11,8,778.3257993171569,863.455940211607,8.437495855908802,8.015087083171851,0.8083904921493219,8.258828890092742
HoltWinters,127,9,6,160.06870896601674,188.94198456549918,2.055839377130465,2.0835006570258456,0.37283084386494586,2.0683680986276394
HoltWinters,127,10,6,623.0465768108718,671.4527793937898,7.63271310951056,7.983720089910773,1.5246759130417105,7.707792702814908
HoltWinters,127,11,6,118.55437137602217,135.04752104674367,1.4127405522987726,1.4012355848682196,0.295960697552767,1.417926036390963
HoltWinters,127,12,6,179.53024518924343,229.47616260681764,2.017848820347967,2.0510830718435664,0.4524746016964672,2.0596204037006896
HoltWinters,127,13,6,102.42590187139074,124.94347613887304,1.0820953674699758,1.0898121804535827,0.2633808905264333,1.0993835621258397
HoltWinters,128,10,6,848.2979434946559,883.7409234780253,11.838606748581519,12.633046329265799,1.4712936087771067,11.990660701898175
HoltWinters,128,11,6,484.15580967366805,554.8755959646097,5.746344787876101,5.962946957151481,0.7818465978141609,5.923079509101306
HoltWinters,128,12,6,732.7075051818215,827.9431299308337,7.302687171466073,7.642891881786268,1.1373305979909367,7.5577588455592535
HoltWinters,128,13,6,245.2165309469682,286.07053167776996,2.243559402386809,2.2741384557166997,0.35549660506188213,2.2180200254798965
HoltWinters,128,14,6,610.8203189280935,732.2983585709625,5.174864320012719,4.993406072639008,0.8228388559804042,5.227132290248555
HoltWinters,129,9,2,122.0933887290426,144.63606796593965,6.091790118316555,5.843000122965767,0.7037474750988592,6.027464646374163
HoltWinters,129,10,2,90.94925284870422,114.18731105128548,4.78317912663915,4.63152520764208,0.5121957878995834,4.650274000214623
HoltWinters,129,11,2,148.59009640968517,166.56571395118831,6.997093274106765,7.230232254260163,0.8793504763511869,7.136245947237923
HoltWinters,129,12,2,257.3495292586072,286.3834036071766,10.505049195807917,11.211554094055717,1.5312312764215763,10.80596944336694
HoltWinters,129,13,2,266.4106739637934,338.54521902047486,9.12904532065275,9.815194708828606,1.5132921551328282,9.675310484173234
HoltWinters,130,11,4,59.360599495994975,73.48932786896954,1.8609777026087921,1.8864000543156936,0.5065606781433261,1.881924855115024
HoltWinters,130,12,4,67.30916315839578,77.32828034080077,2.039783044836708,2.012919098239541,0.5550602018190238,2.031090899049609
HoltWinters,130,13,4,25.138496394425804,31.176958807346708,0.7181619144958548,0.7173603002931761,0.2043156542711828,0.7156085612442817
HoltWinters,130,14,4,26.984803655324388,30.89340856220849,0.7266958931741353,0.7232313174708133,0.21314499343237142,0.7250157210164828
HoltWinters,130,15,4,9.878834649738288,12.732850954622128,0.2510615321092018,0.2506822594889747,0.07530583762612683,0.25141659575632075
HoltWinters,131,12,7,419.4541620551197,500.432524307564,6.19717804153266,6.455412272751793,0.29743985567004294,6.286573619477231
HoltWinters,131,13,7,618.977094969826,1000.1480673282842,7.9848661305759006,8.769594078873446,0.46405704204477677,8.87775913104133
HoltWinters,131,14,7,2356.6153661497865,2570.244694667196,24.960785500267185,29.166237426644447,1.84798068294046,26.02397336852525
HoltWinters,131,15,7,1089.0339153674288,1283.1090988690285,12.91627042765475,11.937784046758708,0.827964141135511,12.23633612772392
HoltWinters,131,16,7,452.890364675148,571.094745011426,5.851058564886838,5.593306245444581,0.34207987519039584,5.789791593858427
HoltWinters,132,9,1,16.95626827146618,19.847246103346873,1.4476866229296277,1.4621291451714067,0.3159553094062021,1.4437692946376122
HoltWinters,132,10,1,11.75689646131592,15.196405659234397,1.0222737467325043,1.030963474123218,0.2253984883707904,1.0184029658502722
HoltWinters,132,11,1,16.372356237783418,17.602557309734397,1.4484134092308532,1.460679685368612,0.3266960992401737,1.4467472375066348
HoltWinters,132,12,1,13.722419861971364,16.293432949474273,1.2408443516721839,1.2516389805860872,0.2855000105510821,1.2430979240839686
HoltWinters,132,13,1,33.32689432748097,38.73622386705079,3.221953526344154,3.1526527473875334,0.7118365778685256,3.1656152923200924
HoltWinters,133,9,7,118.44865941078407,124.95581328054864,1.4195114256830474,1.4083886293110561,0.45674290261227796,1.4223321343523105
HoltWinters,133,10,7,59.04738451544927,66.58679705870463,0.6777450467812766,0.680575104542353,0.2312784403167984,0.6788789737340871
HoltWinters,133,11,7,79.23125390099439,88.9510247303405,0.8729472043473869,0.8682451498677863,0.301536268127144,0.878665867918119
HoltWinters,133,12,7,67.1628302596743,74.75674406707374,0.7159707137162766,0.7140554790188731,0.25140443606962004,0.7187033735652679
HoltWinters,133,13,7,190.66493008421944,211.94026697657142,1.9843574523088392,1.9602530873353272,0.7060343399415645,1.9826509194199593
HoltWinters,134,7,2,223.42593048188007,231.34834203778905,9.870925656373544,9.377736186578318,1.5601082845387455,9.891078321337151
HoltWinters,134,8,2,94.39881863485455,116.32123669775164,4.10227044799454,3.9820224725409776,0.6897593749776916,4.087126090277457
HoltWinters,134,9,2,88.86437405826798,100.47728322853385,3.622826733262588,3.7058086003577144,0.6733605436983722,3.6802136959129665
HoltWinters,134,10,2,129.5209037530221,167.25973030528925,5.434846029562365,5.205565420031482,1.0072633481413125,5.315736307323729
HoltWinters,134,11,2,234.7451337896771,253.66926145240316,10.282445365969172,9.699251339759307,1.8458827679331482,10.198011594415812
HoltWinters,135,10,2,2932.763366768701,3282.9516093822917,133.89395267567684,71.71319522751342,8.948519401727536,113.45360011724227
HoltWinters,135,11,2,471.14557481589287,610.6681751301971,24.56506873931666,30.72110392119931,1.2497114366027566,25.145849630297274
HoltWinters,135,12,2,269.46033802489944,301.59657444435703,11.705984101100784,12.56429734206648,0.6362798705004733,12.194301357935856
HoltWinters,135,13,2,225.55899010484754,266.9281234831569,7.3647947823036395,7.7605756013527945,0.542479488459687,7.677894226921624
HoltWinters,135,14,2,382.48438416469185,451.64030459329985,10.707567803829427,9.996684281149745,0.8860493943840406,10.996403747999013
HoltWinters,136,11,9,351.7144138308973,438.7668199408603,3.527709671935661,3.4332099272583174,1.1911847556558728,3.47018102181376
HoltWinters,136,12,9,137.21343949551698,157.2984369680742,1.3651017893788318,1.3774049708108835,0.4702640405772173,1.3702236941372339
HoltWinters,136,13,9,307.5914333424119,346.5567375098668,3.128368104177839,3.0672513869763427,1.0456545532895674,3.109007996318262
HoltWinters,136,14,9,121.9674809592141,148.09277689021212,1.2146124807093794,1.2241658194763252,0.4267226063581454,1.2247917172107101
HoltWinters,136,15,9,99.37810077632993,114.28632389432823,0.9749632246271688,0.9786133990312872,0.35476769055180735,0.9778261445054519
HoltWinters,137,8,9,498.4607581569908,560.2680020525864,6.741443923542217,6.464820969434738,0.24921909198193823,6.678104354861179
HoltWinters,137,9,9,348.6952015967075,389.56513290002715,4.788316058687936,4.731741514157505,0.1806389545193381,4.762883531181764
HoltWinters,137,10,9,282.9306051740912,348.9390572980628,3.990864578619008,3.8871899110784915,0.15653867223427056,3.944703972497758
HoltWinters,137,11,9,203.32798569453746,245.6833339172608,2.875557570996232,2.8562638443718003,0.11920348384831016,2.850461142365333
HoltWinters,137,12,9,581.8476735989485,628.6189886931963,8.785438953651735,8.349151991664177,0.3615294740408934,8.687261423289776
HoltWinters,138,7,6,1123.2138518443903,1281.9799814804676,13.33879219500077,14.563198312172323,4.002855111788471,14.129957251423297
HoltWinters,138,8,6,1693.8125745030286,2088.1457676532914,18.78203612771631,16.448804018170314,4.315605400022487,18.731799624643358
HoltWinters,138,9,6,1211.669608530011,1293.1216738015878,13.841757655819043,12.832553766625052,2.4597767093816625,13.794052920423622
HoltWinters,138,10,6,311.2753908327316,342.8745630987292,3.529942848119008,3.6073092984122255,0.6426555873232039,3.5340521975181143
HoltWinters,138,11,6,324.7076705320651,357.58967316267393,3.614307412086671,3.6952007480301607,0.7053750989110755,3.6268029770140187
HoltWinters,139,9,0,4.9989780855637305,7.901771353417234,0.48862552275940235,0.49140588780470124,0.17261664660095755,0.4918640294093536
HoltWinters,139,10,0,27.96025054945426,31.989817238524996,2.679295330740013,2.7268160748199204,1.0110626314758013,2.7004588178900932
HoltWinters,139,11,0,15.995876959355542,17.874563999571926,1.5439243101112212,1.52913667754234,0.5881831341774861,1.5377365160670782
HoltWinters,139,12,0,20.01273021577899,23.802705089046647,1.9806569580973827,1.9556968046541496,0.7551973666331695,1.9589381906793288
HoltWinters,139,13,0,24.573439735628273,26.332095822710418,2.4185831273316527,2.45254904201315,0.9427516116361943,2.4258084635368484
HoltWinters,140,9,6,777.040026154709,932.4279233514043,9.290478075488878,8.754980242317961,2.157405766171961,9.376425712302666
HoltWinters,140,10,6,1157.7369529457922,1337.6546181236238,13.913744080783752,12.740116369675555,2.636806174376391,13.868434989767515
HoltWinters,140,11,6,153.09281027267116,181.1616842295536,1.7717435679907148,1.7827571312720745,0.3640185436530758,1.7916535017542103
HoltWinters,140,12,6,552.8431456433659,607.0148537976036,6.213744842637921,5.989792926012091,1.3712521181728794,6.217387020368491
HoltWinters,140,13,6,663.8423542767376,758.8160818336881,6.805191937624609,7.115305772098089,1.6499395730417008,6.959933818901638
HoltWinters,141,10,4,1233.8037157362037,1750.6294125066524,26.89352416610052,32.791074858871866,2.012815071631617,32.56012894767381
HoltWinters,141,11,4,1047.3080138389994,1250.3864999390619,28.947403373046242,26.087956056513594,1.617467344234131,26.421361199015543
HoltWinters,141,12,4,751.7566046110057,921.5477353849349,18.95383991164018,18.56218021473086,1.0694354288044017,18.182846955574117
HoltWinters,141,13,4,914.944801711998,1291.0744693799923,17.542202401209185,20.032169463469383,1.2335995616747932,19.346051136795868
HoltWinters,141,14,4,1005.3146894794651,1396.0507147482615,19.654091345294738,19.764681678871142,1.3073869886020746,20.651500516520056
HoltWinters,142,7,5,129.147531114414,155.89734199274352,2.7053528689760693,2.7580706627819964,0.5550325606095371,2.7724589750154913
HoltWinters,142,8,5,75.11712350096165,90.84587667738566,1.4976370535485943,1.514355770573281,0.327838961151179,1.4953907308206988
HoltWinters,142,9,5,60.67656360018509,92.5790891224764,1.1149692284596926,1.128340811360519,0.2482251263771933,1.1348653089954803
HoltWinters,142,10,5,284.75850412677374,318.3501814947623,5.1527493500198895,4.992453118671801,1.143807222895777,5.155528329847729
HoltWinters,142,11,5,91.01328198727236,106.26485848676572,1.5600802096272526,1.5761809673683986,0.36446971264133143,1.5744614222624636
HoltWinters,143,11,9,742.7545301876187,850.364322685723,7.418803884550434,7.073895665639203,1.6568714680731988,7.3456414002632515
HoltWinters,143,12,9,290.26390231252964,329.61332763455823,2.876900349586194,2.931084671416906,0.6419706040515406,2.891378709373791
HoltWinters,143,13,9,171.06870648428765,189.5670035248936,1.713710704497776,1.698133228846439,0.3871969716605009,1.707490263627086
HoltWinters,143,14,9,66.97609064030368,79.02778941763675,0.6691713371116641,0.6703027781915368,0.15813297169526638,0.6703791449478221
HoltWinters,143,15,9,63.63460421992032,79.40079341536251,0.6280166248061356,0.6307195644805706,0.15638499498330985,0.630579740791741
HoltWinters,144,9,8,284.0579112554059,409.389470614586,2.772725500927089,2.7288431817170573,0.8069827024301304,2.8033567644044664
HoltWinters,144,10,8,601.9921087234211,720.6935528946856,5.988918253285794,5.802203949210643,1.6071641663347762,5.873093743643132
HoltWinters,144,11,8,436.64754664306264,522.8388781144089,4.59116591942981,4.444792993476291,1.097453027818762,4.5123756111925175
HoltWinters,144,12,8,253.3996950054742,338.2176624751065,2.5574267379247217,2.563952004278326,0.6104435082375107,2.582490380533652
HoltWinters,144,13,8,439.3657269200994,486.88678665808334,4.4435088295543075,4.325384294082766,1.0637614811711873,4.440529525301398
HoltWinters,145,10,3,130.40299907659104,157.39181919303195,5.199344673630716,5.392395226245633,1.1778398008452244,5.44125121176688
HoltWinters,145,11,3,225.32651307046766,243.69302600169928,7.91459719061009,8.28494817636102,1.929223291249062,8.077124788584364
HoltWinters,145,12,3,87.2424617509174,113.82177862064097,2.7787287764198307,2.7236723219874297,0.6463062385151518,2.8167518953673656
HoltWinters,145,13,3,105.42171843469512,115.62418243584276,3.161768607778259,3.1049148985290995,0.709140923432855,3.186675086571935
HoltWinters,145,14,3,40.052407597755796,49.44397243659332,1.112067295612231,1.115177786016638,0.2646784513951721,1.115769893294954
HoltWinters,146,9,7,560.3407205987146,660.449707888729,6.599961959089773,6.910361014682463,1.779198325391232,6.734324820912363
HoltWinters,146,10,7,882.4139107114685,989.4427447730911,8.945768881839644,9.462014934328117,2.3255417851839577,9.2440769820143
HoltWinters,146,11,7,524.251056150554,646.5445837086093,4.909842301877287,4.736363293264212,1.2266150815576315,4.929204825878454
HoltWinters,146,12,7,566.390325879212,694.1090231151449,5.22717316975154,5.036926018521255,1.1786992247841552,5.202579016143934
HoltWinters,146,13,7,596.1998913008705,740.0846151645557,5.589836467677549,5.357798406638635,1.2308675002353593,5.537031727892923
HoltWinters,147,7,9,449.96835914950185,500.6498944928481,4.085197905521727,4.188696332514509,0.8654294366350782,4.1599988827260255
HoltWinters,147,8,9,412.4836461581347,495.99037138093274,3.5565668081194253,3.4873446014833323,0.6871673358920503,3.5696901486330908
HoltWinters,147,9,9,192.80595256124687,241.00047116309145,1.5989008151450466,1.5848476400008957,0.3048379716482775,1.5947658638105582
HoltWinters,147,10,9,704.7885788767264,780.8448421328239,5.085775031433146,5.245549141423839,1.1634310549020674,5.194955008505687
HoltWinters,147,11,9,497.39223529193987,653.9781785770257,3.4181278657390104,3.325833508675106,0.754656962291654,3.414555540694042
HoltWinters,148,12,6,155.19026912376683,195.43992098565596,3.0731968937026912,3.008027316757304,0.15466913392896423,3.018267676522683
HoltWinters,148,13,6,144.03566059489913,215.0792507224095,2.841518392653504,2.759958187276703,0.14900186257307327,2.753402021112881
HoltWinters,148,14,6,342.0934359122693,462.5898239822444,6.1264639277288,6.449128363896506,0.3688024614078664,6.444291720698931
HoltWinters,148,15,6,793.9765644251105,891.4949611299223,12.366644270716048,13.39198056030173,0.8907501482069025,12.768888237348214
HoltWinters,148,16,6,560.2755111269643,723.9312352930366,7.301962959237597,7.748423937161698,0.6285665843327313,7.698207077864308
HoltWinters,149,9,6,230.02275982634944,302.2558650723228,3.8038367984101504,3.8576565496481328,0.5819618040808855,3.855977485449675
HoltWinters,149,10,6,204.51833618483064,265.00566751772806,3.3332541134125546,3.333564689719083,0.5212792986709242,3.386874289795632
HoltWinters,149,11,6,632.5527667415809,705.7601467749073,10.544117859539833,9.896633526211332,1.6220744334851651,10.23530163386569
HoltWinters,149,12,6,567.9985773554498,665.6269617727738,7.887747790245923,8.326826414949679,1.4992282432435646,8.167525513789997
HoltWinters,149,13,6,238.19304500913242,347.2541739173193,3.336535648056407,3.22929615769611,0.5726076147263858,3.2034873196578655
HoltWinters,150,15,0,14.444018507127408,17.37887897254244,1.394326885367849,1.4078699802485293,0.9519570444668937,1.400390683509339
HoltWinters,150,16,0,5.171976229657174,7.447817109567302,0.49843402936400016,0.5003583688546509,0.32972141063609284,0.5014574313699389
HoltWinters,150,17,0,17.318954447587387,18.98632422995521,1.65818152347333,1.6748193260815865,1.1425521719827554,1.6636666278328387
HoltWinters,150,18,0,3.2948677665420467,4.109415045961912,0.3136826555487434,0.31397279275184165,0.22054687727476338,0.31365586798401174
HoltWinters,150,19,0,3.7810967582152872,4.599616661139271,0.360048786386249,0.3591322552857277,0.257360120177001,0.3577610238116211
HoltWinters,151,16,7,138.50309423299834,157.86391431796926,2.409211070404832,2.3722710420539728,0.5424221598413659,2.406912304804999
HoltWinters,151,17,7,153.64098486122117,173.36395011007812,2.7283370245660548,2.7768389993271207,0.5848099502678427,2.7193362053726986
HoltWinters,151,18,7,103.21391348817679,126.39254176300462,1.8556057560852226,1.8817947679020772,0.40369888695101214,1.8527368889736149
HoltWinters,151,19,7,176.00671851376487,193.28197542527346,3.161155856936183,3.2226991670290737,0.7073803810466882,3.1620497976363056
HoltWinters,151,20,7,120.45759131487057,131.3201058942367,2.1634570623572817,2.191678876403195,0.5036106321743711,2.1632611430386812
HoltWinters,152,14,3,252.4805106086286,311.6505345220627,12.096529910427007,12.235099278734147,0.5492260233361337,12.380430248271482
HoltWinters,152,15,3,248.00041499601033,312.99275744993963,14.329782111880974,12.802967599703102,0.547586813033514,13.318684405971517
HoltWinters,152,16,3,497.6502533785803,581.8951802531602,21.333577483845044,24.463501702698622,1.129056008572745,22.525143749794292
HoltWinters,152,17,3,1041.2639789694283,1239.3419440380176,28.368981478162898,34.92530578983403,2.3581713474851878,31.25435395020167
HoltWinters,152,18,3,492.3184307313356,633.3579617728873,10.873697051652202,11.458757054557536,1.045282103359053,11.53088182968968
HoltWinters,153,13,4,31.623364627978567,35.73777031709112,1.2904638369833308,1.3006019650546643,0.3099715938782058,1.2925080910617943
HoltWinters,153,14,4,37.51838577195448,45.281228279039674,1.5869639740182877,1.5686537937319254,0.3860294469431867,1.567620575429853
HoltWinters,153,15,4,22.632273483078027,24.602135150807722,0.977376805534895,0.9717660443565899,0.24074579363887505,0.9762303443455654
HoltWinters,153,16,4,19.055799425429186,23.919828529055714,0.8498705292649759,0.8463384505526355,0.2031461077699512,0.841935173435752
HoltWinters,153,17,4,33.69909794672584,38.08170335160097,1.5592763452354053,1.5438040256417302,0.36909964803626705,1.547012912627047
HoltWinters,154,13,0,37.07967279251466,43.26963104242584,3.346519848113344,3.2709766836514635,0.7444509443234538,3.2982511873159903
HoltWinters,154,14,0,27.521342633893912,32.184536648438865,2.390761046811196,2.4302454222147283,0.5622064156729302,2.4103939636536125
HoltWinters,154,15,0,21.80031965673566,26.714514556183897,1.9494887583012668,1.9216375162947683,0.45302545762382446,1.9314158282287834
HoltWinters,154,16,0,27.771613457269194,33.795554049094605,2.387683710517997,2.4252790582347568,0.5965263033780972,2.4194813524555707
HoltWinters,154,17,0,13.580405227534962,16.96966804158587,1.1262838097935366,1.1344584768180193,0.29735466719836234,1.1341683018402513
HoltWinters,155,15,6,28.092090409777583,34.936184978766185,0.4831226994187681,0.48185047985628515,0.32944765298312856,0.4815328324692853
HoltWinters,155,16,6,30.69163949649606,36.6497919841794,0.5282453718437458,0.5264234545789588,0.37000740042143626,0.5265435674198714
HoltWinters,155,17,6,23.554119735722857,33.70692842954342,0.4051988485313413,0.40406562211277636,0.2939783589542274,0.4042469062194998
HoltWinters,155,18,6,86.58880389012933,96.3917699983591,1.4707833562332082,1.4842061812087406,1.1153225863032135,1.4776246397632993
HoltWinters,155,19,6,40.8910919968876,47.55466627858686,0.6869923005364083,0.6898900939674624,0.5406755552967508,0.6904039545483321
HoltWinters,156,14,8,315.7447357657381,366.9414299912865,3.2025845523411203,3.20465191108645,0.5902821553530223,3.2078823975748065
HoltWinters,156,15,8,333.396988030086,402.43764483646635,3.2000396996085603,3.228457918243225,0.6236445175486948,3.2210540414049422
HoltWinters,156,16,8,456.6886522314162,496.366797468034,4.162508267453153,4.207945208461459,0.8535554682280463,4.181705026027822
HoltWinters,156,17,8,477.8570585658393,564.3854125016996,4.165132613291791,4.204078809947155,0.8896755953015701,4.189074686692206
HoltWinters,156,18,8,870.9004776081006,1035.5422228576613,6.959650370134594,7.303904966199652,1.5953729283079376,7.155798875677094
HoltWinters,157,20,1,50.75777142535084,61.41685500378021,1.9163443822917952,1.9435727942903922,0.4650077488109329,1.9227720533837953
HoltWinters,157,21,1,68.77938838614156,79.7998371408971,2.618136444292385,2.584785910889836,0.6440182975577492,2.614611373689649
HoltWinters,157,22,1,219.79259212163748,244.29265470756812,7.863850846757771,8.264034860293298,2.110960044883881,7.977803749668073
HoltWinters,157,23,1,65.39981888479575,79.98232455357324,2.381792102795849,2.340504180469725,0.6190471747021216,2.3698690040939225
HoltWinters,157,24,1,69.43716527867183,78.266498555564,2.530373201519621,2.551951224269653,0.6573118641196214,2.5226125618080757
HoltWinters,158,15,5,36.45477200918791,44.0200467094177,0.74941896602597,0.745374675720337,0.3976884219184136,0.7478754230287012
HoltWinters,158,16,5,34.58263409119005,42.45425718460538,0.7074579276396545,0.7087159902382587,0.37240388298842486,0.7069703732440897
HoltWinters,158,17,5,42.60192785466435,52.08984441444168,0.8659540255134179,0.8712027712792909,0.4752868141608812,0.869032979809563
HoltWinters,158,18,5,36.77435833555157,46.743090718911965,0.7533953880948271,0.7492588622703282,0.4229952942742891,0.7487991516288781
HoltWinters,158,19,5,39.43246925840049,43.747020570532996,0.8003606720946105,0.7964289266444516,0.4690205594611512,0.797152343498662
HoltWinters,159,36,6,4049.8535565710285,4354.495919835209,63.08958913552699,45.814263957728606,6.4840117606624,57.265174066719496
HoltWinters,159,37,6,966.6437645057667,1154.9581892319147,13.588975283686766,14.085932242262453,1.397942344223941,14.302955077877986
HoltWinters,159,38,6,1061.473915578512,1169.9834898385345,12.27876702510365,13.236121697118508,1.4846435305777599,12.611945886454196
HoltWinters,159,39,6,1675.762127346582,2264.005478827046,29.72714931066516,22.62833651598487,2.2317029659644323,22.654873684033873
HoltWinters,159,40,6,2796.5388755086906,2909.712028730209,54.49841494841786,41.939976017846206,3.7081997951451178,50.373817786509356
HoltWinters,160,19,0,29.5161231980592,33.85781066288136,2.8838239473857645,2.837316933020713,0.39264474165505475,2.854036000113162
HoltWinters,160,20,0,46.50439090584316,53.205938560394,4.304231743453803,4.426656416237172,0.6338718569414702,4.353234123143689
HoltWinters,160,21,0,35.17400843171379,40.32691715221148,3.2824523607263427,3.35437182073823,0.48651682994631285,3.3059141674064603
HoltWinters,160,22,0,11.18778368740742,14.687992417405033,1.0595925388979306,1.0539273084130432,0.1579123968886123,1.0542964277774007
HoltWinters,160,23,0,24.737722408747295,27.811855392923665,2.4222108559767417,2.415327398359137,0.35826463513522216,2.4215343634672664
HoltWinters,161,16,0,215.37395460956725,279.595518425756,18.201311489391873,15.79738004300513,2.781380680513849,17.94791264298543
HoltWinters,161,17,0,429.3348986801892,476.42053482292795,39.724367569436076,31.974883424423655,5.424291771112246,38.802724296017345
HoltWinters,161,18,0,480.9049933572865,559.7032918075687,41.09065931369989,32.582343171453296,5.9471443430706445,42.09663948388192
HoltWinters,161,19,0,448.7976418269086,540.3176927725309,33.88282307833853,27.520523758619735,5.582600274269453,34.82531018452698
HoltWinters,161,20,0,138.5056603224467,174.11785036475217,9.88412725640652,9.18091208454466,1.659278923126233,9.979792589732565
HoltWinters,162,35,7,228.6498305401703,269.3214578911551,1.9802354441391996,1.98705169787763,0.6040497581745121,1.9925911158184775
HoltWinters,162,36,7,395.9909674908188,490.45448530860983,3.092062858659458,3.1614086517113087,1.0457391419613802,3.1561447993423384
HoltWinters,162,37,7,685.1263955458123,780.0622710154117,5.404364355241086,5.219605934809046,1.7255981977366543,5.354176668182443
HoltWinters,162,38,7,449.61059978438567,527.8448376137417,3.297651020886515,3.364461386118009,1.1107003258724344,3.358366169855981
HoltWinters,162,39,7,853.3826389934742,1017.4974494980395,6.532500005864185,6.255104195856326,2.0901173984856736,6.376722778812958
HoltWinters,163,35,4,30.349653234972898,33.37186447708304,3.077720900464385,3.1362339403196953,0.057759898794207294,3.0883546191473497
HoltWinters,163,36,4,65.75526460188472,89.03422599073801,6.43538292652525,6.074350308141323,0.12743779728244653,6.334517800461394
HoltWinters,163,37,4,198.63025173081564,224.67113915529018,21.08134185543905,18.54134943495286,0.39322217419509997,20.351489990252787
HoltWinters,163,38,4,47.50532237855853,58.81661483898483,5.160919340088659,5.368473303842053,0.0960758114266803,5.255284957158515
HoltWinters,163,39,4,39.93342869436171,47.297999057531975,4.499019300114771,4.588191784579109,0.08237674410663774,4.566986518237867
HoltWinters,164,15,3,90.83146752473837,103.71631556595472,3.835338818293695,3.9335751417214544,0.8733038454089181,3.848790996810948
HoltWinters,164,16,3,79.42101513895513,93.91417667255584,3.2474539087101824,3.322448380573779,0.780534126103129,3.2788492488559453
HoltWinters,164,17,3,86.79120521846887,102.98128101569749,3.399396336991235,3.481791358659936,0.8732366660017727,3.4486571609987635
HoltWinters,164,18,3,34.66110178005101,41.862875193049064,1.3257956877774777,1.3312364177709721,0.3523468975277053,1.3297097869584786
HoltWinters,164,19,3,189.8586748564287,224.50202997266547,7.815276734182258,7.4060041657489,1.9056446918674999,7.628250329052939
HoltWinters,165,15,7,232.583533089563,314.09593298015193,4.261025540715067,4.431063053108469,0.8321280313599192,4.34735575868342
HoltWinters,165,16,7,272.21339075892377,298.81154757257747,4.769612409955871,4.909460497997506,0.9798174655835743,4.813676229158688
HoltWinters,165,17,7,272.61508780042885,319.08884431285804,4.766151430711604,4.61568557195062,0.973908097573417,4.749391773526634
HoltWinters,165,18,7,189.91839972165286,227.47470580052638,3.446834687015716,3.3634784269553895,0.691099395319978,3.4042334146482287
HoltWinters,165,19,7,362.35067567716646,434.46528952207115,6.207509414544402,6.495060358598864,1.3498162587311664,6.331727174244245
HoltWinters,166,14,7,431.2232875406155,524.3004655167931,6.695134153649651,6.538652597819548,1.0243992124833625,6.457586668661463
HoltWinters,166,15,7,449.7947050530503,533.0870792650793,6.987859512011002,6.899044104250357,1.0566605769500228,6.83232463371722
HoltWinters,166,16,7,367.7064872087192,444.69860959393253,6.020941718966857,5.780369018347965,0.851914039671686,5.805891903295566
HoltWinters,166,17,7,293.75501930788414,338.4728808808863,4.630932215503544,4.563191505349031,0.6697287743256672,4.5979046500364475
HoltWinters,166,18,7,387.13913972988047,446.15740842802035,5.804445378882874,5.890176520978528,0.903908579640807,5.8313845314961075
HoltWinters,167,15,1,88.75537717752385,115.13961268822,4.360866105884659,4.475303060886123,0.46210301730498315,4.500101514999934
HoltWinters,167,16,1,170.05596784661066,190.18523457299347,8.036098096358947,7.775434953422372,0.8993529970851138,7.950016105792333
HoltWinters,167,17,1,1040.854774407741,1205.1334384265808,30.713722786240037,38.00923829454854,5.606504074302779,33.715984519470894
HoltWinters,167,18,1,1212.9775135484358,1450.4105537079806,48.70676452442826,35.841850667975876,5.657280507198525,42.17685446449884
HoltWinters,167,19,1,76.80220886333433,99.46568823665805,3.1794309860107535,3.249352012391952,0.30382254192787655,3.24446002683929
HoltWinters,168,16,8,308.84757446041516,361.7894284890264,1.8545825859488365,1.8447775128168884,0.29534259265932633,1.865522261841434
HoltWinters,168,17,8,397.6095314377053,474.66277615233963,2.175686905398262,2.1760095369382415,0.3489544942335908,2.1920280446795393
HoltWinters,168,18,8,2651.7307114695654,3412.2705941250524,15.957574624799683,14.05139685831924,2.2736674096349216,15.005077902059785
HoltWinters,168,19,8,667.1262914505098,800.9233695749821,4.329610460496762,4.195704466818753,0.5760284576003764,4.268849358730599
HoltWinters,168,20,8,1228.6673682029893,1393.061171282039,8.150968642867674,7.74288747534331,1.004011005022437,8.05977136576305
HoltWinters,169,15,4,28.818424712942537,34.15059248015875,1.0612026290390146,1.0545422704009,0.6384920445382478,1.058420005780383
HoltWinters,169,16,4,22.517944965942963,28.98980404679885,0.8245851197907719,0.8231333912628276,0.48834097516502806,0.8273586637823502
HoltWinters,169,17,4,55.256616312921906,62.7219307432413,2.002098338533612,2.0282464351043252,1.2246060912593504,2.004876221795191
HoltWinters,169,18,4,26.6573765861959,34.19934253193114,0.9785388480799055,0.9725196348467906,0.5853279284458334,0.9725025913083222
HoltWinters,169,19,4,112.96716918857811,128.42001036156583,3.9366475474354234,4.036497523189468,2.5083170790227047,3.992556539160428
HoltWinters,170,16,7,12392.920658321027,15499.101796964058,173.1062293296277,72.27673510029953,7.809191959195154,87.34927239790841
HoltWinters,170,17,7,1161.0522870544667,1692.2074516836844,15.135201862358741,15.865418157973664,0.5116325349133879,16.663164700191675
HoltWinters,170,18,7,994.2982617114069,1098.7205080208166,15.017019012101807,16.530957350460106,0.36692071905704576,14.958101722361322
HoltWinters,170,19,7,1003.7501475184084,1240.3765089541325,14.98300506035969,16.7652453019697,0.3823540347488294,15.281656648339128
HoltWinters,170,20,7,1243.1404674044566,1420.3357744658801,17.980118602004406,20.39610297884913,0.49120151859779,17.994795668098288
HoltWinters,171,15,5,95.36701094864624,107.75663386967423,2.38916102991957,2.425808567044341,0.9627774638744642,2.4032006118936473
HoltWinters,171,16,5,54.92988084192363,69.96061288230742,1.3670278263967561,1.377499634676104,0.557639571236882,1.3797625665010123
HoltWinters,171,17,5,154.9992433639268,189.22634797029914,4.15438761815148,4.02814989781913,1.6007478533806043,4.073567499708983
HoltWinters,171,18,5,67.61612149498498,83.70200327970673,1.8718969441754398,1.8454733227464506,0.6814437244416455,1.852496479314657
HoltWinters,171,19,5,43.057291969717475,51.99839229731064,1.2065078174258483,1.195973891291311,0.4181823320799899,1.2030910516220346
HoltWinters,172,15,9,327.633953649705,350.52164312613206,4.091607044820851,3.997288394625234,0.6619955714828967,4.062400769807914
HoltWinters,172,16,9,101.87223716427934,130.52047869125389,1.2811189091240598,1.2691154918835714,0.20622891584032743,1.2692944171868599
HoltWinters,172,17,9,519.1465289364955,558.2203302431332,6.272239840341695,6.506596297289005,1.0891785963850467,6.321234619073117
HoltWinters,172,18,9,183.3804203913661,202.88172266865567,2.2342700027330276,2.2317908131632223,0.3955027292793689,2.227435940913194
HoltWinters,172,19,9,638.6952372852617,685.6399462447921,7.365150145164262,7.687548632761282,1.399175429448053,7.444466075212105
HoltWinters,173,14,0,85.52076149865131,110.53341470238912,7.935303608635447,8.191296868473124,0.5771002543289452,8.084945939998548
HoltWinters,173,15,0,72.36707692820629,96.62599623170703,6.579638525552832,6.864690632524124,0.5039363575301693,6.837834040460438
HoltWinters,173,16,0,116.15583855017348,136.32612953031023,10.113561685946525,10.777737745055163,0.8236504915375938,10.417563995531253
HoltWinters,173,17,0,86.76992596429642,113.74120216208476,8.936551212984634,8.385329365511316,0.6190661771234606,8.259432402735776
HoltWinters,173,18,0,93.63612127061901,117.0211912850974,8.410411435175156,8.667268447937253,0.6718053194610597,8.696853368788144
HoltWinters,174,16,7,1926.6295889483663,2558.9311789549974,14.428974649685433,16.252791721407046,1.4569438809018778,16.128421821723833
HoltWinters,174,17,7,2875.590942802359,3276.8324532380107,21.257137047836714,24.490587885544173,2.2122683558785,22.371204849358183
HoltWinters,174,18,7,2902.592414063435,3321.017699389023,33.56116085787859,27.124213438778106,2.1302182215575054,30.07142402215115
HoltWinters,174,19,7,2271.7716311596687,2465.518608848992,35.22264455604885,28.915231138065266,1.5698543045269413,32.725318783716396
HoltWinters,174,20,7,1813.6475318824973,1970.444689754963,40.957101677421576,32.41042190176676,1.198671892739289,36.936285280979355
HoltWinters,175,20,3,306.1029087052245,375.10796501212815,20.90401919419494,18.173575973532827,1.2384361779613087,17.897841698586554
HoltWinters,175,21,3,597.073742117623,765.8946513527653,23.35423907825163,27.686444375009945,2.3099791330704,25.835412158349197
HoltWinters,175,22,3,992.1533140921957,1146.6069816681338,29.39984794061411,35.725175472139966,3.6658805294464707,31.913466065747958
HoltWinters,175,23,3,279.95012709877415,346.65355832840555,7.545078885450709,7.792534146469077,0.9662914393231516,7.7610846381202965
HoltWinters,175,24,3,331.26458663596037,385.0795501997013,8.207681367702651,8.652807076693596,1.095274310135233,8.38952256952661
HoltWinters,176,15,5,293.1936380869727,328.6461118579176,6.57230540747492,6.309085990336234,2.1229284949545972,6.491372060966186
HoltWinters,176,16,5,49.61336767759248,58.23767038517832,1.131257136031494,1.1255723506147008,0.3429698090563261,1.1298590817265495
HoltWinters,176,17,5,179.28446651914803,189.90177176243407,4.017745389302232,4.1102403524066675,1.2126472027415567,4.026853503050493
HoltWinters,176,18,5,34.860698223021046,41.42478922457961,0.7917677332510029,0.7893149993413853,0.2419709481178216,0.7898949748418667
HoltWinters,176,19,5,33.30504123786275,39.56238553251641,0.7745794148881564,0.7707408137731325,0.23789315169901967,0.7695644958684589
HoltWinters,177,16,1,203.77187699333203,245.06989575702835,9.968041156960721,10.381793706319455,0.9189013722336613,10.399648947472812
HoltWinters,177,17,1,405.74161059746416,481.79786660972104,24.308514180314766,20.574455599400824,1.8229616368626356,22.099550618819443
HoltWinters,177,18,1,375.9620934012371,398.40474314558696,25.394490299188654,22.198700502407615,1.6652712484358898,24.763220572312996
HoltWinters,177,19,1,194.89013077950722,243.29122999087076,11.33407023876103,12.35372796603157,0.8253846564521696,12.083087415934312
HoltWinters,177,20,1,222.39750668116335,268.3749338841799,14.643291691242178,13.664064431712914,0.9502395729123665,14.269157714816608
HoltWinters,178,15,8,111.71383502870766,117.53854250950003,1.2794603520549512,1.270458790228256,0.7586562060683115,1.2781903321362431
HoltWinters,178,16,8,56.18792870644433,63.424369550397735,0.6375881822105373,0.638316449839005,0.37694883363841664,0.6372118930922367
HoltWinters,178,17,8,56.20791857218895,72.050793237319,0.6308143217255339,0.6340654800850084,0.38971668457605646,0.6293496729904212
HoltWinters,178,18,8,77.31566134439416,90.13563780516523,0.851477649080241,0.8546218233067367,0.5379568669593768,0.8529030484764937
HoltWinters,178,19,8,101.38741242125525,119.71254942012959,1.0840304236309721,1.091170744365056,0.7136236015051856,1.0903174952698018
HoltWinters,179,16,8,1627.2014424626395,2227.7990842400773,8.30882234274048,7.8627424247050035,1.8992958670384015,8.864872068888264
HoltWinters,179,17,8,2439.9379528868185,3083.029947862101,16.485796893135806,14.502372304166656,2.5812231982719047,14.106722754080913
HoltWinters,179,18,8,2155.951716861249,2537.562281990385,14.412478884320237,13.042683084676407,2.26142345497649,13.140304847645332
HoltWinters,179,19,8,3147.85930150875,3425.926704705061,16.389417336257406,18.153742433429386,2.9276561838025903,16.279925707065896
HoltWinters,179,20,8,1324.8115082667628,1415.9044503997536,6.676534092880844,6.819142513875782,1.1211179024211881,6.6545390270438
HoltWinters,180,16,6,1969.535138729283,2806.0877646457466,22.25687949628916,27.616513031607546,1.617868017616352,27.137741231259625
HoltWinters,180,17,6,3195.328981509321,3459.303877178948,35.763919857761294,44.63649768990038,2.6514775276583906,37.435147188206166
HoltWinters,180,18,6,1738.0578310986302,1998.968568234341,31.776760001442657,25.662595037396745,1.3509983692397718,27.861354174722873
HoltWinters,180,19,6,1731.4110036748875,1853.9005483603287,43.59628952561899,34.51493725838116,1.2880552356884891,40.027174291166496
HoltWinters,180,20,6,1039.0634438990123,1130.6450951115182,38.63645299528884,30.8792770015542,0.7552115564801151,34.59393540747811
HoltWinters,181,29,8,3452.279532890126,3849.857641487637,40.95752352969837,32.25631995329553,2.979395923494466,36.667865458206336
HoltWinters,181,30,8,382.68239833362423,445.4732436238062,4.8953155491842955,4.918471702110477,0.32306080373404933,4.885307212769671
HoltWinters,181,31,8,344.86262552262303,501.44680583327204,4.864595588186614,4.612073674779758,0.2823612193781464,4.5499723370279375
HoltWinters,181,32,8,1035.2450709545021,1166.6316870246812,13.049738749845268,14.149771147233428,0.8623499740455172,13.460279743701994
HoltWinters,181,33,8,1524.9290543218535,1692.6900574064257,16.42298763665555,18.21953918357347,1.2923627680681318,17.0013768831176
HoltWinters,182,43,0,129.13663375194335,150.6156452584358,7.275349258878975,6.9347106149871705,1.2676267329331408,7.090874004865563
HoltWinters,182,44,0,413.70788379882526,462.75116179580766,18.478706820801875,20.829060836676085,4.005869056777658,19.337666281593535
HoltWinters,182,45,0,116.4742953909673,151.899579176069,4.60985866145778,4.717119656602585,1.08446982654289,4.797129134718587
HoltWinters,182,46,0,178.55299768228076,205.18687876531817,6.919506007165725,7.156807772030527,1.6131116917865636,7.005894186988672
HoltWinters,182,47,0,303.37340850683904,339.8794409093526,13.487014309590759,12.415527354881997,2.6513835728110364,13.093685057242782
HoltWinters,183,12,6,1110.9124312226534,1392.433428379573,10.153862273817461,10.969697933320116,2.060988633650442,10.710238726251898
HoltWinters,183,13,6,1612.4937705569475,1814.272884116506,15.048106797211574,14.17231961202749,2.6591927181129527,14.395112967988693
HoltWinters,183,14,6,1990.7896114835,2334.409546930292,18.943578356089308,18.00080027349678,3.0751170211274723,18.167454940808593
HoltWinters,183,15,6,2179.393157250981,2353.3254342734135,24.683351108223203,21.561800432740842,3.0150685783810682,24.110130162438168
HoltWinters,183,16,6,935.432561156954,1108.4830462283987,10.790856937147693,10.07035052567074,1.1278272647063046,10.426820230756036
HoltWinters,184,16,5,537.7579802563874,672.7833540208666,13.321313975765023,14.838991758702075,3.365960799450327,14.29790794498851
HoltWinters,184,17,5,514.0520698940009,619.0664291813389,11.646037900905123,10.758531793562762,3.0661942030330582,11.889624344292363
HoltWinters,184,18,5,187.64279737511066,221.48231611864685,3.9854276013030097,3.8790375470708196,0.9786664831666783,4.0532733058384425
HoltWinters,184,19,5,100.71132147559622,121.01735811401416,1.9909289458555444,2.019285599632319,0.5113641916131892,2.024224524264941
HoltWinters,184,20,5,152.44064008289646,203.44158346379595,2.635402353491772,2.690817563471441,0.7547393103832876,2.7616877931582473
HoltWinters,185,21,3,266.5483106712966,303.9277524392357,8.109616548482574,7.704691680176784,3.060662526845852,8.095074308801124
HoltWinters,185,22,3,171.50101925952617,202.38212955281014,5.286734506441425,5.101928987072666,1.9178231213790018,5.246194698896167
HoltWinters,185,23,3,134.1319674183937,142.41909720497978,4.141687099152266,4.240497107552576,1.5196111596084363,4.155623011637183
HoltWinters,185,24,3,167.44243005155033,182.24365078571918,5.1767162896031085,5.340093049346419,1.928387028582802,5.197654199955
HoltWinters,185,25,3,87.38849569308984,101.44160951138228,2.6099219196000814,2.655632302568103,1.0167675555227844,2.636418816163209
HoltWinters,186,13,0,37.07967279251466,43.26963104242584,3.346519848113344,3.2709766836514635,0.7444509443234538,3.2982511873159903
HoltWinters,186,14,0,27.521342633893912,32.184536648438865,2.390761046811196,2.4302454222147283,0.5622064156729302,2.4103939636536125
HoltWinters,186,15,0,21.80031965673566,26.714514556183897,1.9494887583012668,1.9216375162947683,0.45302545762382446,1.9314158282287834
HoltWinters,186,16,0,27.771613457269194,33.795554049094605,2.387683710517997,2.4252790582347568,0.5965263033780972,2.4194813524555707
HoltWinters,186,17,0,13.580405227534962,16.96966804158587,1.1262838097935366,1.1344584768180193,0.29735466719836234,1.1341683018402513
HoltWinters,187,15,4,122.19657388260715,149.10439261930907,3.085993407265452,3.0177188722286212,0.8511967179773702,3.091410161471439
HoltWinters,187,16,4,157.04473946432233,192.21310319296904,4.012382797126106,3.8967659872696783,1.119356351954049,3.985907093003105
HoltWinters,187,17,4,169.73056228551548,197.52170152539765,4.151196549220577,4.268552935142712,1.2595390142454543,4.210515602452148
HoltWinters,187,18,4,64.85064751367184,71.98011471372658,1.492349080535228,1.5011115216334474,0.4852513648064773,1.5087393760450993
HoltWinters,187,19,4,100.95418344988947,108.92272154370596,2.234505642718654,2.205950251678966,0.7293987030096375,2.239279485025275
HoltWinters,188,14,2,69.21242320694242,79.20366514857233,3.551130235866315,3.470025823711843,1.2181302955487312,3.5323474374804027
HoltWinters,188,15,2,53.06307754364809,56.18977074328427,2.7523465714391673,2.7104163159258072,0.9698668874271262,2.7425377534640534
HoltWinters,188,16,2,37.53805338310914,45.15703937125894,1.8692961584377512,1.8910388281606836,0.6996451151469986,1.8943517536417795
HoltWinters,188,17,2,24.649235379990298,29.504097705313335,1.1593578130248212,1.1687898945539803,0.4665434522683993,1.1773144002988496
HoltWinters,188,18,2,40.49716901942007,42.97966091600826,1.8194357166826782,1.8011815559491187,0.73021928426731,1.830302390982836
HoltWinters,189,20,4,783.1612017579707,933.2681467587813,16.484944107492602,14.74943914455478,3.8953038642490325,15.877375607539932
HoltWinters,189,21,4,114.6555237791581,138.1110678269562,2.460063063527264,2.420801095282281,0.5433657939827815,2.422772352505147
HoltWinters,189,22,4,187.19041514731393,246.8471468748111,3.6671058102934264,3.7837745329012544,0.8599653156207838,3.773881230306219
HoltWinters,189,23,4,284.11613446664063,299.68036423438144,5.270724299391075,5.428933949397149,1.3137446252397935,5.30618211933066
HoltWinters,189,24,4,192.99505770292524,245.61114357800872,3.584315233547718,3.4847509033631217,0.8601783755257241,3.556148429096364
HoltWinters,190,13,0,301.8710424162529,332.6547389082899,31.2710048007722,25.996789271919774,2.3652736999769717,28.43369316322633
HoltWinters,190,14,0,136.98752249779045,161.9133653291823,14.122402988576088,12.752780388220069,1.0303502766667618,13.0533372417164
HoltWinters,190,15,0,120.84957616787308,152.00448761158222,11.306095429207742,11.034811751647187,0.9066781314385881,11.21863007231416
HoltWinters,190,16,0,178.0283129994378,201.82444949772204,19.40000533484933,17.166414731951203,1.3199817883988734,18.166154387697734
HoltWinters,190,17,0,97.51616202086312,125.45464284534066,10.97870375726307,10.372079601018292,0.7116278806624837,10.361811784979553
HoltWinters,191,24,8,1918.1887988337144,2194.0154045501986,54.488946673893544,37.36043960004761,1.316587914921537,32.554590212150536
HoltWinters,191,25,8,1661.1928389875095,1883.1954063633461,35.80364267191592,32.835926301770044,1.1425168944490371,29.561513694290824
HoltWinters,191,26,8,1560.4177717341936,1761.0348409997289,37.754994930037775,28.991684781567717,1.0580319316476174,25.00892163762397
HoltWinters,191,27,8,1029.3959256701407,1465.4792525754915,35.59281566900809,19.56557816733206,0.7011424747283362,16.688396525319764
HoltWinters,191,28,8,1283.5529696040348,1508.9355529086938,21.308197999909616,21.96652735273296,0.883918787593961,20.5076810339718
HoltWinters,192,15,8,246.28671137772886,266.3707033690897,2.9181200477036375,2.868389630402266,0.9397671008225474,2.88617239895776
HoltWinters,192,16,8,258.0570405231002,311.76987400489554,2.8502348104498467,2.9096235557533077,0.9794865771679717,2.907139022040183
HoltWinters,192,17,8,182.7410838303939,220.27935498914883,1.9281561733367512,1.954957212702641,0.691924066835107,1.9584064711521139
HoltWinters,192,18,8,81.93272091638431,103.60297957487168,0.8380383221881237,0.8427692760372927,0.2983998023211061,0.8493860372602188
HoltWinters,192,19,8,65.92495724222125,86.34238239366893,0.6677368651442328,0.6650605001719503,0.23688765578120494,0.6647522437734482
HoltWinters,193,19,2,217.05753699764907,234.52249431637622,10.95237863137943,11.687003984645589,0.8279798985094979,11.110233053872005
HoltWinters,193,20,2,120.70989461996633,125.85548061632038,5.855422259237261,6.0480330430136755,0.4679269779953277,5.861534166170001
HoltWinters,193,21,2,58.44003921623562,66.60055223424611,2.817030114177294,2.8696047529228847,0.23060346215235272,2.819353981276795
HoltWinters,193,22,2,48.25226330225413,56.0154380300611,2.325393609089861,2.3624628575604,0.19762960760078727,2.3269410143180522
HoltWinters,193,23,2,39.814254135371,47.64836757480798,1.970694414950561,1.9608519953545622,0.1692685372498774,1.9644383439186384
HoltWinters,194,15,6,72.97535619138995,80.29789886912945,1.586264370730322,1.6015832338158411,0.43299556526763516,1.5914758368307778
HoltWinters,194,16,6,84.96779965826869,95.72377785896144,1.8188410021998107,1.8397502752377333,0.5275402669223082,1.8288158340394316
HoltWinters,194,17,6,112.75881042546517,121.40691488588335,2.3793735802470835,2.4124983946317955,0.7239825485374649,2.3897454288823683
HoltWinters,194,18,6,111.13921679282576,129.04941539691097,2.2911099390586895,2.3268327709561403,0.730173616820704,2.309999656209861
HoltWinters,194,19,6,138.31399223968367,151.43785875085297,2.788386280481299,2.8353299642811938,0.9286742571982839,2.8064431647514496
HoltWinters,195,43,6,436.06045706737467,530.4792265590653,4.313471938140044,4.1783949845225505,1.5751855611915007,4.24128874699464
HoltWinters,195,44,6,1140.0857795140312,1318.534359647794,11.490646543796485,10.663473303380282,4.08364291028402,11.201093651980118
HoltWinters,195,45,6,1015.988140270641,1023.8581712987801,10.276517057306314,9.766758574910888,3.6123516306304886,10.267689036352621
HoltWinters,195,46,6,726.7847486538036,805.4462477496172,6.744541330209176,7.03207180753563,2.5181914311217812,6.849674690646852
HoltWinters,195,47,6,460.47871715893507,495.1662534336679,3.9967500240721328,4.09002129015625,1.5589599444199176,4.032979720777028
HoltWinters,196,15,5,209.70226871129987,228.03237481756682,5.95482445119346,5.750947804511205,1.722942400218674,5.880418814150799
HoltWinters,196,16,5,114.83508451616194,121.49420351612413,3.3074816708650765,3.3700661240297975,0.9087389170369258,3.302494841493713
HoltWinters,196,17,5,62.99242777565501,70.67560862486046,1.8289001520591854,1.850226770303055,0.5016554623765339,1.8285174971162559
HoltWinters,196,18,5,14.87091483363694,17.53540103260897,0.4374186235769406,0.4373085911263802,0.12230462311374979,0.4358841670826656
HoltWinters,196,19,5,32.715958460784044,37.64237562432758,0.9681853936688517,0.9691760709593032,0.2793582790769036,0.9687238892813174
HoltWinters,197,15,3,826.1290176843199,973.6646222578121,46.3589498085853,34.54369890675854,1.5951918435527512,39.7510794798997
HoltWinters,197,16,3,393.7807323900588,474.8937457007166,24.922371384028136,20.989441572363464,0.7531329879751182,22.0986487221074
HoltWinters,197,17,3,331.7702891483541,436.4148400841253,23.666060191515786,20.12887293099586,0.6214719780035737,20.164661088519097
HoltWinters,197,18,3,272.07828534300097,340.80185443543434,22.334339311800168,19.12971257364332,0.5155404773964696,18.65160978537023
HoltWinters,197,19,3,185.71466300157093,207.51607988190517,14.597489765860178,14.273034956863418,0.3510054867475888,13.788986239443457
HoltWinters,198,14,5,224.4629477930822,264.97768721171377,4.560332280867432,4.66620925537265,0.5703519002395461,4.649183112850185
HoltWinters,198,15,5,302.535627209746,361.68702751060715,6.626566715346324,6.421455145326392,0.7689547038838279,6.3341119571938025
HoltWinters,198,16,5,374.75189517045794,442.5376317900192,8.683197000394358,8.324088696796544,0.9513046837849631,8.031667789452628
HoltWinters,198,17,5,333.3208931402775,467.1020062335135,6.699674382117321,7.048695791380038,0.8465212858821067,7.08364657012125
HoltWinters,198,18,5,400.0274740147829,512.8018963786546,9.079476307477602,8.947107858412313,1.013347353937378,8.98125326017422
HoltWinters,199,25,8,412.91222872220544,526.8354755765408,3.0627956227258837,3.134867371949974,0.4231701452579721,3.1303323587396057
HoltWinters,199,26,8,423.6614003863035,497.8001005282088,3.0879701345464268,3.1472663500856464,0.441252933288862,3.112747773661101
HoltWinters,199,27,8,1033.9741336505967,1185.7642057369865,8.27153482848023,7.84372192307109,1.0873783754892064,8.068978400553702
HoltWinters,199,28,8,214.86395187717213,287.8757621526561,1.6825049823002474,1.702697200272824,0.2274466240429783,1.7045937848221087
HoltWinters,199,29,8,293.2490552409553,399.41341053961435,2.1834155949942327,2.217561944028647,0.31285640809286996,2.229841485508495
SARIMA,0,0,1,276.7892153966934,339.29185904385,27.65318167028374,35.073975449511124,0.9359268212431465,27.80403971840215
SARIMA,0,1,1,140.2370292999973,167.03118484795687,13.95551629758058,12.678531073464397,0.4722668900654726,13.649848739522799
SARIMA,0,2,1,42.92209151404198,63.90159961588983,4.351174939828019,4.48231347571321,0.1674760886743583,4.553531250384603
SARIMA,0,3,1,137.61456502713133,146.96688475189356,14.063224383092033,15.112107703257339,0.5923152009776097,14.354787728838458
SARIMA,1,0,1,341.94358480408107,378.390667969475,20.64566199768569,23.46240061970467,2.515642197574756,21.58478223258547
SARIMA,1,1,1,404.30128205555553,489.20617858215223,18.62561357457275,21.366434235090825,1.9372079751113176,20.14153459024024
SARIMA,2,0,2,89.43094179761468,99.32054805136161,4.6473818138760095,4.7830204559463265,0.5740286613252503,4.690255228266057
SARIMA,3,1,4,412.44104038060664,536.8361146176668,14.699069372588932,15.121895193849141,0.2418880300771737,15.603197014793984
SARIMA,3,2,4,594.7325424319577,690.2746137155169,16.66154896819994,18.65867070757355,0.4025291449613975,17.659727881224494
SARIMA,3,3,4,1168.4758254914823,1224.777876701731,46.10375918103621,36.55469325724983,0.81570307114032,43.67453638342247
SARIMA,3,4,4,919.5099408322353,964.0529233105526,47.32681660487651,37.21720118484007,0.6748960992960473,44.5825403368644
SARIMA,3,5,4,417.19404107833947,534.1989253709996,17.467872605706017,20.059853361598673,0.3268493546163885,19.309026330986036
SARIMA,4,0,1,1241.7634953422748,1360.5836396994898,106.04027339561351,63.0192545357405,3.6962952365189863,88.65354577884719
SARIMA,4,1,1,335.23365433333333,380.21369271739906,30.605070699065163,25.19432953997406,0.8768351812345675,27.56164838125062
SARIMA,5,1,9,1103.7528363795027,1303.2322878617933,6.395636236192459,6.683423248960171,0.46637443790683214,6.688510320102023
SARIMA,5,2,9,4134.719895018745,4975.0481303242395,26.756359348699334,22.152343608923015,1.6238709495461898,24.530309199188334
SARIMA,5,3,9,6032.268870102608,6913.166119759163,56.298095979400586,40.518437233264265,2.3450806014154875,49.49215536799624
SARIMA,5,4,9,2761.448344491549,3006.375691559738,35.70411630855828,29.106623854307028,0.9790055581983748,32.90267438991718
SARIMA,5,5,9,1929.7029922797421,2334.170654303923,29.452187417293118,38.023871966831365,0.642709241510314,29.15203849016816
SARIMA,6,0,7,443.9170934472677,556.8136938627306,4.365733507893328,4.509557235750017,0.42213010375633403,4.590256168667166
SARIMA,7,0,2,24.855419182903624,29.262255965759717,1.2942040694082286,1.2916153228028986,0.17380023003189096,1.28103970741587
SARIMA,8,1,9,3578.4873299476517,3696.95794998742,34.84995963637372,42.58286176322433,3.5346317142340076,35.43056762324408
SARIMA,8,2,9,1434.67756739951,1640.2768716337512,11.751262876062265,10.9469246705001,0.9887096110302566,11.940720494377945
SARIMA,8,3,9,1229.251696841398,1512.1580600439447,9.736480389369524,9.06609076321988,0.7993466640569323,9.642030043204272
SARIMA,8,4,9,255.0460744406952,287.33713706614265,2.0725584534414914,2.0456997584937646,0.1709042267862599,2.0616262528886806
SARIMA,8,5,9,391.99453521924596,435.1504576647253,3.416211745175769,3.345691966893389,0.28629129738194964,3.3641182578175015
SARIMA,9,1,4,397.6174084972868,477.8309140754682,11.715580181732673,12.733794511448297,1.272149547271803,12.850318430320243
SARIMA,9,2,4,1052.3584758186344,1170.0696622161522,26.708650881754203,23.049790000268825,2.4718196164998707,27.246702575782365
SARIMA,9,3,4,179.63430900980114,247.19088312123944,4.150108348680563,3.997436232589055,0.3573171168429982,4.209083002052097
SARIMA,9,4,4,399.57041076646215,477.57243485679834,9.35558412597965,8.767754553819023,0.7967682228249566,9.242064987338019
SARIMA,9,5,4,206.66456557232948,249.8561313373795,4.703535332843415,4.870295284593033,0.4443837104388567,4.76539440483453
SARIMA,10,0,2,115.27653025079957,119.58685872010402,5.632264443136066,5.807405530079608,0.6647965501825467,5.652507932972571
SARIMA,11,0,7,2174.9611128553684,2395.9426712726795,40.4688651018547,32.02099973633379,2.2109846563820046,36.57669939393855
SARIMA,11,1,7,958.5411012309232,1219.5605893780871,13.999844842028548,14.841969695181318,0.8333147514876122,14.4108424993957
SARIMA,11,2,7,2997.722820086612,3802.1238280717475,30.112211010029178,36.130693895377355,2.5726436386102356,33.36435849833957
SARIMA,11,3,7,1863.9955094806949,2136.987666133804,21.505064967949423,18.620643795781533,1.2919401186862143,19.193000748139795
SARIMA,12,2,7,113.85400695708192,137.060518036498,1.7004534190045397,1.7027583083557694,0.2702989352295094,1.6983094780842458
SARIMA,12,3,7,66.0808003629243,78.55975557925703,1.0074501943751102,1.0038280484209428,0.17216186502112968,1.0080130631743223
SARIMA,12,4,7,77.3908430041119,94.72533032126296,1.215793458414841,1.2228865420344441,0.22321992200704005,1.2141792809189649
SARIMA,12,5,7,119.84336015484217,151.7482205823933,2.0056624248769084,1.974213005668521,0.3639846097622345,1.9650497122241546
SARIMA,12,6,7,73.57136038204317,90.85621238086321,1.2944667240530736,1.281680633955238,0.23159540857976957,1.2746349079425967
SARIMA,13,1,2,61.7518351111111,78.49787017208186,4.1794128052452955,4.171512623293242,0.47139970240067575,4.196585888791793
SARIMA,13,2,2,171.70555555555563,204.02672414825147,9.960376831699707,10.686704164982563,1.1725757195917679,10.392226089003215
SARIMA,13,3,2,355.6277777777778,409.2976049825414,17.002321277086665,19.07080265023955,2.412330492424335,17.902979961124863
SARIMA,13,4,2,310.6388888888889,332.38690557842375,13.74362050772073,14.894098206634949,1.8720296778130885,13.99501920983143
SARIMA,13,5,2,276.11224233333337,326.7198854674214,14.360637137552757,12.993336737499858,1.4904982271508094,13.440849984654987
SARIMA,14,2,2,73.5583325968704,110.64577073076876,5.29148011759202,5.054815428506957,0.8592505743074627,4.597482469005118
SARIMA,14,3,2,64.98858867815525,97.5889279705308,4.867877398878892,4.640201731525611,0.7277391400885571,3.9967099463591573
SARIMA,14,4,2,54.01139320278823,65.1297172464197,3.3093942132199996,3.3918523155219025,0.6420222695442577,3.2685148874837213
SARIMA,14,5,2,60.98549185960009,178.07097063887844,5.732057926113893,4.5036560380514805,0.7715751865895085,3.796003529230896
SARIMA,14,6,2,84.06775331131512,127.72617712292478,5.546977633268494,5.42331264791494,1.0466050673667595,5.237970501675516
SARIMA,15,0,3,117.76530416535385,139.61149829170884,3.8691753380714484,3.927022279005169,0.3089910150895749,3.860580887693222
SARIMA,15,1,3,339.9674466463738,374.06537418606206,11.016041993668688,10.331059668368885,0.8428209714902826,11.005012147378288
SARIMA,15,2,3,717.9064056166665,893.3121223421579,30.670785653466083,24.506924510334592,2.113533263927237,26.821524154972398
SARIMA,15,3,3,993.215929639309,1172.6770516606632,48.31809232338012,75.81265110500954,3.1489652268866806,47.33356296930782
SARIMA,16,2,5,322.5104640636378,447.03822429758736,8.625037732672618,9.3152049416842,1.2810384372209707,9.533949288829023
SARIMA,16,3,5,525.0393489207255,589.0534918225952,11.866243358828775,12.7719072044574,2.033206802838362,12.28711003403916
SARIMA,16,4,5,299.1422450968098,346.74733709706277,6.20184010058321,6.463495542309854,0.8579873428193071,6.310510962622808
SARIMA,16,5,5,469.667722979351,597.5025750968277,10.110655341539681,9.332449974598243,1.2278258552618335,9.615086645844894
SARIMA,16,6,5,968.2556506883448,1004.2601551485882,21.870201096060985,19.55649770124945,2.510740355813494,21.649610426645054
SARIMA,17,0,3,125.97600001422714,134.36630491614113,4.529514478556924,4.648094971736491,0.35767890313873957,4.560446478467672
SARIMA,18,0,7,2329.5109812261558,2557.6709012815872,34.14125344052722,28.090305393354782,1.7362814766903023,32.181986631825566
SARIMA,19,1,0,34.19683400093522,42.60330916924856,3.0249725394835183,3.095527820632894,0.5935805323209584,3.074333293461362
SARIMA,19,2,0,52.9382445088395,64.81975975209086,4.925659712662844,4.747299369311803,1.011266031138468,4.851032943843156
SARIMA,19,3,0,88.4301026706584,91.30147101707811,8.448117166214912,8.083089039109542,1.8276491807926218,8.41034475362914
SARIMA,19,4,0,6.180619705783695,7.84308277248045,0.5836831838476737,0.5859239202726785,0.12474899607995796,0.5859332949076026
SARIMA,19,5,0,18.573860691360387,23.40804622220134,1.7624280357255693,1.7681104202605042,0.3989332049944745,1.7681906729664003
SARIMA,20,0,9,289.76341864350366,328.08707962718904,2.4851144936115106,2.4467672478306572,0.16124068462423277,2.5173831006741163
SARIMA,21,1,1,42.45343566828865,52.58686058847199,3.47746589117922,3.4196558035774074,0.4560658862056119,3.4201842978318977
SARIMA,21,2,1,56.758548651320815,66.43146007995898,4.072723815421893,4.162347809776448,0.645659098045705,4.1576848895547025
SARIMA,21,3,1,152.23019377727485,184.2879329312149,9.49452468975958,10.16191497651314,1.660925726384894,9.929603119293757
SARIMA,21,4,1,284.451384842283,309.2091283024053,15.030695249334759,16.440764346383673,2.905859529012384,15.45280573901118
SARIMA,21,5,1,147.96133329931138,164.3955954369839,7.6235156258802865,7.275031041071458,1.1770162226288234,7.489816922263294
SARIMA,22,1,0,86.93544234663615,99.4498423165728,7.515128934184401,7.158077091379704,0.6003214688898149,7.206253567761689
SARIMA,22,2,0,80.27159378106671,116.79341876050319,5.224389608559877,5.498643417776009,0.5950050751965862,5.6613458508706245
SARIMA,22,3,0,217.4550912883557,228.67554685924017,12.533457693572906,13.448631343862846,1.5280628036479047,12.753133204712638
SARIMA,22,4,0,144.68450039099707,225.66291499994236,9.324285392692442,8.233268248137474,0.8715933758493799,8.271887330192946
SARIMA,22,5,0,440.30666348155836,515.5554014824212,36.92093441205087,29.429067792552978,2.665674244724534,32.81109477403457
SARIMA,23,2,3,220.79153937273043,247.52599763261426,9.471457443958943,10.053259047546423,1.4923907589981316,9.764913505450528
SARIMA,23,3,3,231.26732206061934,262.60789352893187,8.68854295316912,9.178566739688828,1.1776031986712525,8.973525603007868
SARIMA,23,4,3,206.44696763682202,243.30298089703527,7.825999374947844,7.463785374360602,0.9824173030446439,7.698999758555184
SARIMA,23,5,3,78.60356183346767,100.13484911263684,2.9407787491795037,2.9439083004105764,0.3627181405158759,2.9416291097780363
SARIMA,23,6,3,541.8586148888891,641.8312827179599,25.46233079951026,21.488138915046502,2.6066109527608257,23.37661688547083
SARIMA,24,0,5,741.432496396268,885.7558816002554,14.65621313589032,13.442573023702534,1.0334821865337764,14.093441597386036
SARIMA,25,1,6,1318.6829983167029,1542.1528189135586,21.541752224794415,18.74614049006409,0.8826088486502474,20.25626725524889
SARIMA,25,2,6,854.0350267582047,930.6047710766553,13.776726424440133,12.756922666825632,0.6326895472672748,13.347773275720835
SARIMA,25,3,6,1156.3041363363425,1362.8085555880675,19.08770695079907,16.947338539793034,0.9185428519628752,17.666984512396372
SARIMA,25,4,6,983.0860404379578,1174.6445006720603,17.184814727807023,16.52990224612394,0.8258913809335966,17.586512351305146
SARIMA,25,5,6,696.5834611733161,839.7093465044154,11.403912892481737,12.213404737126979,0.568548555970859,12.014662994557005
SARIMA,26,0,8,3020.4061216530404,3400.6016023929155,30.94631286824756,25.551443579312487,2.0761432554373522,28.776658822936042
SARIMA,26,1,8,2214.5012387912075,2496.900111042048,23.1523032037073,20.09472789666478,1.3244336066462965,21.510507175843095
SARIMA,26,2,8,845.5855740261027,1100.4055906824672,8.325498691694442,8.08991676240938,0.532425129482096,8.114844104242328
SARIMA,26,3,8,1272.5713121411936,1696.1159995105695,10.198843376382488,11.001689989048584,0.8490338381669013,11.101561388091206
SARIMA,27,0,8,1786.5019518336385,2050.3944604993753,38.0534079722202,30.235253074031043,0.5207737505345142,31.65062513091092
SARIMA,28,1,1,80.31746143059586,92.18551604628956,6.848752086558887,6.860376261806228,1.6895765162649692,6.827458350652776
SARIMA,28,2,1,68.17676944844129,83.69565030172386,5.635885976445473,5.409430525984778,1.188187690413817,5.497141417630995
SARIMA,28,3,1,74.90018725575686,90.44058159408634,5.696004206585258,5.885408192505537,1.2065705505884003,5.826289414881691
SARIMA,28,4,1,52.020849328922885,61.306523995033494,3.99337119750745,4.045743733830239,0.8670141554820481,4.0611323585922365
SARIMA,28,5,1,78.96339785244471,101.20775463202686,6.786642176320136,6.467163591902639,1.3249328147638362,6.401572586335201
SARIMA,29,0,3,42.862742155363804,54.848157390545964,1.7834722366538067,1.8050984720807142,0.15358428888888434,1.8179825892590145
SARIMA,30,2,0,75.3865644097643,96.14645582818626,5.871671546433835,5.6326716621252615,0.4843626079511763,5.6596894793381205
SARIMA,30,3,0,99.73495793883366,117.90959582155935,6.981116685032301,7.309448118156474,0.6575967891850568,7.191976311192643
SARIMA,30,4,0,188.26441216031682,264.6185735407161,18.331330882297713,15.021662132042248,1.2987903286674904,14.817708672284398
SARIMA,30,5,0,319.06090665829515,355.82017856688225,32.967455283090416,26.910251945773332,2.339813140386903,29.869834113227732
SARIMA,30,6,0,99.32956255555557,119.15453685948071,8.404653055696256,8.502332549460574,0.6296333740318484,8.353542450300743
SARIMA,31,0,3,131.00849432064737,189.60023683493014,6.647544990393636,7.022892537262217,0.6213841627856792,7.074741682982277
SARIMA,32,1,9,166.50564274187764,187.46964752453945,1.7883957926551686,1.808075636465507,0.554334445626473,1.8011427700443494
SARIMA,32,2,9,93.69193279183754,108.7056420433998,0.9824148037647747,0.9859288884909455,0.29544517746112176,0.9826679817346905
SARIMA,32,3,9,234.57840709554978,247.00088804216256,2.419008920981804,2.3870849905145786,0.7220645522278171,2.422635451098684
SARIMA,32,4,9,207.8540510110597,240.76937344963608,2.0977440316816613,2.0687681214602724,0.7003693220140537,2.103667651503556
SARIMA,32,5,9,231.33891785037343,259.99435412970456,2.3181283697902857,2.284705440207214,0.8017862596241282,2.3178961988904656
SARIMA,33,0,2,85.49434467223995,94.94595340315948,3.997353262222725,4.013615355870285,0.4333060656286524,3.9902927155482897
SARIMA,34,0,6,1801.5452177224784,2097.347813316734,30.196880232276975,36.6828445176627,2.71521681315391,32.05500143036885
SARIMA,35,0,1,58.675274730259616,70.74836655234766,3.797257119578258,3.699588678525373,0.34836380356509006,3.8391185350136956
SARIMA,36,1,3,328.5498333333334,384.7042007371812,15.559722636593406,17.296684079561842,2.381296896386071,16.464880208114813
SARIMA,36,2,3,163.1264675790458,222.07807812907632,6.0611285837294595,6.382238345889123,1.097369687225923,6.54410495707802
SARIMA,36,3,3,347.0870936329589,385.4533986918191,11.018912037266523,11.799849233839995,1.7654413888661697,11.376381139424977
SARIMA,36,4,3,318.5869834287349,354.6359836839199,8.91472473256965,9.422830554904026,1.2602125956623325,9.155732802866085
SARIMA,36,5,3,883.7634826067167,981.0736562082359,26.092791638116747,22.38445699960717,3.2164861803315454,25.282486773448063
SARIMA,37,2,3,1567.057542595524,1790.3229483829634,85.93029597996004,54.20634469367922,3.4307254215907137,68.31524727174482
SARIMA,37,3,3,95.06470588235,110.60444537710154,5.50440996368194,5.297054256859524,0.1753277774848632,5.38629978102829
SARIMA,37,4,3,133.88888888888889,157.3566366922956,6.930596947197308,7.27061937757427,0.2294824682958328,7.123854566952409
SARIMA,37,5,3,240.55555555555554,283.20585367459404,10.751327456457165,11.592303513735589,0.4573416950329619,11.185740118832344
SARIMA,37,6,3,185.55555555555554,206.45150089602694,7.520239066254307,7.881706726887668,0.37472276424128736,7.650022904260193
SARIMA,38,1,2,24.4354752152037,29.918557712782547,1.1464448837124754,1.1563469101112798,0.08655002142381128,1.1524899090604983
SARIMA,38,2,2,83.0798279467047,96.68410413557162,3.9752860478850063,3.8703694829560433,0.34782602855056394,3.945192105169157
SARIMA,38,3,2,83.10873005222942,97.33040058380921,4.195067347089393,4.075655132678023,0.404669455657829,4.120787547317774
SARIMA,38,4,2,76.6139509823727,117.22860899346047,4.566593184881426,4.299780736961108,0.4083004546749139,4.166179122998053
SARIMA,38,5,2,233.2450780726886,272.97910073769975,17.717551072349547,15.754937603984839,1.2746520417373028,16.05455798962328
SARIMA,39,2,6,181.5928713134534,207.03242272321066,3.1581256254695087,3.0968403841546666,0.41742579780885775,3.0742615328291136
SARIMA,39,3,6,243.79359509265117,287.933294529211,3.8565848149087896,3.757983835247499,0.6121267271594607,3.872611620847313
SARIMA,39,4,6,410.54631463146256,521.5264681701557,6.752964990580007,6.400989926754917,0.9873384901486153,6.610957137280487
SARIMA,39,5,6,592.1617140932188,616.7435285023698,10.01275901682196,9.496916333234621,1.5785366467741753,9.989934865415396
SARIMA,39,6,6,62.164170588513876,76.60760300029877,1.0807975354610835,1.0730219773343743,0.16571956437156588,1.0730417597759563
SARIMA,40,2,2,508.3288903377495,549.0230100192562,24.644111830042313,21.572910544556674,2.004208382281536,24.57696370603302
SARIMA,40,3,2,138.27215140613234,160.56400643448347,6.230519664567321,6.202932215225149,0.5722987675899658,6.269836439309424
SARIMA,40,4,2,203.80682652015068,238.1852352679424,8.13588626145713,8.591393563296771,0.9100428505987894,8.363215661702597
SARIMA,40,5,2,463.8903613759306,719.7656136231268,32.67673863742998,22.69239752321557,1.9863272077272536,21.677631804818727
SARIMA,40,6,2,1257.9764687470947,1282.702072678472,96.16626274841606,63.97923196162856,5.696940752375113,92.49989455471524
SARIMA,41,0,5,433.12667876389304,547.5543555794737,10.317437272641136,9.681769688025225,0.7881854639550914,9.723472459154497
SARIMA,41,1,5,1452.9742647225523,1621.3595247807186,41.706591701479326,32.97845867301039,2.6897706648960513,36.83077984087585
SARIMA,41,2,5,869.6922558121673,994.4929751755083,26.77195352249563,22.76716826100146,1.373526893601413,26.008407716595798
SARIMA,41,3,5,293.8888888888889,310.313461590767,9.519007577276529,9.043080366819517,0.4437346754419926,9.377769898954085
SARIMA,41,4,5,655.5555555555555,750.4295066456572,17.03575845504204,19.13180094543366,1.0657514450867052,17.97684338817794
SARIMA,42,0,6,1172.3040162464843,1374.3242766992378,21.023110400168747,18.171501834735768,1.215214393840017,19.412488712045224
SARIMA,43,0,2,232.13430614065985,268.72935729293556,10.078875215037643,9.45604151344226,0.7369460090028388,10.232872189826603
SARIMA,44,0,0,452.34957222222215,548.7036695964281,35.008820099389865,40.03333697888592,1.837004956837815,36.94073202986713
SARIMA,45,1,3,522.1949639865288,722.2287675765111,20.387700655134346,23.300855358338307,0.33386764482291725,23.073868098362453
SARIMA,45,2,3,1260.7496063906447,1337.980599100834,41.25795628472174,53.44110231293384,0.9008513160651848,42.15637424608846
SARIMA,45,3,3,1215.5001667631122,1280.0908468918192,56.88585711504355,42.93605192391403,0.8935917560568333,52.96130357005472
SARIMA,45,4,3,604.3604281080588,635.2342856617864,34.76709150595423,28.965475524933034,0.4640787143379755,33.20884707136944
SARIMA,45,5,3,293.02426538399766,409.7453014466723,13.368517724414275,14.885174594433092,0.24206290449137277,15.00427212808035
SARIMA,46,0,6,5018.265321187359,5245.937277985233,65.87192059687875,101.03043685866136,6.755357163136829,68.7433605642104
SARIMA,46,1,6,655.5555555555555,808.9774066341065,7.663646133202517,7.946640778579689,0.414519906323185,7.87716955941255
SARIMA,46,2,6,422.22222222222223,545.6901847914967,4.96254010461824,5.076558462769306,0.2664117272147865,5.066666666666666
SARIMA,46,3,6,772.2222222222222,831.6649966583099,10.222466881711872,9.963440500836041,0.5358837485172004,10.168251645940014
SARIMA,47,0,5,209.36503144654085,257.27898470625337,4.013051932634001,3.898243944412764,0.24730538746439035,4.0501647505858145
SARIMA,48,0,0,169.7556339875138,193.25217294164386,20.922381446278536,19.15797931795564,0.8324142203900063,18.816688563474017
SARIMA,49,0,5,730.5651582280722,891.1399807366555,11.703812686720577,12.778930274131575,1.3629706469062706,12.393339045208537
SARIMA,50,6,8,236.5079831111749,311.7583645349387,3.004391176823996,3.081745824333185,0.7500670470893545,3.051890929946626
SARIMA,50,7,8,447.090856571413,517.3328908058718,5.470824785723763,5.676541761324685,1.509106805111255,5.5366907818215445
SARIMA,50,8,8,440.937302717967,463.968705761912,5.230985065372746,5.386599853040837,1.4857611469925394,5.246824518360155
SARIMA,50,9,8,208.67830815440598,230.6766341145288,2.4629285886663714,2.4263673835992496,0.680428368218614,2.4581718836290096
SARIMA,50,10,8,117.49394136994569,137.58378555375774,1.3542241434122653,1.366794824657387,0.39978195169039094,1.3628191801134275
SARIMA,51,4,1,90.24179685986536,110.34315961539697,6.138429663126366,6.005015268963735,0.8577797671474549,5.939233726415485
SARIMA,51,5,1,324.3924453101409,367.62169367129894,28.41675775074879,24.022301250883903,3.057083370033241,25.447948566047728
SARIMA,51,6,1,218.46000288338706,244.94962760810736,21.232378521212635,18.564649545057243,1.8433255551738479,19.72123804555791
SARIMA,51,7,1,127.16401497243803,153.6171182250353,9.330233311225387,9.938363340025624,0.9510235897305872,9.863800948672171
SARIMA,51,8,1,158.48922853619257,179.05266910935316,10.530677732498335,11.266935218949074,1.1511367263791024,10.872650868641747
SARIMA,52,4,5,1160.5804326168382,1379.7113271161397,39.61630615244385,34.77883806320444,1.0292900291428717,33.1191459709783
SARIMA,52,5,5,989.9499080345527,1182.0810652156845,33.55399805442223,28.513970543348844,0.8609639961010322,30.770904283177703
SARIMA,52,6,5,769.8307605686418,1274.0219713008519,17.90571466186956,20.605530498065963,0.6484963054247075,19.38436723998192
SARIMA,52,7,5,898.1704949211462,1219.8901811302676,26.551128738433626,23.41081596162063,0.7476220256260689,21.440860119481368
SARIMA,52,8,5,1041.0259569476964,1262.8234162977783,22.12665736430627,24.641706593218554,0.8902684189759442,22.756163459766913
SARIMA,53,5,9,291.54375557911976,322.2506956603862,3.0625287374091608,3.00644978593511,0.7547579459154877,3.065296495574857
SARIMA,53,6,9,102.88888888888818,127.69950839546836,1.060508705079661,1.0519488999620128,0.27926984126983934,1.0637564618035538
SARIMA,53,7,9,56.73154906731523,68.4258716899462,0.5750802403436884,0.5763556701974438,0.1639489720752688,0.5743351424137649
SARIMA,53,8,9,150.82028389050367,178.2755653373627,1.5039297792159048,1.488805379539681,0.45147937476983746,1.5056933499883893
SARIMA,53,9,9,230.50379572118638,282.07952946061386,2.3077701144855625,2.269006852841492,0.7203243616287074,2.298652810515986
SARIMA,54,7,4,435.8968482665834,475.52539050149954,13.76396784340318,12.707754881328864,2.5672490429232453,13.461818931573417
SARIMA,54,8,4,66.74694850386871,78.62156437650839,2.084206034336126,2.1006005856584062,0.3802290464443975,2.095533703994763
SARIMA,54,9,4,93.3399974626789,117.8266202945193,2.771724175157268,2.8134697774262825,0.5256695957285145,2.8258851081058927
SARIMA,54,10,4,365.02315011941596,376.43196689419443,11.714864839374526,11.023223858150672,2.0345888893083908,11.641106307446284
SARIMA,54,11,4,99.35793171843547,108.56573731030984,3.1362420556427137,3.195774429107326,0.5456204471809932,3.1553416494024153
SARIMA,55,6,4,53.14995180812727,62.679675613654204,2.0761691514366345,2.09262270474898,0.31465027606776425,2.0885252875000346
SARIMA,55,7,4,62.495312668898606,70.90981918326735,2.5248391317756798,2.5145553724975738,0.3798758928974149,2.5324929209604266
SARIMA,55,8,4,165.11313707870295,181.74842950949431,6.554818842740579,6.825536490037007,1.0308832700023078,6.593799569182248
SARIMA,55,9,4,93.55452427203156,122.4513161573057,3.577001415650885,3.67678557668975,0.612652741722755,3.6403797729635445
SARIMA,55,10,4,206.41254167757538,231.71688038493616,7.5133600558714155,7.885762705948984,1.424244163834997,7.612173472507851
SARIMA,56,6,1,101.71942098230338,104.74198000487912,8.030044843723097,8.38505151756464,3.775179404403057,8.066571216890631
SARIMA,56,7,1,102.52472936068261,110.57387929563816,8.645264331899996,8.225629842170795,3.0619348351264786,8.516909887830955
SARIMA,56,8,1,39.1359236111111,48.01019989865995,3.2025177496627326,3.2696201312515027,1.1074903953187454,3.2550883738688787
SARIMA,56,9,1,54.503650499999964,65.69114236632421,4.163729293149794,4.291346436647819,1.468231599350572,4.243456032808538
SARIMA,56,10,1,73.43251864898816,75.37164218162846,5.815442622333513,5.641827733209751,1.738451957261177,5.796352656730354
SARIMA,57,3,4,53.195780632484684,70.05963200346629,2.221285023953914,2.217285450349904,0.3076473733666841,2.201564051568703
SARIMA,57,4,4,91.27721879156086,108.38602746122149,3.436856914210372,3.5175980751420184,0.5626099846755798,3.5098372994554596
SARIMA,57,5,4,77.40989472173747,87.77015668412031,2.7119266254249075,2.747212896028911,0.4736879236428071,2.739349035572924
SARIMA,57,6,4,174.64456835618947,182.78017389546233,5.910538571776039,5.725878277476736,1.034328593235159,5.917903604300078
SARIMA,57,7,4,82.74227819705831,105.29293172747104,2.772987372034778,2.7120012813222347,0.493976728728298,2.7625727945063345
SARIMA,58,4,9,537.0923842171834,618.787981352416,5.548745808472918,5.6387131923558105,0.4513879707238442,5.66694806001239
SARIMA,58,5,9,457.9565531357079,578.7367461300797,5.0785330373946085,4.914665004925524,0.3740361945188279,4.841903380333214
SARIMA,58,6,9,820.3582160999267,1000.764031738193,10.936097185451853,10.109851885184822,0.695348041757397,10.024188175338084
SARIMA,58,7,9,805.584193410105,915.5221690416757,10.470941367489926,10.146197197402786,0.6886878636204233,10.132673599109461
SARIMA,58,8,9,3238.39307338964,3714.603027896047,29.680223293273656,36.41730285321395,2.7465057003000592,31.464891150961734
SARIMA,59,5,4,502.52463271999864,545.006980588545,18.456737384543242,16.584015474195308,1.6852117455946432,17.723299617188076
SARIMA,59,6,4,594.8551712408131,638.2067357910427,16.43395287540469,18.089223458612032,1.8587402286185046,16.903965489189197
SARIMA,59,7,4,167.77302474801883,195.9068821005103,4.291033708043633,4.169966442762992,0.47258940692083873,4.292565258258121
SARIMA,59,8,4,118.59775493287073,135.87803048679206,2.8364616717642552,2.82756581202027,0.32022840198448405,2.82995162527631
SARIMA,59,9,4,239.94508052172762,268.72252821821485,4.9505396433907025,5.105148511663615,0.6811298974198353,5.055652823350112
SARIMA,60,4,0,161.18934739095087,212.2453039067044,17.40481429632451,18.92500041252213,0.6064797313012543,18.814492273345092
SARIMA,60,5,0,512.8180553576389,598.9596314531317,36.89410666740194,46.15509208702989,2.0209336484902205,39.97649669012592
SARIMA,60,6,0,408.60177722367854,520.478911038764,21.289601127634437,24.641414542601467,1.511449032994991,23.35920316468444
SARIMA,60,7,0,538.2825407954482,552.9218867682871,30.347048925757452,26.12516353431962,1.782250321356324,28.951950270611437
SARIMA,60,8,0,562.7569418390121,1053.1164289234505,20.64120841972604,25.076198577634827,1.9073929109648844,26.145993049456884
SARIMA,61,5,3,680.6864482158587,814.3885263604077,17.00774705060943,15.189024881258742,2.1059445197689577,16.95475827563199
SARIMA,61,6,3,1296.6973383993447,1759.371422693881,63.982894236119705,38.49642323957352,3.704980630062769,40.868059182260765
SARIMA,61,7,3,533.1538607974493,560.5400799040715,30.164697376808817,36.165481065874836,1.5004468036263,30.258515311400558
SARIMA,61,8,3,148.26202180064678,176.88449836700585,8.155337980071621,8.63729223184521,0.29631622001304625,8.46748009819271
SARIMA,61,9,3,254.52837992088598,305.67289980597786,11.264142273864504,11.987639400788993,0.5359541056979163,11.844811298380897
SARIMA,62,4,4,337.4677950914683,468.69628263323733,14.662735226129609,12.688767333242055,0.9182161409413065,12.469521809574038
SARIMA,62,5,4,342.63817296333684,423.93370688993184,14.42126781837497,13.31141531004078,0.9363875898764665,12.225700911929302
SARIMA,62,6,4,293.46093945376833,396.1951465127907,12.547139092314225,11.332980914556558,0.7915302189427587,11.070957263660986
SARIMA,62,7,4,319.3801581396801,424.378634828075,14.085745687242737,12.588833486503937,0.8545194158856254,12.046575876254126
SARIMA,62,8,4,362.1002631004127,438.49760616022485,15.790186025949868,14.442575627300005,0.9573675262439556,13.314679835086332
SARIMA,63,5,7,2290.9451097924775,2411.639135975087,30.032210749026255,25.65595807787231,2.060156781534302,29.082090794552073
SARIMA,63,6,7,434.97929862343443,520.980403492626,5.18272345192407,5.3620079035651536,0.32365921553903115,5.310908988402992
SARIMA,63,7,7,1490.9120631724895,1800.3031061487757,25.247812329942498,21.112370785955807,1.1284117105140956,22.323643715819458
SARIMA,63,8,7,489.6958827892761,555.4611018955534,10.10317805895215,10.828540154309506,0.37558632139782794,9.683541827054137
SARIMA,63,9,7,602.2487801246948,721.8248040894256,14.069579841152171,15.708544433278904,0.443430191843549,13.761602518424324
SARIMA,64,3,3,57.78577764440134,71.04671704548974,3.9978032196610163,3.9141462603711235,0.11694339122431871,3.956770647866585
SARIMA,64,4,3,438.8851694269364,535.660215313295,22.363553594092032,26.120562916887145,0.9316749829802596,24.81056829146338
SARIMA,64,5,3,231.61791547850964,312.9496728448115,11.369446602546084,10.288371328578254,0.5163195556227513,10.860059335529698
SARIMA,64,6,3,653.5917661108265,719.9518255811604,34.49360547990693,28.445732109454408,1.4250610850248775,32.92377295495725
SARIMA,64,7,3,132.3769879790713,176.20959850457845,7.737978382885929,7.241339566788888,0.2988338409963395,7.204865107911197
SARIMA,65,5,3,789.8138247695119,975.6240358882461,35.80846791832433,27.571399242943862,2.1675169771836966,29.93757011379366
SARIMA,65,6,3,313.3747383708156,429.43927451103787,15.14879529183223,13.20412571562471,0.823669750365836,13.263926395963852
SARIMA,65,7,3,310.5227575848822,443.9411008868117,15.421704853650972,13.387543784465814,0.7493558536241469,12.957971307381957
SARIMA,65,8,3,400.6842666065821,475.02936057554814,14.554281377543047,16.03779026802245,0.9693584505749006,15.426178218685086
SARIMA,65,9,3,257.30338099272103,319.44676572987777,9.346404160608996,9.488025952962627,0.6093084927352482,9.461971313873654
SARIMA,66,5,4,828.0802108445633,909.0091823406676,27.496583649613203,23.55058602136754,2.5546026627405602,25.6684799639006
SARIMA,66,6,4,365.0707179504392,404.2158446802437,12.727484620296956,11.79811558688776,1.0381311230129908,12.51890643269846
SARIMA,66,7,4,101.34676287940046,129.00685485404298,3.3784621244079536,3.4485703788709134,0.27673895756187433,3.4622162304596853
SARIMA,66,8,4,339.0518077367046,379.5202933814642,10.064522418475647,10.730868918511314,0.976926297829343,10.312491617540863
SARIMA,66,9,4,38.69254980898333,50.38186491519879,1.0961903478289,1.0861710715220958,0.1113684414295312,1.1037494398759113
SARIMA,67,3,4,242.05888888888907,271.80326759952294,8.717713291351751,8.255065514768672,0.8407857953228907,8.512047399553564
SARIMA,67,4,4,330.0538888888889,359.79225979105706,13.269097042795675,12.284557964984408,1.0955870908539684,12.924050101450282
SARIMA,67,5,4,109.7072222222222,143.02537158373917,4.717802984175328,4.529136285375571,0.3652017761404637,4.551727253637788
SARIMA,67,6,4,318.81833333333316,360.86014192173906,15.894861482278758,14.397663736328361,1.1130101255705482,15.173792920731636
SARIMA,67,7,4,74.89833333333333,81.64181108149587,3.8595881441431543,3.788465475236855,0.26249247960418587,3.817055841185199
SARIMA,68,4,6,927.1392533114736,1123.935573964757,17.368718800989225,17.557120238040714,1.9073495324971417,16.945584118788314
SARIMA,68,5,6,933.0447686010389,1121.9738106308373,20.08545780626828,17.323649835432768,1.6208552778035394,17.932821044338528
SARIMA,68,6,6,1167.1947612787997,1430.670922816858,17.772496282482663,19.890152219106646,1.7352754458766009,18.89457252552677
SARIMA,68,7,6,1693.0726161667146,1840.3979513283323,23.08332190173362,26.395292715970008,2.385723723004057,24.059670959861513
SARIMA,68,8,6,593.7752490002723,691.4139491559595,8.666822156277336,8.329086764877843,0.7768193920879912,8.311580327364355
SARIMA,69,7,4,322.76480951047006,369.80035629727195,10.288076253579732,9.631021887742637,0.994713826256173,9.984475443714274
SARIMA,69,8,4,363.903224245266,410.1655482039128,10.348068206154354,11.054865947192475,1.1261480511094741,10.623446947971145
SARIMA,69,9,4,354.57194378034023,477.196009304692,9.199830957828887,9.968235527053379,1.0842672826238655,9.881858012866344
SARIMA,69,10,4,813.4622486602952,874.8726971134282,18.512854492632304,20.637584289738122,2.557427485516314,18.957641733783678
SARIMA,69,11,4,506.37844105590216,570.0162093036041,10.156580154913726,10.83275051594973,1.462173129246454,10.43610585512624
SARIMA,70,6,3,179.74999999999991,256.2685256176072,8.49525483614439,9.26271135478245,0.5059354800479972,9.291032882589253
SARIMA,70,7,3,551.6277777777777,647.9441329655237,19.997126269861468,23.010971748134324,1.6765628882043762,21.418048080760144
SARIMA,70,8,3,146.66111111111115,164.72976692483698,5.287788206495355,5.120903350794321,0.41638001739097047,5.188186994058909
SARIMA,70,9,3,55.27777777777778,66.93709318789132,1.9403972897278885,1.9475961660185324,0.15324827822864087,1.9558585334402665
SARIMA,70,10,3,103.58333333333316,112.50930578796073,3.717247528806161,3.637067144860378,0.30063583121180526,3.6919987881452023
SARIMA,71,5,0,264.8598355822627,287.52746202768213,36.137525029423585,29.563159218246156,1.1108414252166026,33.4113987889085
SARIMA,71,6,0,211.1185143516468,235.52411946691336,24.718278423324602,29.166431755828988,0.8375085417686438,25.285604130283367
SARIMA,71,7,0,59.0883119507146,74.16996692081133,6.103130927720403,6.282488689174588,0.24157430537795924,6.371068320528665
SARIMA,71,8,0,327.0426236326012,357.71421855339065,32.26247335202394,27.115883412281082,1.4241818834094242,32.213232181631405
SARIMA,71,9,0,25.728933321518056,31.593303251720087,2.4687780620036426,2.503273742472871,0.11543742153338528,2.496397751147995
SARIMA,72,6,9,823.7890246604424,849.5710216779098,8.116041524353482,8.479768648766086,3.4873519224795833,8.156304301592279
SARIMA,72,7,9,1054.0975222222226,1142.5691794450772,11.404544442134688,10.674437355542382,3.34081762881692,11.161415935600804
SARIMA,72,8,9,287.43283111111134,349.8887188556941,3.0552720884856366,3.1013363419212943,0.8527081390221812,3.0912172717710673
SARIMA,72,9,9,425.3355466666669,520.4536811367223,4.198385813249447,4.332100094152979,1.1810193711958759,4.286048960000198
SARIMA,72,10,9,788.7566411111102,809.8857055996327,8.245316691968402,7.899937768594616,1.9896000407033891,8.205837192799045
SARIMA,73,4,2,14.058374971369453,20.510657659998973,0.8178675362753258,0.8136056129748976,0.6468577440814165,0.812361956612039
SARIMA,73,5,2,11.508802981635958,14.339265403306724,0.6613618571544232,0.6623396044523636,0.5314159819496911,0.6629494805089837
SARIMA,73,6,2,16.211347914964083,22.875659129141006,0.9182250782829501,0.9260710411666265,0.7652561748678697,0.9272163657632535
SARIMA,73,7,2,12.80684847679778,15.51762957532405,0.7344332260727802,0.735636573161726,0.5943509790337091,0.7338467277317036
SARIMA,73,8,2,15.126585719943819,20.662715865054995,0.882206055171504,0.8763549142549003,0.7054642883921078,0.8745095325485427
SARIMA,74,5,8,1984.1753766182785,2369.0189006145324,72.29833848888849,39.6510309402349,1.012034430527145,35.01724007309381
SARIMA,74,6,8,3140.2169901495317,3233.619927316863,44.30668069961556,57.31191431905906,1.5461652513535327,45.016692514851854
SARIMA,74,7,8,324.70495484770163,400.09371854495697,5.994575794405297,5.8099282740224165,0.1528589543034815,5.652634814587422
SARIMA,74,8,8,808.1453583953905,1034.4571564950184,19.240704377304404,17.59781290881615,0.3896215754378779,16.826901370111685
SARIMA,74,9,8,891.6189674187975,1043.7296523249574,18.058687378779624,20.20465687821368,0.43782357584827847,19.44537940351101
SARIMA,75,5,0,255.1263990710612,276.78364089037757,23.982185371484967,20.9302361656038,1.8488846061175261,22.99256235774436
SARIMA,75,6,0,232.45682298307824,246.23100024220986,18.560818740285416,20.678763206431817,1.5177436499652925,18.904246281273892
SARIMA,75,7,0,43.95962833295783,51.24169065821577,3.3250472295584665,3.3841746485269253,0.28179229806895756,3.374768760062753
SARIMA,75,8,0,72.11206620792294,82.17293307518479,5.534224460591633,5.367049621464562,0.47159229785204015,5.397422187252115
SARIMA,75,9,0,308.3464636485269,349.05402879742127,17.98802724621915,20.249325595421663,2.1390751570661153,18.84947133441584
SARIMA,76,4,2,187.52622896379526,232.21603721487023,14.097657919294893,15.625073939835588,0.7571092565127858,14.766748827638484
SARIMA,76,5,2,324.52421039216824,369.5113239475833,21.95844879448828,25.423306475365603,1.368588457661625,22.848190926552036
SARIMA,76,6,2,217.6470244284925,250.13072489467572,15.091901859429004,15.666950095202898,0.9448847843932514,14.91893420339904
SARIMA,76,7,2,257.38119208931926,278.27150466866544,17.771341609545132,18.627581358945765,1.1356556825705473,17.53939443118207
SARIMA,76,8,2,152.4375019541901,191.05397847960046,11.899710253109658,10.90700902275592,0.681473740817397,10.921168702474136
SARIMA,77,6,0,244.9999999999999,299.4856702192387,33.308026755841475,26.951810992970827,0.5523037373937114,27.510917030567672
SARIMA,77,7,0,227.14975845410632,282.3017284936863,26.48896318673127,23.336666985840704,0.5202848493949718,22.765565992059656
SARIMA,77,8,0,325.7083036884637,469.721348209388,30.872203418708317,29.061193894235316,0.7584837311678703,29.95784091156028
SARIMA,77,9,0,312.00928646305965,466.10558108995974,25.304569202888526,26.113471056268207,0.752675988572836,27.289441964699098
SARIMA,77,10,0,199.0733128061082,246.57640093328325,22.48467486979852,19.96072301879997,0.4684758378063557,19.548934154445977
SARIMA,78,4,2,708.6700728890072,739.2992589411483,40.562442414014214,33.06061544720522,3.4382206214070443,39.28948428440622
SARIMA,78,5,2,201.10956916666672,229.90911582533607,11.907046239094079,12.547601529852711,0.8086024949453272,12.307622544906156
SARIMA,78,6,2,386.4155490555556,405.8668166112612,29.74297684715619,25.43661446922364,1.5596704546127504,28.670116191186068
SARIMA,78,7,2,120.08365461111109,137.33667293644717,8.661296189377806,8.969136333008267,0.4689891439904959,8.944106798424228
SARIMA,78,8,2,127.87127694444436,162.85829643785806,10.584422552364291,9.708422904388586,0.5167169810534296,9.784006556803794
SARIMA,79,6,1,121.09737214237462,135.37393433040683,9.472613863300197,9.302689571419233,0.5452098469683793,9.587200859967194
SARIMA,79,7,1,72.11095557523461,92.22100932033837,6.09466518779492,6.083944599605727,0.3032025682667615,6.088561081131062
SARIMA,79,8,1,72.39411225955264,90.25301010366013,6.609439062229322,6.39620830641284,0.3200048268507354,6.37131589556464
SARIMA,79,9,1,54.33822848506654,66.40566324368878,4.816418522816985,4.947558226012928,0.2522517794608173,4.927825511902034
SARIMA,79,10,1,60.30088274733141,76.47893667006764,5.820882146767882,5.609159421044906,0.29571407656219445,5.573918763156419
SARIMA,80,5,2,279.3973077876105,296.4633786850619,16.693639702567317,15.220184098044093,1.3411115784665435,16.262655557967456
SARIMA,80,6,2,491.37905555555557,533.3377068348763,22.244687020927856,25.474877295607918,2.3190331125116455,23.02282303142606
SARIMA,80,7,2,84.11798081914033,90.42328860124653,3.5170185904939637,3.5599677660001086,0.3680273350744221,3.5425295225811877
SARIMA,80,8,2,110.85954769574927,134.56770169915129,4.617253461129983,4.4632208415406645,0.4638026954185085,4.45789792765375
SARIMA,80,9,2,305.41035656335185,349.9172831463365,10.078845152053251,10.772367182791657,1.3624847515215173,10.476226801691238
SARIMA,81,6,1,50.287409161180754,55.28865625362879,3.9483400890472726,4.043716729549187,1.0944567858676224,3.97965867180151
SARIMA,81,7,1,99.51248161322131,117.47783511726432,7.261807885309518,7.638791865541644,2.1137175797818415,7.462503308078089
SARIMA,81,8,1,38.550752571209564,44.74804379692059,2.720045155129959,2.7682021346752057,0.8177073247505257,2.748716760870557
SARIMA,81,9,1,91.45367228034914,105.42547125949226,6.858521939861706,6.556624223318991,1.748636181268626,6.733611899399864
SARIMA,81,10,1,43.67334283258832,51.19184178307282,3.2807281139604396,3.218716814188389,0.8367926125226857,3.2253730397841456
SARIMA,82,4,4,537.1486646638402,636.3997062053621,27.61736844578252,23.306218312021475,1.0995659660986077,22.553995030838063
SARIMA,82,5,4,498.79754115595034,550.651050972322,21.43914324852641,20.181987495797397,1.0488638777096844,19.394910419838904
SARIMA,82,6,4,497.34913626024434,596.9734773009704,26.635125974277464,21.961399945196757,1.0651640908265856,20.432259222273228
SARIMA,82,7,4,427.3287949687878,481.42028694850404,15.66929784238853,16.305036585121822,0.9127346958014921,15.675288192761668
SARIMA,82,8,4,581.9554304657867,640.6978460974825,20.619632936394083,21.549804559641874,1.2739544156059621,20.037910721371365
SARIMA,83,3,1,285.5065567985693,357.3593476726481,18.37066419703386,15.980603949999056,1.6284251189747792,16.71368774505446
SARIMA,83,4,1,476.8381607506152,495.4423914261585,34.86524338198179,29.31566479631751,2.7489681924607594,34.23247091689716
SARIMA,83,5,1,71.22639593347338,78.61047519718112,5.12538739698682,5.288937526663653,0.35406452056493093,5.173855268074426
SARIMA,83,6,1,151.0300692660209,198.4109210692047,13.504384740594716,12.03940108734519,0.7962420223464985,12.220480678979907
SARIMA,83,7,1,55.646184515298586,65.7968423114826,5.505074646657217,5.301002264826482,0.309023931016885,5.494418102901784
SARIMA,84,3,8,596.911111111111,702.4479284774225,8.847511780365554,8.322635902669314,0.3909379395970863,8.515218087349062
SARIMA,84,4,8,634.1888888888892,707.2588140136539,10.377634898788969,9.737054045472288,0.46023306369418565,10.099907276987002
SARIMA,84,5,8,303.04444444444465,326.03063250764257,5.182465449331425,5.030264820115342,0.23182314646555194,5.138736851228353
SARIMA,84,6,8,82.53888888888893,109.82630478269857,1.4158231116607578,1.399279886703881,0.06728141221773418,1.3982387668921312
SARIMA,84,7,8,81.60000000000001,109.60065389099344,1.396642172844089,1.3871040295081851,0.07282086658927706,1.3837127364125215
SARIMA,85,5,5,600.1671781004928,695.7463786818788,19.74262960222884,17.31117407302183,1.1805334651456747,18.322297655023622
SARIMA,85,6,5,907.4550060431391,1025.494385447531,20.822135384674823,23.85170941259213,1.5751225034051444,21.90992543183909
SARIMA,85,7,5,139.41409522724967,166.93188906673905,3.0632793049030944,3.0327686861971292,0.2302349653202649,3.027834486798668
SARIMA,85,8,5,581.262864230987,751.6227916917225,10.414622897137521,11.35202874847663,0.9435008614461966,11.259589892462323
SARIMA,85,9,5,632.5175198182842,660.8420999882015,10.385100982064516,11.001630909538324,1.0717609808966326,10.479685201156999
SARIMA,86,5,5,1090.6388655555556,1178.3036711746026,40.88135716291869,32.65228596309755,1.5534023197151337,37.66637811717826
SARIMA,86,6,5,807.4409043074268,869.0910127020993,25.844080273033782,30.38493741010248,1.0280576201834515,26.229254407839182
SARIMA,86,7,5,217.5512956740381,265.9562938248616,6.874060631286628,7.1937654633698,0.2811726008005946,6.956580375586062
SARIMA,86,8,5,514.4468953737913,524.1004115648465,17.012840207376044,15.621671858082411,0.7169936631518574,16.883439254779855
SARIMA,86,9,5,565.6803241825735,622.86301780214,16.10750757291598,17.791734131396495,0.8355807829564804,16.610470480840736
SARIMA,87,4,5,1916.0789324758362,2063.297430320822,58.5972459214103,43.32530144934983,3.319694799410293,55.36722437782204
SARIMA,87,5,5,262.9392152898095,345.87426777253296,7.932797434845659,8.032089494939138,0.4422632556362623,8.07932579318813
SARIMA,87,6,5,552.351954532562,679.6794313987581,16.438795991524614,14.567134082259061,0.9370742378394601,14.806015754493506
SARIMA,87,7,5,937.7682834774233,1177.2432119163916,17.57269739259296,19.982133935796515,1.6444607135612757,19.296516161062343
SARIMA,87,8,5,625.7164912882682,722.9216749262035,10.469244208356274,10.935370445839629,1.038757634325996,10.750635624327968
SARIMA,88,3,9,979.1633096658475,1095.8471035318469,10.424048567267398,11.020428844297264,0.750836743730908,10.940562327579407
SARIMA,88,4,9,1351.522839748404,1648.500148953563,13.372537655699283,14.761009374176856,0.9247729870446263,13.696725225302886
SARIMA,88,5,9,1260.9080946357697,1373.0586089088129,13.94491581671743,12.922230666184806,0.8628997943792795,13.404836737909106
SARIMA,88,6,9,751.7674995703313,870.9549283855247,7.726029844279885,7.994527367743055,0.5522594230505182,7.901397590347903
SARIMA,88,7,9,561.2692528382986,747.7861249037154,5.360611555598221,5.497661763242926,0.41756395494429205,5.4772997641029875
SARIMA,89,4,7,1117.6720208523382,1239.9548349993993,15.144837100796787,14.550268456519532,0.9045906643589067,14.088302783853003
SARIMA,89,5,7,944.3238789536834,1261.7530790064316,13.534498070437307,12.810109836234973,0.7947280169412188,11.080723481855477
SARIMA,89,6,7,998.841340042157,1406.0695208214306,14.384884432259584,12.607855776198662,0.8323677833684642,12.002098879011232
SARIMA,89,7,7,1513.2627538228733,2000.5004706890504,22.900281947214456,19.56679609880921,1.2762456959951942,18.78533073711153
SARIMA,89,8,7,1623.3524055895816,2333.163912342391,18.67659503037083,17.707530251839703,1.390581204043217,18.470507775355543
SARIMA,90,3,1,68.9538888888888,83.86249138387848,5.470361471628033,5.261896008160148,0.42765773831768716,5.303739585732538
SARIMA,90,4,1,108.84555555555556,141.64479089923813,9.341595212077058,8.64083618280223,0.6847077440522039,8.669291498853516
SARIMA,90,5,1,375.59166666666664,441.8165810667992,23.450204187305594,27.692191546291223,2.4553179162225747,25.430040447179625
SARIMA,90,6,1,225.6044444444444,262.678265902944,16.334860801341787,14.725096393042799,1.402211066089184,15.149224833674424
SARIMA,90,7,1,152.50388888888892,171.76210077054577,11.348292772060537,10.814271223536446,0.8705462940772196,11.116321543043771
SARIMA,91,3,5,258.403062031253,305.6905918668199,8.083707007010343,7.831603188182465,0.3458279157683756,7.856743686846383
SARIMA,91,4,5,194.26834497047764,231.41133617205736,5.7829762784245515,5.656779971319909,0.245876444741462,5.639357448874971
SARIMA,91,5,5,405.7571465443629,486.72445708679174,14.512599934097818,13.081430343093958,0.5327186165060511,13.602318020260237
SARIMA,91,6,5,304.59028788535323,419.9286584736827,10.036764354985712,9.60197142056209,0.4139081504152429,9.443797865029305
SARIMA,91,7,5,809.9251543235291,911.9011904834482,18.675471488202255,20.973482608056194,1.137085372236159,19.63497230623626
SARIMA,92,3,7,1831.9869971598973,2142.7685951823037,65.91462457150587,107.15064729619444,0.870051966139677,68.38338171842699
SARIMA,92,4,7,1743.615799012183,1921.9299376928573,65.15046044967202,106.77181484822253,0.8663422425580422,64.63421965941616
SARIMA,92,5,7,846.6859724700716,981.4340535759533,43.818284714079454,32.92410823875471,0.4586892663101442,35.61228246266238
SARIMA,92,6,7,420.1164195566597,578.9684415561537,15.518300641183858,15.758045896210765,0.2411427837801355,16.041168457759092
SARIMA,92,7,7,539.5639238244354,675.0687668663353,22.74625973472275,20.04635722846214,0.32832901937411973,19.68652578108371
SARIMA,93,5,1,82.44603478678167,94.94797662530854,4.8938980017979645,4.738529511966375,0.8551053692978422,4.814980360083923
SARIMA,93,6,1,41.850988564566606,48.58894089120993,2.257421361110134,2.288225618025218,0.4408340579951383,2.2502014878560845
SARIMA,93,7,1,126.1322082362014,146.71647886086512,6.774684426938425,6.476084296365657,1.215055328979331,6.728447273692137
SARIMA,93,8,1,161.75843173328502,179.5666797837398,9.097784951115802,8.613100545225976,1.6478449758841847,8.980304791131369
SARIMA,93,9,1,84.14260550891109,105.59643896430656,4.935287507786531,4.749027116509888,0.873900431060433,4.853873774789473
SARIMA,94,4,6,2768.1134055555553,3246.415832218251,35.70703025847618,44.4815441638002,3.904574560373879,39.25816273663586
SARIMA,94,5,6,1326.96947194232,1572.3593438041635,18.318075206525343,16.820702416681172,1.6688789840655858,15.32953739063531
SARIMA,94,6,6,1565.9389169229996,2206.0205885478517,22.603617016694077,18.094952661278537,1.6659304006400297,14.68990571324402
SARIMA,94,7,6,1424.6850010350588,1795.0939955124745,14.477979342685963,12.852289280287026,1.3121061765390558,11.610703245744746
SARIMA,94,8,6,1988.6116959421863,2277.1800940376584,18.775713850371204,16.293600007959682,1.7316870111714993,15.173998175263714
SARIMA,95,5,8,27.929240985373326,35.86240101985257,0.30633060810515156,0.3065615072133844,0.08674733801790742,0.3076660573664136
SARIMA,95,6,8,122.39468415553256,142.9955291491875,1.3128787647946312,1.301268170159714,0.38480402630255683,1.3193031407866256
SARIMA,95,7,8,65.42895544246919,76.76344053232941,0.6870461158051108,0.6838188857232204,0.21209283215207403,0.6883635501574874
SARIMA,95,8,8,82.97231461530019,107.98473104396,0.8529385672850786,0.8468720419041209,0.2767080574410688,0.8558748785532397
SARIMA,95,9,8,96.81458789677244,116.45110313602004,0.9859983172590009,0.979023731733874,0.3296751006700537,0.9886325422033833
SARIMA,96,4,1,77.03700622717682,93.7697121453328,5.886743334219316,6.000444811431368,0.7028679731945965,5.952869857336279
SARIMA,96,5,1,85.76553420744465,100.30919131535666,6.2614677284464,6.528477499893843,0.8092129362001659,6.410655830560798
SARIMA,96,6,1,59.36254918372927,77.59694689057606,4.615980495341473,4.454333628761653,0.5689347277736724,4.469127319183016
SARIMA,96,7,1,74.00836674973411,92.57908922890212,6.025321527447528,5.824426008332111,0.7354865844845568,5.796181453518289
SARIMA,96,8,1,112.62919355481353,136.45067843233463,9.874193827303351,9.187267959273665,1.1510337735059208,9.408910437532613
SARIMA,97,5,1,123.36447835642139,157.73667907958742,14.57444798248056,12.965464798183893,0.6145865869362238,13.389604346240072
SARIMA,97,6,1,120.74861949676496,136.33932789647076,10.793820990650541,11.553256818363543,0.5540113398888004,11.235738358149908
SARIMA,97,7,1,125.7332799448697,136.59930924183615,10.00126269758123,9.447428400123387,0.582381569914868,9.919158569165687
SARIMA,97,8,1,303.698914511629,324.74814413336577,20.66819118275319,18.53974531570443,1.421791238023017,20.913364865224437
SARIMA,97,9,1,47.47655544806709,52.009385841066425,3.0170794906572462,3.0200095014679222,0.22343035109904283,3.0147610564268876
SARIMA,98,7,4,41.27710382136239,49.34025094988345,1.4686246164882597,1.4784007079168489,0.18891187098881462,1.4785636715650572
SARIMA,98,8,4,107.11814801585108,127.58576447501231,3.597543621220925,3.6410856419864697,0.48105163442636784,3.649725040586681
SARIMA,98,9,4,184.24601825619456,204.47802197003736,5.548413908412302,5.741251003862747,0.8768136113087841,5.654394987635706
SARIMA,98,10,4,120.061183987125,148.09702931837705,3.2368731604411156,3.3088912525277605,0.5472292615683939,3.3349952710197757
SARIMA,98,11,4,78.19438084878158,97.77312802815523,1.9355154004149844,1.949590078263625,0.3463750657488402,1.9590738078739571
SARIMA,99,6,5,2357.777777777778,2790.647077491368,30.995954695693346,39.26949412306678,3.8977184841453982,35.04541701073493
SARIMA,99,7,5,522.0356853203571,629.4592325280797,6.875641659786089,6.543544607381244,0.7084167619856219,6.779195105523718
SARIMA,99,8,5,550.9843400447423,654.4456537051329,7.2649330667449386,6.902644441767067,0.6779834054941992,7.08509652865078
SARIMA,99,9,5,698.6473435614132,778.8624647261489,9.000046220857747,8.513583526999021,0.9140610687676579,8.835559744330386
SARIMA,99,10,5,1118.8286613451774,1610.8376502478723,10.70030474474432,11.868105483599606,1.5387574763385579,12.1692645502527
SARIMA,100,10,2,943.5129660956522,1028.6166280863856,36.57381024494749,46.14381449903815,9.45181678514615,38.94152548095835
SARIMA,100,11,2,491.39986933556327,584.7824613320068,16.63002575644535,14.90627032550348,3.255728043027882,16.79261762532013
SARIMA,100,12,2,155.74196124376368,172.36707289678273,4.946855036621496,4.793958299553037,0.8399548669701995,4.766383714676032
SARIMA,100,13,2,76.20917269937101,95.69417108658176,2.0468803666084505,2.0790302664360176,0.40724152001357683,2.0412521217161808
SARIMA,100,14,2,58.34461842040466,102.95185562250087,1.3588923829663155,1.378141096319614,0.28092009578428007,1.4292135795016652
SARIMA,101,9,9,91.32006055710605,115.252834867613,0.9280388807318386,0.9323519351801663,1.1159274202497684,0.9367761383871367
SARIMA,101,10,9,141.4026903180228,188.74231960482985,1.4840418733530678,1.4766384874045944,1.7233851814263987,1.4433018762365597
SARIMA,101,11,9,166.22222222222334,195.25794904860277,1.7244571384510539,1.713784826541071,1.9865833276095104,1.6740990247478054
SARIMA,101,12,9,86.89154939031283,107.94103372393056,0.9075328362589486,0.9104928650729021,0.9435360024869045,0.8689637696681098
SARIMA,101,13,9,78.6337558238741,89.69654766367496,0.7922582807105154,0.7883360367430167,0.850326797003117,0.7851859521755502
SARIMA,102,9,9,78.12168781724095,95.47969047324935,0.7677244908666616,0.7633268061297683,0.5386464340421119,0.7650530082263821
SARIMA,102,10,9,87.70811523470638,112.67267107194209,0.8638414287728857,0.8578752906881452,0.6279262271531922,0.8565617399977836
SARIMA,102,11,9,131.82189860057173,144.360575075654,1.293272809286708,1.2833050036596003,0.9792098000554764,1.2899476337004492
SARIMA,102,12,9,67.06956394417193,76.6161741300172,0.6566238014413142,0.6538312645348713,0.5227075711730487,0.657501770578772
SARIMA,102,13,9,68.80929452511847,78.77287128506968,0.6775339825866475,0.678262036546783,0.5560233569756136,0.6790725975799972
SARIMA,103,8,3,46.17777777777782,55.114113941490174,2.297455815209077,2.3073163718525453,0.16488820349344696,2.3035523260003234
SARIMA,103,9,3,193.0611111111112,232.68071710202193,10.856162400023527,10.05228613669313,0.7382269467387246,10.32722236916009
SARIMA,103,10,3,155.74999999999994,203.64901314652997,7.76013363592777,8.27914468132232,0.624338087555551,8.221335296170414
SARIMA,103,11,3,119.59444444444443,140.03014953136974,5.452491215944845,5.657307698800704,0.4827155596691496,5.572712940695276
SARIMA,103,12,3,214.5388888888889,257.2034721987849,8.689289451934105,9.252251446026506,0.8563379092835924,9.015396467800487
SARIMA,104,8,7,940.3716786491002,1088.1121364513333,10.60591321433799,11.378584554040106,0.7998240469546085,11.004441134676233
SARIMA,104,9,7,930.2229129961896,1069.454328334497,11.769949951495343,10.916596637419785,0.8113829045049654,11.189432619157554
SARIMA,104,10,7,1785.015792660165,2022.4790320750178,18.04853589562129,20.292773723249407,1.5579351973811422,18.879055989674473
SARIMA,104,11,7,1643.200398226233,1839.445176394302,19.79415888771673,17.533893003580268,1.3710915253481812,18.844629558435617
SARIMA,104,12,7,1131.703441572425,1182.8003913792713,14.52778009281338,13.442094702244287,0.9341034076092233,14.310948431891124
SARIMA,105,9,9,241.6432759229772,268.6635935823127,2.5631278068340118,2.6028689232530846,0.7263825929548413,2.5828853720983314
SARIMA,105,10,9,84.22473663534493,108.54676509462544,0.8966089764584246,0.8931015514773717,0.25408579767087297,0.8923162209748138
SARIMA,105,11,9,115.83279734738092,147.06331802877608,1.198761682307397,1.2081160559748096,0.36119904549183296,1.2100930657300386
SARIMA,105,12,9,188.7578815926275,212.92252244454923,1.9234269035593943,1.9417937985146343,0.61379311147253,1.9326745555559128
SARIMA,105,13,9,200.16698094868642,269.00160355609836,2.091192831892737,2.063001173622794,0.6529334798655668,2.055336940716689
SARIMA,106,8,3,960.3865,1103.081607969515,74.92417416757108,48.65814368350824,3.668886804501093,57.2545868781646
SARIMA,106,9,3,362.5515555555556,404.28626933715617,39.882219867807116,31.276887047173187,1.2701505892049525,35.261540203894576
SARIMA,106,10,3,293.2669426158043,313.15709801316495,45.490709600046,35.891255033590284,0.8980458092257687,42.35090264415686
SARIMA,106,11,3,34.61327777777777,48.656965211156965,5.214245775916396,5.41173864695251,0.10444705066888665,5.49730415138716
SARIMA,106,12,3,63.47933352474534,74.39924595839636,11.525998197383462,10.6245807484754,0.1988113109024418,10.973184095336794
SARIMA,107,9,7,1033.8811687381115,1221.2974319809132,11.433802127187368,12.390362110326372,1.7212228114396972,11.937050055988458
SARIMA,107,10,7,744.5383183363755,904.2151029977418,6.951544839858778,7.318350382897678,1.1378793167027625,7.255922972417303
SARIMA,107,11,7,909.2853757040843,1013.7813789365022,7.539532558660092,7.902648993333258,1.2626947755188402,7.713071047442751
SARIMA,107,12,7,440.97644543232786,577.7598458924608,3.692980987953185,3.589956968259036,0.5641101709106807,3.6261196974791687
SARIMA,107,13,7,736.0830110477776,853.7218668392619,6.3444207600586005,6.0789401165592585,0.9366609009476862,6.2527108064464345
SARIMA,108,9,9,308.47309637911803,420.7593655024803,2.720710660454162,2.780681000946427,0.5357233846646179,2.7863723992212353
SARIMA,108,10,9,616.409662412973,732.0099148213363,5.855802578105044,5.63392474894801,1.1089213249406067,5.711815994313351
SARIMA,108,11,9,875.7185943415161,989.3116453055075,8.730352566077325,8.262784702440795,1.6173633445359805,8.551846604391928
SARIMA,108,12,9,691.1317458846044,779.1084002015679,6.918444332515743,6.663821883280269,1.2345431078531846,6.774620668468937
SARIMA,108,13,9,830.7234353903177,850.4662883339705,8.44169370256743,8.082451849628617,1.5091451606764128,8.404965424084336
SARIMA,109,7,2,36.793164162345,42.294105971193204,1.9061769324611608,1.9291692754857246,0.3697632020174431,1.937965944929566
SARIMA,109,8,2,42.23750687168511,51.98394246138762,2.0142179348826432,2.0444698992054686,0.4183143878906316,2.0612239708490394
SARIMA,109,9,2,28.30279558289764,32.44424387665475,1.2764748949169502,1.2869690322834981,0.2712524355158413,1.279701536191385
SARIMA,109,10,2,65.8005113715973,71.57232563312455,2.807172824533248,2.7618428216815802,0.6001728640599412,2.8257176207431436
SARIMA,109,11,2,15.1632644610597,17.877283245382568,0.6268339417788524,0.6256490430524667,0.1371402537193223,0.6278570981623276
SARIMA,110,7,7,5004.033721242132,5408.062347692461,47.91512599321524,37.36098648988717,6.653260940292473,46.06917438079665
SARIMA,110,8,7,2423.539112602537,2902.6961149177228,16.708872490439074,18.803370951979296,2.640281338258015,17.789328951018526
SARIMA,110,9,7,4580.706521739131,5588.740486142117,22.907995506139965,27.053760213467775,3.961724106232033,25.44653961344889
SARIMA,110,10,7,8106.430443193932,9462.472605987687,62.258318280899914,42.64318945796786,6.099122602296698,50.81513019231425
SARIMA,110,11,7,3299.9234601031258,3556.912445561324,30.292164433475154,25.72333365190313,2.057234442593493,29.369840272748444
SARIMA,111,10,5,217.68281954801222,290.1620260528244,7.8874124919723885,8.3249189296388,0.2735620576960245,8.317628203846631
SARIMA,111,11,5,1095.8648167840063,1251.6968946887291,29.22727720699479,35.458262593535686,1.4581533157068909,31.348065895177484
SARIMA,111,12,5,732.2136893017763,766.0915623143951,16.56538562319065,18.180361241462894,0.9845568196376364,16.798247771219952
SARIMA,111,13,5,340.68429740229743,503.0940939674509,6.70796702363656,7.054038192663967,0.4407174549998764,7.284829893105944
SARIMA,111,14,5,353.680460718021,540.7282888238758,6.783816793997463,7.286845735402752,0.47809608893633665,7.4556525929333555
SARIMA,112,9,9,191.18946166936882,283.72332056885966,2.1646044434367826,2.216542133709823,0.41737133616261096,2.209445560159374
SARIMA,112,10,9,639.527998261255,666.6727232350803,7.169514756143405,7.458365356644957,1.436464085717976,7.200900757342326
SARIMA,112,11,9,333.30107028338233,372.69659302550787,3.5647547319560275,3.645316622593673,0.7695339387936855,3.602173080216681
SARIMA,112,12,9,157.6088528954229,168.21936923720028,1.6395714640452554,1.6549223607940584,0.3693399012063279,1.6454058196799688
SARIMA,112,13,9,155.30683374778195,167.84402916140482,1.576995426842331,1.591579195555585,0.36675277391957667,1.5816970541580808
SARIMA,113,12,9,324.61888610657047,399.333672587532,3.246884304199643,3.1698389831503313,1.0338889180791455,3.1825380990840237
SARIMA,113,13,9,198.33924461244916,208.35351884938444,1.9817170584329178,2.0035642194287155,0.6364857444613442,1.9855986668654533
SARIMA,113,14,9,218.0007396328472,261.49211585393516,2.2217893579580363,2.1870216683651256,0.6884233883142543,2.2057410418163292
SARIMA,113,15,9,132.25845729890827,157.53725490166417,1.3244852091422763,1.3354684153561909,0.4330586654920005,1.3329519772566345
SARIMA,113,16,9,95.32820879387651,115.48837361438315,0.9543265776087575,0.9541658626993533,0.3200401844729857,0.9527527808382994
SARIMA,114,9,4,261.5147109408788,317.8498894000319,8.093413991994316,7.628297198593656,0.8609466948942932,7.782957153875995
SARIMA,114,10,4,247.44676515086817,298.9363551088848,7.969276044848433,7.528523667894755,0.7842353994592031,7.68183790597137
SARIMA,114,11,4,179.6996675954371,201.6951433824777,5.398768252345221,5.476870681710388,0.5744382983384647,5.435824618721249
SARIMA,114,12,4,175.51483404303625,220.16103162468073,4.722993524855987,4.80874556676899,0.5663826127201796,4.803428894293573
SARIMA,114,13,4,163.84876359297368,214.39278196486208,3.944813270456372,4.046477204671506,0.5287893492827784,4.082410449877921
SARIMA,115,8,1,493.2140218582277,633.0401616002034,26.84342580501892,21.864176712754386,3.441028059476007,24.585578491963716
SARIMA,115,9,1,166.57753329353167,190.17144020474439,10.795696328232317,10.069015430421773,1.0668928263889732,10.321499481182684
SARIMA,115,10,1,67.62343530896604,75.47102975717068,4.265068286310018,4.380779752276204,0.37414605601272194,4.307225178915034
SARIMA,115,11,1,70.30755045111977,91.2512792552104,4.0548194191394815,4.1473763410501245,0.39667684106662904,4.184973241138081
SARIMA,115,12,1,57.34862826726016,67.01848954427223,3.140840434995124,3.1386268090331133,0.33787915292082327,3.1376149203972123
SARIMA,116,9,9,191.7356692060634,222.76331206376415,2.034665786609083,2.0070525471894958,2.345868709698981,2.028710348994322
SARIMA,116,10,9,141.87880627152512,161.56996994220134,1.4867116623701444,1.501174151530716,1.7076052463586233,1.4899757951502053
SARIMA,116,11,9,50.60390478490454,64.92015050896212,0.5192931204040635,0.5213983819401556,0.6196396504274025,0.522527699706449
SARIMA,116,12,9,86.54539932817109,121.23196194452144,0.8788974139250024,0.8788906416544698,1.0092441551749105,0.8772481067164544
SARIMA,116,13,9,83.20798351715631,104.54258442552444,0.8361063621310512,0.8360723510129955,0.8978300128826675,0.83430464756507
SARIMA,117,9,8,187.14882199966593,237.84206934006227,2.091854293014283,2.062756274063411,0.984372091308994,2.077020985519266
SARIMA,117,10,8,615.4678916184992,669.1751222116606,6.816666428814474,6.672481083095824,3.008079359264975,6.840558961379288
SARIMA,117,11,8,960.5278609498487,1294.3956210349459,9.531629277717247,10.358670085667708,4.557726964965195,10.22267115462001
SARIMA,117,12,8,578.3319533068848,824.484095187791,5.54824890599281,5.749930294877448,2.544162704644653,5.920847666932429
SARIMA,117,13,8,602.8026994158549,854.1923844347981,5.66669199415509,5.872770777930122,2.5318173705896925,6.05162834470289
SARIMA,118,9,7,1953.9987789383943,2336.8775921646684,19.539987789383947,17.153599919264863,4.1575621555329105,19.539987789383943
SARIMA,118,10,7,490.15783405660073,587.543173794766,4.901578340566007,4.735046697704255,0.8690741738592211,4.901578340566007
SARIMA,118,11,7,247.15044265008905,296.20917011446943,2.47150442650089,2.4284264282592347,0.4706700050467942,2.47150442650089
SARIMA,118,12,7,117.98413614421537,141.37151431376586,1.179841361442154,1.1699353637790284,0.24018309827099266,1.1798413614421537
SARIMA,118,13,7,55.967137623912194,67.05459987554738,0.559671376239122,0.5574325402017541,0.121284183188147,0.5596713762391219
SARIMA,119,8,5,1893.214882656273,1973.4888859611972,24.168659900625077,27.691912886803976,1.9377522937083314,24.541116422629734
SARIMA,119,9,5,406.4383804605013,503.4565053814425,5.961277041751917,5.7119779713308425,0.367710165291554,5.7343376006730065
SARIMA,119,10,5,623.3612306070269,676.373602471772,9.956752769016578,9.398557459842673,0.5868589652284386,9.767345751983617
SARIMA,119,11,5,289.24016210667315,342.7525332038128,5.103208994756609,4.947693989674005,0.27678149528279994,4.9658089282874425
SARIMA,119,12,5,406.1176715662536,483.1968686738319,8.044876218914961,7.600559462089862,0.4018276216146282,7.769604743094427
SARIMA,120,9,8,126.03536914203829,150.21846289530075,1.4280472762441703,1.419670516277898,0.4581660415215991,1.412011579575575
SARIMA,120,10,8,311.061335683196,364.95543032250754,3.1946258774845497,3.265047585091565,1.0972897914092359,3.2558419979517055
SARIMA,120,11,8,241.0142624176537,285.69273895181834,2.337365207560049,2.3760474008260797,0.7891252217727969,2.372966154423896
SARIMA,120,12,8,118.82761167654947,135.8062389303231,1.1344414974821257,1.1390522149965774,0.3650075269493691,1.135060688168527
SARIMA,120,13,8,366.039964188793,431.11103258565674,3.547430480293148,3.461690468644428,1.1034532499410943,3.522173884551958
SARIMA,121,9,8,290.0076219743518,321.23140337853255,3.3037554077908684,3.3391951647456475,0.6425575080672492,3.3355509236666663
SARIMA,121,10,8,128.10091589006566,174.49834620640115,1.3313646251221354,1.3449606136626175,0.25620183178013134,1.3651962617058506
SARIMA,121,11,8,339.6040912796728,372.38131580165674,3.2862595338550045,3.351745151218985,0.6684514918853288,3.3276394355112195
SARIMA,121,12,8,253.09195940193018,268.6206425135087,2.392574594321726,2.4251362114037294,0.47550610554302036,2.3989759185017077
SARIMA,121,13,8,158.6906137883525,175.60254219756345,1.527786418024767,1.5332150416873267,0.29810950218305304,1.5291386767614266
SARIMA,122,9,8,155.81197373794333,171.9576045750855,1.7341977289492154,1.719944219199401,0.3654126963835444,1.7293226829960415
SARIMA,122,10,8,43.632399523842345,54.37225867616397,0.4843651350629866,0.4856441994135553,0.10794820896246884,0.48516381976103423
SARIMA,122,11,8,80.85368557593614,111.66348350355351,0.8866577465294697,0.8931961263975265,0.2111442486899728,0.8947841010555491
SARIMA,122,12,8,302.08088538884505,376.24744542955517,3.1656179259939847,3.241808024798694,0.8276188640790275,3.243144421447698
SARIMA,122,13,8,79.99731578934178,100.57151393327037,0.8267055000620129,0.8217108334355954,0.2241962990274547,0.820578803401044
SARIMA,123,9,0,15.28493028040825,19.914289199581564,1.4305959474382703,1.4479063919175719,0.30100303847542526,1.4458497807480357
SARIMA,123,10,0,29.030074562744403,33.80734903648889,2.6631053960198985,2.7039752888625004,0.5938736883772479,2.688736239734789
SARIMA,123,11,0,26.91240151219343,34.436686381121845,2.5304875219891985,2.478138152412014,0.5600094838344247,2.488197434749749
SARIMA,123,12,0,57.883282475087725,71.44157540351742,5.733768924335669,5.49270771482184,1.2422166588880785,5.551268127027337
SARIMA,123,13,0,33.68464419564336,36.52996373031972,3.3352479672162163,3.401498775938162,0.7237440232361463,3.3536914089080954
SARIMA,124,7,6,868.7458894108917,960.0079140068616,7.946823173089072,7.573726900818853,0.5675180946429064,7.797461024675273
SARIMA,124,8,6,913.9414363707131,1002.1044404475931,9.656015279514502,9.216328472302578,0.6110498045309803,9.188834981180916
SARIMA,124,9,6,300.0383119878145,350.7136022963747,3.995203813454868,3.884005378087349,0.21121287726331303,3.8024751063188797
SARIMA,124,10,6,865.2558731278291,984.6175538009029,14.5884994018312,16.19090815119052,0.586842306327542,13.829956680993583
SARIMA,124,11,6,378.54549775019046,436.71851330859266,7.526764715326722,7.582346862222332,0.25360809384798566,7.3808210103386545
SARIMA,125,10,0,175.0645781936103,221.11044607377994,10.55257536725073,11.513614708436085,1.5022956737723316,10.770891212698452
SARIMA,125,11,0,83.37941841771566,99.79398849691648,4.475297053262447,4.618235937046539,0.7537593643031424,4.637905946660352
SARIMA,125,12,0,33.215528020497686,38.091302897313085,1.5765865067966316,1.592847663142633,0.2956336476721183,1.611252407265612
SARIMA,125,13,0,318.9029834444505,362.2658602834634,13.525779838176014,12.472687329116747,2.629940796946776,13.816410661905595
SARIMA,125,14,0,21.519855637385817,25.893806390416046,0.8472154435185169,0.8523665246089902,0.16686580215183552,0.8546893873469689
SARIMA,126,7,8,1953.5981198496536,2189.062658348736,17.153615089503255,15.471176974795414,2.0246455014748195,16.67011914357435
SARIMA,126,8,8,1349.0180460454071,1627.132029331083,13.461270145729515,12.241435472728616,1.3416970469414442,12.872466547682318
SARIMA,126,9,8,2284.673423992096,2521.3713176879482,22.26741928453455,25.78440230816818,2.23527241347274,22.485689026452878
SARIMA,126,10,8,199.07589440560312,238.64823541555944,1.9407922169300953,1.9565479673738415,0.19655860954618665,1.9528934254768273
SARIMA,126,11,8,539.6206419745884,616.9782442411812,5.870645879739137,5.650607472279519,0.5604647780177401,5.725924222915431
SARIMA,127,9,6,333.2736731666564,385.05679216115476,4.31653932525264,4.196182858552459,0.7762585555123985,4.306479624551195
SARIMA,127,10,6,181.31021194604986,198.1774951739173,2.225809410220331,2.255620336082724,0.44368964252658727,2.2430129312913385
SARIMA,127,11,6,156.03603656916636,185.7086102555823,1.8579707371944538,1.834066281956145,0.3895304212774024,1.8662117330531525
SARIMA,127,12,6,75.4089114495474,89.79926741926448,0.8621163010852648,0.8637022118460249,0.1900549800760951,0.8651117948322838
SARIMA,127,13,6,144.23845867868738,165.8948244681896,1.5247619031331534,1.5381303449720134,0.3708988937451961,1.5481766584474497
SARIMA,128,10,6,820.1547138813705,867.0804804865401,11.391331468652071,12.145533396834749,1.4224818037056564,11.592857170796435
SARIMA,128,11,6,615.6310848990358,723.7208517595541,7.25243308494813,7.620061289403635,0.9941615067293702,7.531525577662826
SARIMA,128,12,6,990.6790956344622,1147.1654251245313,9.81178916084764,10.471230233428818,1.5377618494237548,10.218693878785944
SARIMA,128,13,6,268.27362141675883,298.73831147593864,2.43337383429653,2.470831599560356,0.38892305210018524,2.42657484107003
SARIMA,128,14,6,415.97610970744,507.45458387550264,3.526320765690569,3.4368410689647186,0.5603633271851632,3.559741036184658
SARIMA,129,9,2,181.13034265010361,199.58917122223315,9.027984016184194,8.556882239244906,1.0440370492680089,8.941980790884868
SARIMA,129,10,2,154.91938599126232,188.7936774899903,8.149583889167006,7.67417588692671,0.8724541926772387,7.921094129303169
SARIMA,129,11,2,179.19433333333333,198.7595991786728,8.460040886802608,8.772845328794617,1.0604651735445623,8.606056970931816
SARIMA,129,12,2,197.0166703535307,225.69170703314836,8.01894333264585,8.438013109407976,1.1722503961474644,8.272624884169847
SARIMA,129,13,2,234.36998876791202,282.4787589771478,8.120621564526429,8.568794880884797,1.3312914986628948,8.511680015530915
SARIMA,130,11,4,97.05977315227703,109.44243754868371,3.0399961534401347,3.099577333575022,0.8282710236403877,3.0771117724210306
SARIMA,130,12,4,28.82837124988219,35.11516357673496,0.8788314798498311,0.8759896944711505,0.23773110247140866,0.8699119069757076
SARIMA,130,13,4,57.506142654970546,72.54531218002793,1.604013962087948,1.6244846812584355,0.46738695015059006,1.6370067390807386
SARIMA,130,14,4,37.98550598944202,51.124928827595255,0.999851625509584,1.0088730457609798,0.30003629183521646,1.0205777060629928
SARIMA,130,15,4,82.47319176352852,94.05955583134225,2.0736434159009254,2.1016326804429117,0.6286888087166471,2.0989448502302746
SARIMA,131,12,7,692.019834849691,726.8379667096575,10.306654022322716,10.921855813583749,0.49071936439970465,10.371654477347574
SARIMA,131,13,7,748.606183560283,1103.4247636123798,9.783378639980995,10.825344850107003,0.5612420459861266,10.736981118792903
SARIMA,131,14,7,2421.160936651271,2713.914056862788,25.3691765665357,30.05033470125908,1.8985952079789656,26.73674653970729
SARIMA,131,15,7,1149.9763936828263,1341.8144697702796,13.75103699002288,12.56552486357686,0.8742971212246146,12.921083075087935
SARIMA,131,16,7,727.7416490569562,820.0067379051033,9.43192430442464,8.896465335957803,0.5496822010307545,9.30351539987586
SARIMA,132,9,1,27.172655318713208,30.755050382236558,2.3196809221513157,2.3548113898961236,0.5063227699139107,2.313660339341711
SARIMA,132,10,1,4.557580368260902,5.271822040877935,0.3952907575497047,0.3949787237547695,0.08737609700097825,0.3947855949407904
SARIMA,132,11,1,7.052323738794649,8.687399115297701,0.6214903789798063,0.6222786560642466,0.14072297368695744,0.6231803009244167
SARIMA,132,12,1,8.619973630342606,9.965909591922655,0.7836363443029124,0.7848192866779797,0.1793417332487388,0.7808733032016452
SARIMA,132,13,1,42.148623163242846,48.77425723694257,4.0747636712395146,3.9652274871379394,0.9002618539721773,4.00356315007056
SARIMA,133,9,7,118.9025015528282,125.85392345047795,1.426192113852878,1.4148663187866162,0.45849293657902906,1.4277818732160825
SARIMA,133,10,7,133.43078842601233,145.38134704801632,1.5212823194261655,1.5350250965289276,0.522625428554497,1.5340790697931923
SARIMA,133,11,7,23.157683254514875,25.924717512881887,0.2570542768148469,0.2569668116419902,0.08813291527308811,0.2568161533986001
SARIMA,133,12,7,49.23127485981139,65.19801271022007,0.5264417538724361,0.5279452525728725,0.1842828964364041,0.5268194206507373
SARIMA,133,13,7,149.7688488388207,167.38999337341176,1.5601070863032338,1.5449651876801636,0.554595699833299,1.55738837614025
SARIMA,134,7,2,141.45995474346697,147.40744113502038,6.2820965104278255,6.074692889883437,0.9877673860405254,6.2624400340761515
SARIMA,134,8,2,59.41768965209639,69.38812971437957,2.575717545641255,2.5565117173667886,0.4341570060911346,2.5725702197657188
SARIMA,134,9,2,80.41103434635028,92.28924831127065,3.2730073528124652,3.343796802833892,0.6093062420189204,3.330128558717202
SARIMA,134,10,2,116.70224163763436,149.82713631386824,4.8950843357444045,4.713511678434038,0.9075746635591035,4.789638776781353
SARIMA,134,11,2,217.5270911082002,234.90105403791202,9.536405757125547,9.032480008386662,1.7104912998750645,9.450009725051526
SARIMA,135,10,2,2251.7592986410464,2477.146302536196,101.9992135225789,61.77564368394338,6.870623112737127,87.10903918231172
SARIMA,135,11,2,716.7826176137324,902.4199660930234,37.592418266742314,53.34176173248055,1.9012625453183507,38.25592106467088
SARIMA,135,12,2,508.97690171298825,577.8041196824287,22.011332497945485,25.41161294314609,1.20185315391294,23.033511236607872
SARIMA,135,13,2,233.5488291338774,275.29109135802406,7.484799576313944,7.868378253380295,0.5616954097019687,7.949863608086641
SARIMA,135,14,2,364.29587122686087,384.9921745491788,10.372894744062222,9.814282305317654,0.8439145477327009,10.473485061326638
SARIMA,136,11,9,264.95998297595946,328.6393954902085,2.65674493060666,2.603931077425563,0.8973652491010772,2.614220709491148
SARIMA,136,12,9,226.14251679560272,238.51897634736417,2.252479472416162,2.2809762156535265,0.7750457541593505,2.258276127356214
SARIMA,136,13,9,204.42286847735926,230.26060474404917,2.079392929594135,2.0521886441376056,0.6949338637201623,2.0662224751198686
SARIMA,136,14,9,160.77094583948858,197.72135333664716,1.5993844757453886,1.6175387407528985,0.5624826920729153,1.614454289649421
SARIMA,136,15,9,130.3607166149572,154.2780579341606,1.2761803874763107,1.2875824998633922,0.46537184762925526,1.2826781345868958
SARIMA,137,8,9,287.16908304880053,356.04346615785346,3.9190162339607952,3.816045180985509,0.14357803889582707,3.8473341636367904
SARIMA,137,9,9,202.90959728486183,247.75306838292678,2.792387416001131,2.769696161088055,0.10511580700749013,2.7715746439910793
SARIMA,137,10,9,636.0592472080275,672.6419938198267,8.891459308883423,8.502911936838544,0.3519162232696911,8.86813018217515
SARIMA,137,11,9,154.6832882981995,184.37193109541232,2.1645677619993595,2.174731743455588,0.09068494332088048,2.168509667575768
SARIMA,137,12,9,462.09101941152454,520.1808946508121,7.039351070781274,6.730263365969052,0.28711900173724547,6.899237840296553
SARIMA,138,7,6,1046.9892669811145,1200.6647597688034,12.417790593758093,13.483761477339279,3.731209628906563,13.171056928161626
SARIMA,138,8,6,2065.0038895080766,2545.803025339405,22.91645871660713,19.554501394232084,5.261350677623369,22.836788240117826
SARIMA,138,9,6,836.9059761399126,856.4474473083358,9.549571208162055,9.094328134849167,1.6989795019689926,9.52761812545438
SARIMA,138,10,6,1088.339732303968,1244.9408708604342,12.330973908872975,13.424176982199631,2.246973678194923,12.356419864434297
SARIMA,138,11,6,412.259012644942,437.8626465744877,4.588309342354648,4.7099309106899305,0.8955662838050876,4.604702475649972
SARIMA,139,9,0,3.8380403632595455,6.086880358961072,0.3753003963265736,0.3767063653741442,0.13252901806835446,0.3776359819540386
SARIMA,139,10,0,14.683412772945132,17.937137208476436,1.405871995424099,1.4190805655709384,0.5309626940216767,1.4181543698718269
SARIMA,139,11,0,25.873619841072962,27.288378234428034,2.4930781837093687,2.458909776124342,0.9513968411552611,2.4873165837391227
SARIMA,139,12,0,24.567666583352054,30.11759547702764,2.435826132570861,2.392971059530509,0.9270817578623417,2.4047963374861983
SARIMA,139,13,0,22.809343234749406,24.073414487586,2.2457238782357836,2.2740858441549436,0.8750726526797874,2.2516627082674634
SARIMA,140,9,6,616.3666448182923,692.0143571367436,7.381001667719646,7.1109183127954205,1.7113056069807842,7.437604064335929
SARIMA,140,10,6,706.7982632761519,822.1238803371515,8.495417184030892,8.035766090488726,1.6097698358016648,8.466677806374605
SARIMA,140,11,6,134.58464340633054,163.26494079032597,1.550906886491852,1.564156319295424,0.32001049431115247,1.5750514162737146
SARIMA,140,12,6,407.49087147715767,449.09628312381864,4.589620153899275,4.4649297721818515,1.0107256010181669,4.582725634216476
SARIMA,140,13,6,712.7420268127462,813.3334055172301,7.307076469847209,7.664514338152724,1.771476718579581,7.4726134971776395
SARIMA,141,10,4,1194.4872720556855,1533.4901297429033,29.48490176086938,31.431515956811012,1.948674617689247,31.5225664410333
SARIMA,141,11,4,954.1636508297145,1245.068413648505,25.72100993764365,24.155819563786224,1.473614758866472,24.071526359406587
SARIMA,141,12,4,942.1870211683243,1112.5115837924527,24.767417141376814,23.209416374997975,1.340338315375989,22.788815295206657
SARIMA,141,13,4,1022.519417450611,1339.9908731418705,20.140799611649975,22.34554792358791,1.3786400040863773,21.620662690636323
SARIMA,141,14,4,1062.782266461342,1370.1222424077746,21.78910623254413,21.305543266579875,1.3821221568024877,21.832018127715894
SARIMA,142,7,5,293.1131863038643,349.0469953167207,6.13101438182336,6.400963477054901,1.2597016833293282,6.292371809598134
SARIMA,142,8,5,229.05138887492407,242.25299799298443,4.519768641045692,4.635757070440774,0.9996651346484067,4.559830140471019
SARIMA,142,9,5,119.05250658032583,148.29502007661046,2.1857014296698027,2.2226301787247067,0.48703851599356013,2.226700914660167
SARIMA,142,10,5,135.90378404388443,160.6922696285141,2.474332079642673,2.4319892065262683,0.5458931956569695,2.460526371004617
SARIMA,142,11,5,447.8277777777774,484.6609745539198,7.653127216365515,8.00617487577761,1.7933609020087617,7.747084211590567
SARIMA,143,11,9,667.7968317000596,748.7972237406616,6.664147142100592,6.395177197589469,1.4896624280891562,6.604330037087075
SARIMA,143,12,9,58.55838760651932,77.64542737300565,0.5845576397204368,0.5824608478085096,0.12951236155974022,0.5833121991119848
SARIMA,143,13,9,305.6062712609055,363.0262671042301,3.067770350133856,3.0027154369459876,0.6917093440672537,3.050351776228006
SARIMA,143,14,9,209.4777253267554,215.52004112353532,2.0956340625413614,2.0726756347460906,0.4945844837045628,2.0967108866407895
SARIMA,143,15,9,145.21444746267966,171.03641994706754,1.4419746457143425,1.4276771203040168,0.3568712482201041,1.4389857493851963
SARIMA,144,9,8,475.28468766939415,544.7248334792059,4.653263862486414,4.737445544777708,1.3502405899698697,4.690566576045339
SARIMA,144,10,8,562.3924574058893,650.5739236465799,5.56681240294918,5.4958058122004685,1.5014432778469688,5.486755682008676
SARIMA,144,11,8,849.2259475898015,955.4911986472928,8.94136841192556,8.457638970157856,2.134411597293449,8.776017370890129
SARIMA,144,12,8,254.23298838116838,299.86411415632756,2.5796658395558265,2.556236394660776,0.6124509239592969,2.5909827827318708
SARIMA,144,13,8,370.23272332638106,445.91448836799754,3.744297131803145,3.645741796249149,0.896381501817357,3.7418242671953164
SARIMA,145,10,3,199.49248898135693,238.55727338324903,7.953838221562879,8.4139798601647,1.8018772202770574,8.324108763561851
SARIMA,145,11,3,212.21085911475996,230.2862634768171,7.445612752263813,7.774974850851732,1.8169283608988058,7.606976947389081
SARIMA,145,12,3,70.43697408022837,88.9368922534186,2.251857254705041,2.2189595334394077,0.5218084732656335,2.274161873273125
SARIMA,145,13,3,61.0757231767799,67.8374762639557,1.8584194539111427,1.8391438151093527,0.41083844369071704,1.8461896498336234
SARIMA,145,14,3,115.97997164647833,131.13213158886055,3.179518390917195,3.244538241582574,0.7664308122632278,3.2309408684733802
SARIMA,146,9,7,592.5890269151141,659.6018199176701,6.981181232223989,7.288413397402499,1.8815934048235032,7.121893601255278
SARIMA,146,10,7,1222.3178205238123,1356.1338807349402,12.391322920806944,13.390861104638285,3.221335398159388,12.804875231737672
SARIMA,146,11,7,388.1604005454092,462.14865582526687,3.653829507250952,3.5642336823997582,0.9081973146005782,3.649629499332622
SARIMA,146,12,7,348.3639144634981,418.7160812400633,3.2040973452366983,3.1538197626919944,0.724970496774457,3.1998971531799514
SARIMA,146,13,7,388.10523334751423,483.0243419862832,3.6492354436522607,3.548374591157451,0.8012516026401666,3.6044135904110908
SARIMA,147,7,9,553.4299882240963,604.4168023464711,5.023347001891261,5.1748843661594615,1.0644184045096494,5.116511163209123
SARIMA,147,8,9,337.58236847336707,411.18213804225627,2.915705509047493,2.863078410151805,0.5623873308641166,2.9214842001993366
SARIMA,147,9,9,318.57219730491784,438.5359821110747,2.5463624235569386,2.598692990111501,0.503682075993567,2.6350227193302964
SARIMA,147,10,9,1081.274801432586,1188.028575136366,7.799074210146005,8.174409552952856,1.7849163856694248,7.97001272952764
SARIMA,147,11,9,522.6978546538013,698.3331590605853,3.5910848282772347,3.485791871660488,0.7930513329342161,3.588276472931801
SARIMA,148,12,6,150.43333333333334,174.83979968976047,2.9029394809129263,2.9340776038964154,0.14992817212113807,2.925750886542064
SARIMA,148,13,6,172.91111111111115,183.93860992793827,3.3069366551262283,3.3288085509678593,0.1788729090332481,3.3053884075640347
SARIMA,148,14,6,429.17222222222205,554.3158611197128,7.704935536485598,8.205123950140335,0.4626799444466118,8.084665498024643
SARIMA,148,15,6,961.2555555555555,1053.497754572305,15.028312194176232,16.487936562159163,1.0784178865478107,15.459102077283896
SARIMA,148,16,6,808.8000000000001,968.9911179503489,10.638639084693338,11.484966605504795,0.9073833200129068,11.112943116240729
SARIMA,149,9,6,246.61233044095667,338.3548741832029,4.0425295243123855,4.147137247924915,0.6239337222123457,4.134076099828073
SARIMA,149,10,6,255.94508430737562,292.07981054710314,4.2412976960532855,4.157382815081342,0.6523565394422329,4.2385139729320835
SARIMA,149,11,6,434.0405796508636,477.15126722330973,7.122730727676302,6.905611915525244,1.113023552127429,7.023186819573933
SARIMA,149,12,6,735.6662398712958,847.5976452974359,10.24210563664118,10.971832061889597,1.9417858571952626,10.578499706386827
SARIMA,149,13,6,215.7146366000456,301.4240583851348,2.9207618431489237,2.9100244131510347,0.5185703198025174,2.90117246280787
SARIMA,150,15,0,32.675252032274756,38.974920505561926,3.159978415260313,3.232522684075694,2.1535167887320377,3.1679631609955217
SARIMA,150,16,0,4.192919551891748,4.957355266210366,0.40436884273403934,0.4045194288247526,0.26730504703519115,0.406531386663353
SARIMA,150,17,0,19.60928131787828,21.177004818386404,1.8792025791672016,1.9000032367602528,1.2936477792909589,1.8836764669061545
SARIMA,150,18,0,3.1458735615559967,3.627466134190268,0.2989384047942104,0.2991854460578806,0.21057372843541072,0.2994723225428138
SARIMA,150,19,0,2.807072330449488,3.648488181371763,0.26672637586325054,0.26641019110806147,0.19106320692279968,0.26560046861347775
SARIMA,151,16,7,170.32788618810775,189.43593386665444,2.9651440938479743,2.911994343812551,0.6670581651550999,2.9599648108071515
SARIMA,151,17,7,131.82105045508519,155.00508854995718,2.341390024308907,2.3799455201075346,0.5017558435369718,2.3331388786433824
SARIMA,151,18,7,86.38268128151816,110.42597417364675,1.553007009430381,1.5724286575932542,0.3378671644805677,1.5506085833772059
SARIMA,151,19,7,153.37773985446034,174.0077397213805,2.7544988161600967,2.804301762928461,0.6164333099241485,2.7555087405983376
SARIMA,151,20,7,99.81989378028568,113.22013255393695,1.792835216907435,1.8137857277540952,0.41732828343598405,1.7926350274819338
SARIMA,152,14,3,169.0494067609876,226.01959061500594,8.704183258036277,8.383679076184391,0.3677366351915825,8.289370074034357
SARIMA,152,15,3,248.31468987829325,297.08665143838056,14.222352639063333,13.080821495715146,0.5482807343771882,13.335562313106944
SARIMA,152,16,3,679.1734928582694,780.2292892833249,28.664787483499797,34.74698856749844,1.5408912338915586,30.741430259142867
SARIMA,152,17,3,894.0853773489462,1075.6831528899727,24.150362309922492,28.749438787530895,2.0248530263733153,26.83667293765477
SARIMA,152,18,3,481.8726735191368,616.60615621995,11.134409627418727,11.116373879554537,1.0231038496346792,11.286225557413692
SARIMA,153,13,4,16.94170641402325,20.137597553796255,0.6948627201897277,0.6918634929906922,0.16606227079092098,0.6924403166494517
SARIMA,153,14,4,76.00087122115949,88.28138953790808,3.211489018286815,3.142835523125697,0.7819785867929198,3.175523867179366
SARIMA,153,15,4,47.353337706624544,49.98676745832509,2.0492444332888007,2.026058614400876,0.5037106358826378,2.042559498488478
SARIMA,153,16,4,30.13286190722776,41.59910015404602,1.352837186069191,1.3357472711906695,0.32123415427295193,1.3313488324253795
SARIMA,153,17,4,57.75469157142551,64.58128313072889,2.673385804833299,2.6291740641133567,0.6325758738455333,2.651324785222288
SARIMA,154,13,0,34.01689307469625,40.01934364998367,3.07108385937455,3.006438057685927,0.6829593215159052,3.025815750862485
SARIMA,154,14,0,23.752152049203193,27.476972031201726,2.0641089499788254,2.092834047588284,0.48520933174442327,2.0802780113159667
SARIMA,154,15,0,15.882989979605604,18.10979764709697,1.414777681331119,1.4058734334106855,0.33005932560820406,1.4071655245996006
SARIMA,154,16,0,26.474721936552214,33.04190523396628,2.273055423685079,2.310133226969284,0.5686694449378757,2.306495304476743
SARIMA,154,17,0,30.34685196595679,35.3865393842873,2.513805206248922,2.5563683918094955,0.6644704569314972,2.534419038589627
SARIMA,155,15,6,37.17084312937095,43.77237889481034,0.6394729274618763,0.6367469505282198,0.4359179701384232,0.6371537723347082
SARIMA,155,16,6,35.19579297084546,42.918157317970454,0.6061223460162218,0.6034038875187724,0.42430785961761147,0.6038165015966624
SARIMA,155,17,6,24.16735814847415,31.41159910105149,0.4158144375558343,0.41476277240191817,0.3016321717161157,0.41477159293719934
SARIMA,155,18,6,80.45414472082656,90.80068698691171,1.3664558660770478,1.3783650893667188,1.0363040108823391,1.3729376232222963
SARIMA,155,19,6,52.04836893875391,60.385279941008946,0.8737758490265184,0.8788576570020363,0.6882007646162368,0.8787830793523781
SARIMA,156,14,8,675.5714285714288,799.2029873354995,6.828826285854822,6.539606746968839,1.2629751624677295,6.863625734766448
SARIMA,156,15,8,357.5825825825823,491.21986978743786,3.389292201243263,3.478522654929142,0.668885518481069,3.454718741069444
SARIMA,156,16,8,550.1566951566953,627.7249080272275,4.962496391142227,5.051150746260591,1.0282481363152294,5.037552402492886
SARIMA,156,17,8,630.0,780.8435609433343,5.480470269069317,5.631447649510103,1.1729357450995233,5.522816928846248
SARIMA,156,18,8,655.2713178294572,859.0448156602665,5.281457786494828,5.474235934958109,1.2003692132916781,5.384070717547008
SARIMA,157,20,1,30.396715218222628,43.55748460613328,1.15535194968352,1.142384339186286,0.27847377294057446,1.1514680982836394
SARIMA,157,21,1,136.0742543546704,150.43665752825783,5.2118929272670185,5.050514683732605,1.274136215619395,5.1727894279116065
SARIMA,157,22,1,123.00034232611898,140.29510704451914,4.395150017886118,4.523868639378871,1.1813355748303935,4.464538967158244
SARIMA,157,23,1,102.4902186928814,116.34161682631574,3.7295104799272423,3.6427062827575676,0.9701292969663082,3.7139000786978364
SARIMA,157,24,1,39.235160145969076,73.80846998424653,1.4685263527135037,1.4298163075256343,0.37141113337615367,1.4253909624846703
SARIMA,158,15,5,58.48154211586765,64.29951600475326,1.2010381121886176,1.1923719317842731,0.6379804594458288,1.199758101305696
SARIMA,158,16,5,30.576682420162747,34.84479967969616,0.6264878566340236,0.6257395454052236,0.32926570116512116,0.6250769830356949
SARIMA,158,17,5,33.34737122175031,38.67503802055479,0.6780069545482951,0.6807559784915195,0.3720386993446973,0.6802500929187507
SARIMA,158,18,5,33.77582794496503,42.77143697294128,0.6920789582072002,0.6882434746844805,0.38850484216678455,0.6877431029517767
SARIMA,158,19,5,34.397281069188665,37.93460248680906,0.6934968221321821,0.6941632682457372,0.40913065588902814,0.6953628248488275
SARIMA,159,36,6,3596.366138192456,3836.9608391486317,55.81704377269787,41.97901933827828,5.757956432239928,50.85283456165751
SARIMA,159,37,6,1271.2277747741218,1759.0556215366869,16.5753331243696,19.36193977490439,1.8384261097664363,18.809735730971642
SARIMA,159,38,6,1017.636417645281,1117.0072287171122,11.797803608289085,12.676817418262576,1.4233296756180582,12.091088855850542
SARIMA,159,39,6,1902.1323212605648,2450.5424518910595,33.10441758271463,25.0585868389637,2.5331723839203706,25.71520549680247
SARIMA,159,40,6,2654.2435422378235,2766.4615370540514,51.76331639716394,40.24345173004115,3.519516730408836,47.810664006373386
SARIMA,160,19,0,41.94139526015729,47.08623198878583,4.100905182507688,3.9964349556005447,0.5579346649311938,4.05548693384419
SARIMA,160,20,0,28.728256983314395,36.4617861524533,2.6445736772985553,2.701081908021575,0.39157664998934993,2.68922624642938
SARIMA,160,21,0,23.68624149990531,28.116851358663325,2.205485221302749,2.239897346210514,0.3276213215860441,2.226208636390339
SARIMA,160,22,0,15.94226019316717,19.48784493427119,1.514442372189888,1.4973807541113524,0.22502048567121724,1.5023411644320899
SARIMA,160,23,0,32.88499395778167,35.59545853214994,3.2533803489244164,3.2079562941953124,0.47625768318681866,3.219057178967441
SARIMA,161,16,0,245.69144725300995,267.69101989288276,20.526012051026274,23.413069204551526,3.172906612574468,20.474382059889994
SARIMA,161,17,0,211.82235296972553,222.59507010524158,19.560362350574227,17.628925878795318,2.6762004432516293,19.144226074527566
SARIMA,161,18,0,64.59393323743276,80.86755774944592,5.427181133438735,5.608169725214042,0.7988052732991251,5.654313342348549
SARIMA,161,19,0,82.24413831367525,97.25228816492033,6.232086488522264,6.509770046548857,1.0230360107018053,6.381890992059916
SARIMA,161,20,0,65.5425649251539,72.35494047978553,4.715755123269808,4.856210545921598,0.7851909899910108,4.722559368543804
SARIMA,162,35,7,341.4431211061316,437.0272836409694,2.901825803034292,2.970589994132847,0.90202837346199,2.9755391817527808
SARIMA,162,36,7,661.5073401139215,760.016943238431,5.16642775107528,5.346473604023113,1.7469189326090524,5.272375186880352
SARIMA,162,37,7,328.9050124539893,452.22043483732364,2.625807144360572,2.5612520779249106,0.8283988186807567,2.570351332510662
SARIMA,162,38,7,707.2261737637041,814.8575068384382,5.172920519972007,5.351137403464704,1.7471036982703736,5.282625582100868
SARIMA,162,39,7,654.2693166856543,724.8221858052478,4.953619120103346,4.853824001732532,1.6024461005123358,4.888890240500551
SARIMA,163,35,4,86.78880841840581,90.85710641559658,8.756986183990376,9.196073492832108,0.16517199560423385,8.831554525321987
SARIMA,163,36,4,63.49374650596764,82.09577347364265,6.210760208486773,5.901547607903363,0.12305483439114057,6.1166549917359365
SARIMA,163,37,4,197.69935395001255,221.73903761064255,20.957783127302903,18.482122857628603,0.39137930461138287,20.256110979740143
SARIMA,163,38,4,74.33798506069618,82.63719146140869,8.189724773493197,8.622040418139903,0.1503427800703526,8.22365316294071
SARIMA,163,39,4,48.46155769530688,62.06757996588114,5.429479435010565,5.668868469394872,0.0999690101200604,5.542305979814906
SARIMA,164,15,3,81.99044868225246,92.94157206989175,3.4618605495179615,3.5404713654347733,0.7883014121896945,3.4741715543327314
SARIMA,164,16,3,65.99491092718316,77.36656765752628,2.698832910676556,2.749419399776465,0.6485850128920982,2.7245605428653596
SARIMA,164,17,3,87.83422456335977,103.80503434284489,3.4405449092309888,3.524127765786009,0.8837308483675461,3.490101638279196
SARIMA,164,18,3,40.6757557187811,46.84238489148961,1.5522408020763958,1.5675476900780565,0.4134887697181057,1.5604509866540062
SARIMA,164,19,3,185.79082641360228,220.34666055188234,7.650236556468036,7.25571876290431,1.864814986307532,7.464809989832235
SARIMA,165,15,7,272.10286741671393,363.2425055571107,4.987837140851823,5.217720043250065,0.9735187198470668,5.086034904985308
SARIMA,165,16,7,307.6383492628727,331.23166473912084,5.396075249783923,5.568822868925299,1.1073276992387664,5.440112276973876
SARIMA,165,17,7,372.31100623808294,434.60318112389456,6.508296241024659,6.232807080157543,1.3300683638479291,6.486254464078099
SARIMA,165,18,7,96.01934604487775,116.49869933848022,1.7429306198256562,1.7210768554774651,0.34940749336499943,1.7211195267952593
SARIMA,165,19,7,360.15404346307224,439.39518779735516,6.161751988007196,6.455918658034021,1.3416334400528354,6.293343153417435
SARIMA,166,14,7,520.4758129064727,589.0541865237583,7.985175944031106,7.88448384568036,1.2364244424248785,7.79414694868262
SARIMA,166,15,7,528.5202906501821,580.694473571369,8.139139113682594,8.090331926477381,1.2416032224797928,8.028156313673653
SARIMA,166,16,7,459.073178219307,554.6622992438471,7.547954205990112,7.181668400782261,1.0635952841912657,7.248523866620637
SARIMA,166,17,7,391.2995299207245,440.1165302718348,6.175862300306786,6.0910828003349415,0.8921194101992422,6.1246882944113406
SARIMA,166,18,7,424.7834272362501,487.4989682271343,6.339694741091807,6.439677344991608,0.9918020292031903,6.398411456278244
SARIMA,167,15,1,90.55277777777782,118.9931239610088,4.452207730424792,4.553089699650984,0.4714611459851403,4.591233854487225
SARIMA,167,16,1,196.15666666666675,218.2643208232726,9.26998202220485,8.956463839511171,1.037388386298896,9.170208367313231
SARIMA,167,17,1,998.0233333333332,1182.5725077746583,29.04890576726143,35.962232245276674,5.375794992885954,32.32856310418933
SARIMA,167,18,1,1403.6698438919354,1631.4062734100085,55.83267813311081,40.12456963571486,6.546662207415397,48.807482464242675
SARIMA,167,19,1,61.29154212360259,80.6462272064029,2.544372462067776,2.577626383271634,0.24246375725741082,2.5892218641422526
SARIMA,168,16,8,774.8589744014644,876.247824367077,4.596282214480935,4.730747197307104,0.7409767062114535,4.680356221216899
SARIMA,168,17,8,892.4156441373933,969.9335893878946,4.854177533704209,4.99631607940049,0.7832117319222217,4.9199024791648025
SARIMA,168,18,8,2571.157786554557,3265.4491879861494,15.4378274236273,13.685087729329886,2.2045819505851636,14.54914811630997
SARIMA,168,19,8,1722.5321234012679,1853.582780963379,11.162051632183474,10.476981129515833,1.487315872460321,11.022246079354007
SARIMA,168,20,8,1027.9849397231444,1163.5196041143226,6.820912749718405,6.533358525925097,0.840022465957481,6.74334144133258
SARIMA,169,15,4,29.62432440586531,35.023458122594526,1.0903593833555925,1.0836465251597789,0.6563473071958182,1.0880184437983587
SARIMA,169,16,4,26.601698233507605,31.929918450063717,0.97680080385001,0.9731521543556334,0.5769042990399239,0.9774047115801937
SARIMA,169,17,4,69.69183722466495,73.71594247099534,2.525688786222125,2.5618455543399627,1.544521797952034,2.52862944979635
SARIMA,169,18,4,26.151757571334226,34.531277979118144,0.9612473546583336,0.9535555995037338,0.5742258258216366,0.9540568226267045
SARIMA,169,19,4,129.0029090455624,148.10451959964416,4.492173576993145,4.625940060660386,2.8643738028208756,4.559301713764231
SARIMA,170,16,7,10936.666666666666,13616.26723200354,152.1421288189845,68.52163810282974,6.891557829540864,77.08512804448273
SARIMA,170,17,7,1116.6666666666667,1444.837553344858,15.899055299208046,15.132787595786143,0.4920734437975817,16.026152128847073
SARIMA,170,18,7,273.8888888888889,485.79259406092683,3.7767974864764366,3.970289884018774,0.10107179296468996,4.120351023819473
SARIMA,170,19,7,961.5685557395105,1057.1148631005933,14.86426870694232,13.613184212178231,0.3662859904763937,14.63946037664822
SARIMA,170,20,7,555.0,562.3413356474675,8.012169827716473,8.32658500939812,0.21929689360927013,8.033775633293125
SARIMA,171,15,5,124.67614584524745,143.21455412553146,3.118349918110699,3.18334167373415,1.258667775245336,3.14177603977944
SARIMA,171,16,5,48.009017353039354,64.72071085877502,1.1922198625621736,1.2022298589667828,0.4873800460135015,1.205920056314134
SARIMA,171,17,5,205.20831009112777,233.87777459420946,5.479432954355104,5.288673847068467,2.119279776759758,5.393122472828588
SARIMA,171,18,5,105.17236626123824,120.16677575653827,2.9049805120675294,2.8505358330520054,1.0599402537265417,2.8814346920887193
SARIMA,171,19,5,89.64922936451482,95.19818830888698,2.507018614733671,2.4720384698802547,0.8706939542596763,2.5049458686141985
SARIMA,172,15,9,399.1472222222225,426.68804645001893,4.985612857189647,4.846601092235447,0.806490568322844,4.949108493669417
SARIMA,172,16,9,163.45833333333337,191.71329822593603,2.053526110260834,2.024849338243141,0.3309030586423626,2.03663682783457
SARIMA,172,17,9,432.4994444444444,465.2869350734017,5.224570138530515,5.386145560893876,0.9073914811726225,5.266201946014629
SARIMA,172,18,9,180.41999999999976,211.45902765731648,2.219012080887362,2.195041327944046,0.3891178909083974,2.1914771031819433
SARIMA,172,19,9,564.3370356428776,607.5773979874555,6.505410691264812,6.757360582825845,1.2362805734316145,6.577766157590405
SARIMA,173,14,0,79.75286907113345,109.88206092030444,7.892769462211343,7.5426550765256115,0.5381781010584198,7.539661992018918
SARIMA,173,15,0,60.114653109241395,76.95027987413442,5.668474084681533,5.657686544069945,0.41861521299409005,5.680124703235407
SARIMA,173,16,0,100.7291849540063,118.69975165853448,8.767341675394604,9.251206629714858,0.7142614933102265,9.03400761919339
SARIMA,173,17,0,95.68998382590219,125.7604178310635,9.923456894526534,9.203913415591227,0.6827069611708799,9.108512474173661
SARIMA,173,18,0,89.81698084275737,114.7932654035422,8.066550014411796,8.300679977242932,0.6444043675592714,8.342134443599756
SARIMA,174,16,7,1710.770156622813,2406.9969796719006,12.599986764330712,14.168955310303065,1.2937079995131089,14.321394669896117
SARIMA,174,17,7,2660.0741434505553,3040.132458059697,19.635703242210067,22.361542930829753,2.0464655679125685,20.69455105447641
SARIMA,174,18,7,2914.455296144007,3282.5611866247605,33.51031333790341,27.271836644335213,2.138924413803369,30.19432579624841
SARIMA,174,19,7,2439.3611111111104,2627.468342868811,37.74484804827649,30.693903006873093,1.685663069319423,35.13947832377921
SARIMA,174,20,7,2043.8944444444448,2212.1280045090825,46.078775395428245,35.6573725743562,1.3508461700596124,41.62543545925324
SARIMA,175,20,3,315.87299330930074,384.9035553524655,21.118239498007608,18.704807339490912,1.2779641467957463,18.46909869305683
SARIMA,175,21,3,583.7531282882788,743.2688819906372,22.882795812008798,26.969005711215456,2.258443890746157,25.25902849883212
SARIMA,175,22,3,883.6499675041837,1055.0530803878478,25.778627321944313,30.869631843591716,3.2649744396444933,28.423362449529186
SARIMA,175,23,3,227.58260733888858,265.1769579923422,6.525124841475996,6.395964663140168,0.7855367936047394,6.3092947877034415
SARIMA,175,24,3,389.7349245805535,467.52330275850824,9.524899387188166,10.177825819985133,1.288597296168797,9.870327459706688
SARIMA,176,15,5,208.35406399980198,232.3491239687901,4.671885186898961,4.538132512021615,1.5086302090005232,4.613005107006686
SARIMA,176,16,5,81.26303021886412,101.1202385702989,1.8438848409142066,1.8612512842225717,0.5617592044671847,1.850625688182634
SARIMA,176,17,5,219.38615233317648,230.3078252267827,4.917562289352634,5.054333935748801,1.4838876401969046,4.927565188416741
SARIMA,176,18,5,132.99130317533775,154.3760920083958,3.0345108491203474,2.973550557447927,0.9231034764389867,3.0133981082025163
SARIMA,176,19,5,90.38838982204278,99.82547519326802,2.0992126988073934,2.0725216231166264,0.6456313558717341,2.088563564565815
SARIMA,177,16,1,237.2586909131141,286.39556118081276,11.560636588520696,12.221134727642733,1.0699088601983913,12.10867334413416
SARIMA,177,17,1,421.0786362548413,496.9440456910753,25.26809899392097,21.27820832386263,1.8918695542828046,22.934913238784002
SARIMA,177,18,1,350.1303729363452,367.00288107601716,23.63907564489049,20.889757577830274,1.5508532734782159,23.061781510072834
SARIMA,177,19,1,182.42111424093048,229.95209527547877,10.62007117720678,11.471098272602813,0.7725767749508055,11.310014832814081
SARIMA,177,20,1,272.99764516232426,304.4400678538108,18.210665738518415,16.54705100329697,1.166439181879104,17.515693016196405
SARIMA,178,15,8,167.00463573494622,172.74481752224065,1.9126710583565336,1.8932669120060184,1.1341397715863586,1.9108081891870279
SARIMA,178,16,8,50.003388897743406,58.30300154324272,0.5669799032255703,0.568157187291656,0.33545851496765927,0.5670747228826748
SARIMA,178,17,8,93.0183692518836,102.06827714348513,1.0426041887983415,1.0492167145170634,0.6449413426145255,1.0415094840345263
SARIMA,178,18,8,98.20393986913385,112.78141413987534,1.079229268146217,1.0865766686496692,0.6832960217431643,1.083330831430048
SARIMA,178,19,8,140.78079481340754,168.49662178968032,1.5005150764667998,1.5165571328130845,0.9908971480610019,1.5139528657195218
SARIMA,179,16,8,2190.908975577111,2570.937946217423,11.575746646830641,10.744776494707413,2.557264425769759,11.93590865656823
SARIMA,179,17,8,3463.1201838120946,4705.08569935707,24.014506378636924,19.32258604611566,3.6636530639162936,20.022343699067463
SARIMA,179,18,8,3017.7433934049227,3434.6316661809533,20.016651999444836,17.574233386949995,3.1653750116823396,18.39283682987062
SARIMA,179,19,8,2972.22353955892,3281.4869640445427,15.553481754485658,17.18082278914652,2.764306721416249,15.371582327589984
SARIMA,179,20,8,1047.1425386407977,1207.7276051244978,5.215914321388808,5.0827882845617385,0.8861413409616756,5.2598055246209325
SARIMA,180,16,6,1658.061111111111,2407.0556088069275,18.72257023876124,22.27613459044132,1.3620087248866384,22.846017059629087
SARIMA,180,17,6,2789.2345856744614,3093.2988652523645,30.87702472758762,37.58693017433891,2.3145012191483554,32.677513915277004
SARIMA,180,18,6,2815.333259804419,3148.0041188747246,50.84051196790761,37.729054855138905,2.1883682894820904,45.130257272110754
SARIMA,180,19,6,1962.0849284860876,2102.3854584402866,49.50413268809926,38.13361813073494,1.4596613742421,45.35994933605647
SARIMA,180,20,6,1372.3,1476.40523344146,50.83385331793355,38.50436685171571,0.9974143783451094,45.688507124783584
SARIMA,181,29,8,3108.891867670152,3514.5154945408563,37.062277469911145,29.628758254364822,2.6830445416936475,33.02062525406428
SARIMA,181,30,8,1192.1501650903313,1262.4838425404248,15.447320659162619,14.20332911935123,1.0064141757834335,15.218938277748912
SARIMA,181,31,8,1163.0417839351862,1334.1348819336188,15.88458747924078,14.33226435001922,0.9522571365975142,15.34468380182757
SARIMA,181,32,8,565.9615315560877,705.0156564770552,7.057303289992661,7.428003827256094,0.4714409425761979,7.3586445882762055
SARIMA,181,33,8,1350.213839595204,1491.409656628466,14.571056638742105,15.941763515077717,1.1442932969751545,15.053483501216272
SARIMA,182,43,0,90.44386972033594,98.02955804335257,4.991492696801054,4.888796576626535,0.8878121084342943,4.9662598912969305
SARIMA,182,44,0,381.49897178414056,429.9176024719795,17.012817075965867,19.008309531620345,3.693995174154622,17.83214701008733
SARIMA,182,45,0,132.40359807135619,155.1839217134269,5.3552298038931045,5.38663328053921,1.2327845088233396,5.453195966695065
SARIMA,182,46,0,223.03474609832585,241.56159739852427,8.594042708494989,9.020686319572215,2.0149757286408243,8.751227094866191
SARIMA,182,47,0,299.5391078222929,326.15023951568236,13.26972052560328,12.28542903519931,2.6178730489379642,12.92819551804645
SARIMA,183,12,6,1369.6110710601877,1680.6129621873897,12.383926348163726,13.580567757818388,2.540931913841468,13.204336472342678
SARIMA,183,13,6,1388.8952138481425,1619.1397176265446,12.98803547203736,12.306013567414425,2.2904522834908385,12.398995809538683
SARIMA,183,14,6,2281.215737537592,2652.9261703920643,22.892473315085038,20.42370341560236,3.523730133461092,20.81781212987866
SARIMA,183,15,6,3410.0735188476765,3687.450998741319,38.56327225384268,31.4681758679084,4.717646048598175,37.72486672694127
SARIMA,183,16,6,964.2071569389421,1233.743795052026,10.492500193663213,10.676397527251943,1.1625200635262336,10.747556914392945
SARIMA,184,16,5,516.5913993381696,641.638814606882,12.81863363226385,14.18946453607253,3.2334739108407957,13.735130940108839
SARIMA,184,17,5,190.70875751194612,230.79919627246966,4.324909843874695,4.193924568529431,1.1375308475488557,4.410945152796176
SARIMA,184,18,5,66.86301576666993,75.90928985227077,1.4305000000438368,1.4175486851301882,0.3487295724091815,1.4443084453336232
SARIMA,184,19,5,193.6851001810743,227.12947501484678,3.813733042532039,3.914604502118556,0.9834408210561939,3.892930050235164
SARIMA,184,20,5,209.15287720301643,300.63645619591614,3.573870377506737,3.706584372994709,1.0355237174223606,3.7891138974580016
SARIMA,185,21,3,229.46583988396367,258.06943537685055,6.983253611995556,6.688324896760828,2.6348600580333277,6.968879376927814
SARIMA,185,22,3,110.46745530126503,130.9620605998938,3.406763532687665,3.3320669086139594,1.2353106754197887,3.3791856217779017
SARIMA,185,23,3,173.67445496212653,184.36203598587954,5.386878867603788,5.555142551685954,1.967596874771322,5.38071255842317
SARIMA,185,24,3,102.12673924724852,122.37634151698788,3.1489657492337857,3.221602380732641,1.1761647222583937,3.1701610817087853
SARIMA,185,25,3,48.97389599914651,59.814257122817686,1.4695261197266651,1.4789988489409969,0.5698126295062974,1.477490828614637
SARIMA,186,13,0,34.01689307469625,40.01934364998367,3.07108385937455,3.006438057685927,0.6829593215159052,3.025815750862485
SARIMA,186,14,0,23.752152049203193,27.476972031201726,2.0641089499788254,2.092834047588284,0.48520933174442327,2.0802780113159667
SARIMA,186,15,0,15.882989979605604,18.10979764709697,1.414777681331119,1.4058734334106855,0.33005932560820406,1.4071655245996006
SARIMA,186,16,0,26.474721936552214,33.04190523396628,2.273055423685079,2.310133226969284,0.5686694449378757,2.306495304476743
SARIMA,186,17,0,30.34685196595679,35.3865393842873,2.513805206248922,2.5563683918094955,0.6644704569314972,2.534419038589627
SARIMA,187,15,4,110.44161313857646,134.8875032767888,2.789402388271095,2.7327999301455517,0.7693140293932844,2.794025349956959
SARIMA,187,16,4,62.84078982694528,82.45997964485704,1.6123911738655774,1.5905618755343174,0.44790572097183057,1.59494390423719
SARIMA,187,17,4,95.1088798843814,105.15211219410436,2.3457544683144054,2.368749761253519,0.7057853529881697,2.3593713312002
SARIMA,187,18,4,96.15506871296202,115.28195017808116,2.1936018556810017,2.224985793893296,0.7194897832930452,2.237031455129012
SARIMA,187,19,4,98.24661509905587,111.83094046556886,2.1790449192815564,2.14891129690951,0.7098363948821269,2.179222516060389
SARIMA,188,14,2,66.06769589237483,77.20257407188487,3.390136663682957,3.3130781038621797,1.1627834743334013,3.3718521252736013
SARIMA,188,15,2,73.23262562432684,77.08836294743392,3.795532604957637,3.7172839076675848,1.3385182684505648,3.7849904275681676
SARIMA,188,16,2,46.08111428933619,56.78119338537879,2.2901310366765935,2.3294628214512767,0.8588731595648411,2.3254759316595406
SARIMA,188,17,2,56.16177359367077,67.92743046781322,2.6390998278274944,2.690465272542356,1.0629906905419677,2.682438776653781
SARIMA,188,18,2,92.91188630490953,100.95116112892035,4.16849872534535,4.272352992378084,1.6753282454129503,4.199228039200766
SARIMA,189,20,4,789.4918100105047,905.3630157584854,16.544619552016496,14.906780295286845,3.9267911783981355,16.005718846229552
SARIMA,189,21,4,126.6050976324319,139.42621141870433,2.694051561522578,2.6755497728293958,0.5999962071589175,2.6752773884744023
SARIMA,189,22,4,193.75011359211896,261.4764060997795,3.7854453009140006,3.918097354394381,0.8901010100099678,3.9061290423420902
SARIMA,189,23,4,256.9543524800405,271.49290959058476,4.762280020087051,4.891168068705186,1.1881493465210455,4.798905888161966
SARIMA,189,24,4,199.04047612342993,238.48604626144888,3.6919961976657047,3.598392556228226,0.8871227867361268,3.667541982253565
SARIMA,190,13,0,274.78589905658544,300.2619435784341,28.30863799902238,24.033328471026806,2.153051365777757,25.882502265926416
SARIMA,190,14,0,156.53263668357062,193.9641291390095,16.337056178551798,14.36215934873335,1.1773586570039336,14.915762097958027
SARIMA,190,15,0,122.24910216969722,152.24129118056896,11.50079664077062,11.162062922858906,0.9171781237469679,11.348549969337546
SARIMA,190,16,0,185.12340833720677,208.32718706365057,20.207550178186796,17.801107599687676,1.3725880085838527,18.89014370787824
SARIMA,190,17,0,105.48440408476625,132.99735772503016,12.07365881420413,11.18039323581236,0.7697764285034856,11.208496301805152
SARIMA,191,24,8,1874.1061341598038,2258.0879139695185,62.634603218933904,36.469026211643154,1.2863308809932303,31.806440142255767
SARIMA,191,25,8,1253.819055690109,1584.7202414706571,37.655385949445694,25.23026004251517,0.8623378454852939,22.312153240160125
SARIMA,191,26,8,1096.7486826667046,1413.9469680495176,32.65191455301151,20.94933118014531,0.7436438806796021,17.577665646870877
SARIMA,191,27,8,1154.7222425344762,1689.2835934708141,40.39060565659718,21.6188622082877,0.7865047748536675,18.720166050275214
SARIMA,191,28,8,831.8151176074916,1112.1967593054892,16.857043103302015,14.538966794745283,0.5728295034717287,13.290140348779381
SARIMA,192,15,8,167.5732488036665,188.7246826677574,1.9860774935233527,1.9613896162532705,0.6394166592370912,1.9637490094179668
SARIMA,192,16,8,468.7928215172146,540.7710158844546,5.2106149900201535,5.394861190656956,1.7793596145178947,5.281180865759083
SARIMA,192,17,8,393.9844062106132,437.4557575002026,4.1895577253200225,4.299359767820497,1.4917679533293957,4.222266796731982
SARIMA,192,18,8,143.33796326916521,161.0631908754758,1.4785502374536712,1.4922945761246558,0.5220383190774227,1.4859663300379968
SARIMA,192,19,8,68.32574399779111,92.41170203720972,0.6898964155760609,0.6856096470118337,0.24551438487361724,0.6889605019103915
SARIMA,193,19,2,166.78222222222212,184.99938825724675,8.382480578815775,8.82979749167917,0.6362014852782544,8.53685793989097
SARIMA,193,20,2,75.69666666666656,76.85617787645806,3.6716965760074376,3.742432133965077,0.29343503769237916,3.675743395591175
SARIMA,193,21,2,19.38666666666677,20.07687669379332,0.9346527482372681,0.939357013687827,0.07649947729133201,0.9352813000024172
SARIMA,193,22,2,14.72944444444449,15.377976495986461,0.7097463012250729,0.7121385405804685,0.06032824424211357,0.7103200150674777
SARIMA,193,23,2,48.53000000000012,59.306191076480495,2.4253066184154046,2.381987254153579,0.20632314459053785,2.394473911434569
SARIMA,194,15,6,54.89100359139674,67.79607040325625,1.1896136146139127,1.200438976089692,0.3256929786794087,1.19708502204483
SARIMA,194,16,6,56.719036217575045,68.57217975536767,1.2133455189483258,1.222335643301866,0.3521519402189647,1.2207997846636345
SARIMA,194,17,6,84.32108562938043,96.8572471929231,1.7750965779681396,1.7959518669320051,0.5413944528064829,1.7870526319041675
SARIMA,194,18,6,86.62671794215137,103.43412440907568,1.7841292478231143,1.8064026260868782,0.569128933768145,1.800513755985687
SARIMA,194,19,6,99.87865368874594,116.27502818252569,2.009555516752047,2.036193701958413,0.67060991460377,2.0265756226862512
SARIMA,195,43,6,346.8454733802885,447.66475781738137,3.443413685021368,3.3471192001094385,1.2529133811113875,3.373550110659438
SARIMA,195,44,6,965.7040092196135,1121.5121810605694,9.739601639374804,9.135452782611754,3.4590294884333255,9.487830864772606
SARIMA,195,45,6,2472.706705193852,2587.4528975028975,24.857320304153895,21.923713622204335,8.791722801211591,24.989448715682208
SARIMA,195,46,6,823.7715447109036,904.3811539519012,7.651539391754469,8.016425090900935,2.854234969755917,7.7637390040625585
SARIMA,195,47,6,641.302246911029,681.0843860571399,5.567025188221868,5.745203907908861,2.1711416357505953,5.616674257256142
SARIMA,196,15,5,203.51620789033345,226.75690078475623,5.789746050575111,5.5877480546580385,1.672116882000519,5.706950836619415
SARIMA,196,16,5,21.680130979510547,28.81953377098899,0.619801281254973,0.6226900384519308,0.17156410717637702,0.623489946686675
SARIMA,196,17,5,38.1983649231271,42.346521930127885,1.1073936441175583,1.1149666454078495,0.30420193496566095,1.1088059484216866
SARIMA,196,18,5,34.88377839531914,41.72585576886259,1.0289863679753868,1.0214784488305033,0.28689878310463307,1.022484955407498
SARIMA,196,19,5,31.187143882679923,36.57760464711231,0.9276405285672149,0.9230654014419452,0.2663038851462232,0.9234554859158391
SARIMA,197,15,3,1178.643015613162,1301.2794748579254,67.01167732155476,46.35971639656942,2.2758693675192765,56.713093462564544
SARIMA,197,16,3,674.05955787268,723.4144325686057,42.57792986852882,34.10776224089276,1.2891856993931852,37.82766438773435
SARIMA,197,17,3,393.3434685111246,496.7277804328469,29.50146557369316,23.81798506804692,0.7368108338992528,23.907016370482495
SARIMA,197,18,3,386.615493051585,454.28076451230424,31.621970529387134,26.10450254626679,0.73256833269665,26.503406195338176
SARIMA,197,19,3,228.40829318253043,286.59006300386176,19.644075427418812,16.823316638354996,0.43169754520159725,16.958912994619265
SARIMA,198,14,5,404.70520163333344,467.83287195512906,8.50449563366294,8.45285714948528,1.02834068187139,8.382446223823099
SARIMA,198,15,5,293.869603118986,360.00810810464395,6.173547228292061,6.276683928158272,0.7469282733109402,6.152673601252482
SARIMA,198,16,5,348.0126069929676,407.41713147540617,7.913389655030374,7.724488761107061,0.8834272149525448,7.458592423228383
SARIMA,198,17,5,314.7083263496461,413.9300995479405,6.562244107851596,6.663965785522297,0.7992517198350091,6.688097273269575
SARIMA,198,18,5,451.15505511324073,580.7848175461172,10.780750468347117,10.108118813830583,1.1428634556674966,10.129148802989807
SARIMA,199,25,8,224.48994932067592,283.1107881835371,1.7132537411746893,1.70547438643614,0.230066919444269,1.7018826367651605
SARIMA,199,26,8,250.07291079224828,346.43750893149576,1.8425953300103406,1.8404601948484158,0.26045659416351874,1.8373491085374962
SARIMA,199,27,8,1283.1816828824667,1471.9348311531026,10.271439060322827,9.61725649933032,1.3494573687872808,10.013756578811682
SARIMA,199,28,8,336.40210335976167,372.00110053328666,2.6892578367436992,2.645627296717313,0.35610218494852086,2.6688000922366792
SARIMA,199,29,8,226.4959520455941,307.1754309538509,1.7115702759828326,1.7132497986539443,0.2416400282904068,1.7222564272407346
LightGBM,0,0,1,64.96942053952746,75.69089799946877,6.726544991795263,6.43005234548803,0.21968566642461584,6.526310450982166
LightGBM,1,0,1,453.5604671092718,492.36960423332715,27.564361293749013,32.60090906147581,3.336795602893216,28.630465219789482
LightGBM,2,0,2,349.5003193557299,371.7179228283219,18.051951916334612,20.077621147072435,2.243330959284029,18.329737641011754
LightGBM,3,0,4,861.5057632003213,1068.9577876422604,37.351931620431266,28.736312139940424,0.5052550826861323,32.59191699300915
LightGBM,4,0,1,645.9257127365364,724.2120848255464,56.0782189329959,40.35482026382209,1.922694735421499,46.11474323300116
LightGBM,5,0,9,4218.680126865774,4615.597690776365,24.74553960723402,28.882897869229275,1.7825408986756792,25.56431533920816
LightGBM,6,0,7,1736.4590450725832,1975.705116828762,17.30538247005338,19.40935572057928,1.6512354394215003,17.95558666458326
LightGBM,7,0,2,213.72731949928243,228.97893364062767,10.866631452373692,11.577982881681967,1.49447720111777,11.015432120592152
LightGBM,8,0,9,3308.8312623193997,3391.306573829917,32.33427491459759,38.773580735021774,3.2682803761706163,32.76070556751881
LightGBM,9,0,4,1226.5510007760945,1347.2030985128733,37.553749265130115,47.67000488739249,3.924265555273676,39.64004239796341
LightGBM,10,0,2,308.55848220996853,323.0264966646007,14.955550799986343,16.26958700495857,1.779448202131561,15.12995979913028
LightGBM,11,0,7,1014.8086755913153,1326.7549826532806,20.022221035759237,16.949125426665915,1.0316167942653907,17.066214034849622
LightGBM,12,0,7,299.9748476685737,322.7822265614773,4.504689077200906,4.389576999604907,0.7121653781672745,4.474591106613027
LightGBM,13,0,2,118.00892451569942,150.71012429342144,7.736724034382085,8.24176704313286,0.9008537446252353,8.01975498352391
LightGBM,14,0,2,96.19943944729499,132.16665781928293,6.781238630353833,6.503017710847818,1.1237261731604424,6.012578327609822
LightGBM,15,0,3,600.4668249259724,613.2286133449545,19.608822724122756,21.836867763406197,1.575496748184642,19.68449675762
LightGBM,16,0,5,637.8438812407088,792.9584680754602,17.422958964560348,19.955879146990984,2.533569046163802,18.855733055343162
LightGBM,17,0,3,309.674732804255,329.42074484117285,11.084285938203225,11.818365120178605,0.8792477832817281,11.210508704261834
LightGBM,18,0,7,1074.0161366470236,1254.0517508575986,15.937900643606412,14.315308347969449,0.8005089217244896,14.837437226308522
LightGBM,19,0,0,19.030406166586506,28.80362389380436,1.665971836899498,1.6956927622863847,0.3303252757941727,1.7108546149163777
LightGBM,20,0,9,1370.0495111864282,1476.1784018645046,11.743525705548878,12.590077251522777,0.7623727045565342,11.90260489986413
LightGBM,21,0,1,115.08482345475699,132.28394312565348,9.005688034856599,9.54920281725319,1.2363254274121256,9.27160075274499
LightGBM,22,0,0,135.31651144232234,172.27937611782642,10.636348700265797,11.54941501987329,0.9344106928242207,11.216657637401806
LightGBM,23,0,3,477.9693657387367,510.8181057982715,20.6564182589519,23.33294758232193,3.2307264424136233,21.13907773800442
LightGBM,24,0,5,422.59580206813195,485.2631598363518,7.918104682743237,8.054853498302922,0.5890559635087049,8.032867839885666
LightGBM,25,0,6,665.50757430139,746.1835678327253,10.572170538922384,10.134067413154044,0.4454314453678119,10.22285060370799
LightGBM,26,0,8,1262.3870855828181,1548.5110668220887,11.837382696488689,12.300293463557349,0.867729811132018,12.027284080730087
LightGBM,27,0,8,2827.7061920763877,3090.792102896902,59.1579327443007,42.81779376857318,0.8242897006330392,50.09715694623521
LightGBM,28,0,1,84.63823825318941,98.9318697428148,7.047089394006674,7.256126767700629,1.7804693672272023,7.194749886929914
LightGBM,29,0,3,202.0404496653868,230.47967764458724,8.401616359250049,8.87473723515154,0.7239443215316024,8.569354207119275
LightGBM,30,0,0,93.52102058543817,106.56841540627738,6.908022303816848,7.1565647558103045,0.6008774346420717,7.02114415809366
LightGBM,31,0,3,314.5705573128439,356.42409968309494,16.307089601718886,18.091296105334884,1.4920342639344375,16.98748959447735
LightGBM,32,0,9,571.3346169837401,636.8515781234116,6.125412321036513,6.365387425030732,1.9021004511172606,6.180302347179882
LightGBM,33,0,2,312.31838548765523,337.07055118558014,14.280198946888245,15.539469154999377,1.5829052945895057,14.576891411015735
LightGBM,34,0,6,1478.9643848192795,1786.450519127874,24.51977701811786,28.86635973807118,2.2290358988567682,26.31530144482316
LightGBM,35,0,1,156.96438786886958,164.66459472692617,10.19071374430885,10.78925269943159,0.9319208377573377,10.270167350297633
LightGBM,36,0,3,319.04668732324666,374.24851876487674,15.107738627923542,16.741209054725715,2.3124190282400723,15.988641462020073
LightGBM,37,0,3,1148.9455352718448,1305.559865442276,62.83083782436479,44.02315360303566,2.5153617839403566,50.0878214171122
LightGBM,38,0,2,202.26828335229723,222.30634098890755,9.517574042487732,10.099902893815202,0.7164306854407505,9.539906772161741
LightGBM,39,0,6,400.4148650535056,498.11266196317797,6.546863860089795,6.887953156248042,0.9204298235417724,6.7787904222414
LightGBM,40,0,2,107.13974344127368,134.17428240169505,5.0833410633746166,5.1549859091329076,0.4224240958207597,5.180051018308861
LightGBM,41,0,5,803.4447378852858,1049.9084514656179,16.34255946803696,18.69938968506535,1.4620744796872618,18.03692352448883
LightGBM,42,0,6,394.9210537824499,541.2068205095545,6.796287125687199,6.6810400632863605,0.409376528900329,6.539600984433465
LightGBM,43,0,2,297.02594407340143,329.6556697409296,12.852349180225303,13.940055366197534,0.9429544805090453,13.09340516400874
LightGBM,44,0,0,515.6174456768989,616.4940492296594,38.381446001279514,47.24953440745241,2.0939376573018995,42.107447558981406
LightGBM,45,0,3,860.0554929540862,1058.0146368840453,44.702614024669316,33.09009847033922,0.5498802586250169,38.00267786995859
LightGBM,46,0,6,5057.753010300111,5294.687079963295,66.31001259891235,102.22029127120396,6.808513667711687,69.28428781233029
LightGBM,47,0,5,713.232032738893,799.7177881412182,13.486037264827075,14.701277294776796,0.8424813016281806,13.797467600148563
LightGBM,48,0,0,183.89355674205595,202.3538725392251,21.303573057121696,20.797237352117236,0.9017409795155501,20.383817047859047
LightGBM,49,0,5,854.7170272893375,1033.0574662045933,13.71508612983943,15.191439603027412,1.594593181026942,14.499456739220232
LightGBM,50,0,8,165.1782952081277,209.30373669217965,2.1082208763421044,2.136910191668383,0.5238503770579914,2.131455075378014
LightGBM,51,0,1,86.46998416129367,103.53306959313348,5.785316063613562,5.755138778533054,0.8219273713520918,5.690993133158391
LightGBM,52,0,5,1107.3749833869053,1301.291640353003,44.37152574741232,33.73626357984085,0.9821034345309348,31.600837553935246
LightGBM,53,0,9,384.57645538360975,397.43889742043933,4.038812156585323,4.127724807320188,0.9956040215514771,4.043444040248233
LightGBM,54,0,4,215.09017866462702,245.08035392875868,6.820201743994901,6.538437646445215,1.2667906581908759,6.642638162348373
LightGBM,55,0,4,124.16795507816167,133.11826909258326,4.917743901650215,4.781159574830463,0.7350802778741018,4.879174961702497
LightGBM,56,0,1,102.99658424980476,107.04733051056961,8.12571155970099,8.496383653050547,3.8225796001274324,8.167853040493313
LightGBM,57,0,4,133.6229856730922,150.68100268507027,5.432237799230533,5.617190626278672,0.7727823536936175,5.53012961222558
LightGBM,58,0,9,875.0441389293309,1062.4720904684245,8.984049620147715,9.211564111036619,0.7354123978890471,9.23273133496078
LightGBM,59,0,4,284.101676175439,309.4860326643958,10.19155562023748,9.957992016670477,0.9527323646654791,10.019845398122444
LightGBM,60,0,0,165.5517099236989,204.8705761544349,18.54806385384915,19.401274975255628,0.6228932505537568,19.323679992598343
LightGBM,61,0,3,381.4984466073162,434.26032573149064,9.279275402920593,9.861812317772264,1.1803005114012048,9.5024867348394
LightGBM,62,0,4,483.12447460357,539.2783115374381,17.405481101828748,18.81679836607929,1.3145334076827928,17.851573573636443
LightGBM,63,0,7,1768.5712737972933,1946.7931310094975,23.48108573136816,20.467880683332062,1.5904065478331333,22.45088725232206
LightGBM,64,0,3,371.3214051971914,393.3580080612997,26.11096258039536,22.698854321778214,0.7514579906695446,25.42552331907868
LightGBM,65,0,3,557.1615777260442,677.382535570756,25.127656399630887,20.826173646342394,1.5290403141627462,21.118981809102948
LightGBM,66,0,4,538.8184616700206,600.8208502316127,17.822546509038727,16.099431221901355,1.662238825284982,16.70206666749193
LightGBM,67,0,4,218.03462428617945,242.59855665389344,7.799281538393673,7.436095955669654,0.757338083430316,7.6672295125659495
LightGBM,68,0,6,927.76957693428,1144.8925037663298,17.933585430735654,17.478545722527137,1.9086462605377112,16.957104720396085
LightGBM,69,0,4,469.59764281769407,500.7761487613998,14.932228680804757,13.730821656619716,1.447231093118643,14.526633619850301
LightGBM,70,0,3,216.02549973226078,292.0342299459643,10.313673281410342,11.335399913616426,0.6080387477588312,11.166064097302984
LightGBM,71,0,0,300.1327537686622,323.9434685140381,40.86894121206279,32.7695143878886,1.2587786110250523,37.860988260953235
LightGBM,72,0,9,907.4712875236256,932.8707321927104,8.944114615861775,9.385106943238425,3.8416046395434615,8.984839254263314
LightGBM,73,0,2,22.240965800978795,27.60985956748785,1.294590042636415,1.2824627503411186,1.0233573221309262,1.285192245321407
LightGBM,74,0,8,1949.5120838033981,2417.209359732849,75.7135101224493,38.77064921236813,0.9943543170565846,34.40549331898814
LightGBM,75,0,0,158.98025713575078,181.33240469146054,15.117326173422018,13.708376435118916,1.1521196989615512,14.32765675819319
LightGBM,76,0,2,94.11031121838506,116.35800448090794,7.429158400410866,7.462309272789068,0.37995638343740507,7.410714413294599
LightGBM,77,0,0,429.41286739067186,474.88884057571846,57.00891186450098,41.45211423236043,0.968025843040075,48.2185378230324
LightGBM,78,0,2,421.56234009969626,448.36273340828285,24.280667257749876,21.249208901669046,2.0452737971995556,23.37190121310321
LightGBM,79,0,1,103.07044797054817,119.12888165319457,8.284532747689624,7.996860938221973,0.46404824622384183,8.160020898378068
LightGBM,80,0,2,148.40660554837592,175.84380038780344,9.0359354112338,8.492074052417717,0.7123540974601684,8.638184554000926
LightGBM,81,0,1,64.17271412299158,68.08100442127541,5.0495929470289616,5.195874259978622,1.3966570084041696,5.078517714723449
LightGBM,82,0,4,466.74411328397036,548.8989837990578,23.13831021140454,20.426176701485087,0.9554448807298237,19.597822919782523
LightGBM,83,0,1,110.43823351287656,146.39450117413827,6.962947850673003,6.666323309170606,0.6298993464953995,6.465105988272972
LightGBM,84,0,8,598.0821769008278,709.4686091312814,8.8710908586545,8.336680632081512,0.39170491149364267,8.531923892297993
LightGBM,85,0,5,369.9035516720992,480.2369632359257,12.431045136705661,11.216375232071247,0.7276031371912786,11.292658486985408
LightGBM,86,0,5,973.0434192117417,1058.71408347094,36.54146891541057,29.708507379382254,1.385910545024557,33.60509377574029
LightGBM,87,0,5,967.3338764836614,1038.5028396406742,29.625019193085635,25.076339791576768,1.6759503925586359,27.952184474119885
LightGBM,88,0,9,2728.302863958675,3061.4969345727304,28.774307348488648,34.830756950273056,2.0921025308694663,30.48436071592563
LightGBM,89,0,7,1677.028939480916,2031.8851122379415,30.182184826829577,23.78197583932198,1.357307594903619,21.139020245557766
LightGBM,90,0,1,88.43022430953768,104.1412278763543,7.00457141197906,6.676304606971876,0.5484515860748878,6.801804637900255
LightGBM,91,0,5,286.4784224101967,371.6707832601853,8.299409890431694,8.668856244464521,0.38340194174149594,8.710374865514554
LightGBM,92,0,7,913.9973622635193,1035.7985568130566,40.60133560317441,32.09484403233635,0.43407797288773314,34.117180203897696
LightGBM,93,0,1,179.81141714302214,202.30331326946913,10.27678016506066,10.973716816053571,1.8649497050730672,10.50127449187306
LightGBM,94,0,6,2202.3078713120062,2627.9455520207252,28.11305074282305,33.71442652860281,3.1064750711361087,31.23374954025367
LightGBM,95,0,8,431.4663516458789,501.0562908363733,4.716462393305412,4.87135924859366,1.3401208242350684,4.752995305768556
LightGBM,96,0,1,117.40236893202307,135.7874774162508,8.815799587244474,9.338145376568065,1.071152283048933,9.072016910085544
LightGBM,97,0,1,200.75112873262722,229.59411515232904,23.322281262302237,20.112896456457676,1.0001173163875963,21.788915428515413
LightGBM,98,0,4,178.4798357893327,189.27044634049292,6.350545518830376,6.584222792744562,0.8168441240126323,6.3932247389999715
LightGBM,99,0,5,2291.305669308271,2722.6857375405807,30.040735262985883,37.85658845720656,3.787831297870401,34.057392277084126
LightGBM,100,0,2,1056.1679706785205,1152.7372954487396,40.92360296928768,53.30447517022089,10.580359265758041,43.591125316003435
LightGBM,101,0,9,407.15665632623234,429.2747865049204,4.147905112806495,4.197407963438325,4.975437755514041,4.1766796682465275
LightGBM,102,0,9,183.1754715131672,228.39019652301192,1.7798446079121968,1.7921523456490487,1.2629887716375583,1.7938545547336058
LightGBM,103,0,3,62.67407685692004,75.25712543964572,3.088358467943797,3.145906154971522,0.22379197172023532,3.1264608751519
LightGBM,104,0,7,984.6726261205591,1154.6000463571197,11.098471635752356,11.962449240537122,0.8375037898637606,11.522860797591203
LightGBM,105,0,9,252.85239920168027,284.2526421977646,2.681065362868344,2.727044121695689,0.7600773523096601,2.7026978536996706
LightGBM,106,0,3,814.6265172435467,930.3665454905083,63.42498832152539,43.48191440658986,3.1120517413682207,48.56493162365079
LightGBM,107,0,7,1411.097024211342,1588.3279663157823,15.75780833630599,17.453730327224253,2.3492181313174396,16.292332543812797
LightGBM,108,0,9,258.2186935656475,379.27372371485546,2.268667738894449,2.3185174045929537,0.4484468633551439,2.332434981072119
LightGBM,109,0,2,174.87587394343524,190.53756268006126,9.077613773716548,9.585893088635983,1.7574640446689462,9.211044932064173
LightGBM,110,0,7,1689.5841545677467,2531.2131166427066,13.575149323701687,14.92167864855237,2.246436552416417,15.555000502372923
LightGBM,111,0,5,264.8093574349882,329.62905432200677,9.652570366196198,10.276324938929214,0.33278599049521973,10.118326217094767
LightGBM,112,0,9,318.62993845449984,384.09137950927584,3.635108485306083,3.73261977303465,0.6955770574015453,3.68218779793206
LightGBM,113,0,9,212.2692048515059,260.75921403157105,2.058489180730448,2.0777413085644443,0.6760628784654126,2.0810706357990774
LightGBM,114,0,4,183.04202851726924,244.17518985979615,5.693658587207721,5.414309624042135,0.6026025415997209,5.4475262985512085
LightGBM,115,0,1,131.98362115752582,160.41567071188635,6.457732700853641,6.588720309383035,0.9208159615641336,6.57907831856955
LightGBM,116,0,9,143.74323794759746,189.44634725169414,1.5032196510076479,1.5194650839069568,1.7586856192609803,1.520913639229223
LightGBM,117,0,8,673.3298683675987,712.0548115712197,7.496272186237224,7.828153663919866,3.541604609549751,7.472770877387215
LightGBM,118,0,7,1470.6771804211412,1559.4968061248173,14.706771804211414,16.043320912269703,3.12918915519832,14.706771804211414
LightGBM,119,0,5,2061.0141284271244,2135.309417980994,26.35758187388707,30.561359761060196,2.1094989751620443,26.71624237574616
LightGBM,120,0,8,171.95891175432936,195.15184411330097,1.9085124526921946,1.9248799650802715,0.6251081298778423,1.926506632711091
LightGBM,121,0,8,436.10614834626153,494.2488739515503,5.092609197024248,4.929729851600468,0.9662617762472561,5.015917361171059
LightGBM,122,0,8,95.84790567152544,118.73214088709425,1.0594275924618661,1.0677822548758131,0.22478401892946867,1.0637947355330237
LightGBM,123,0,0,15.385820270497838,19.43916206900762,1.441275223001425,1.4578144891104121,0.3029898446310049,1.4553932832288863
LightGBM,124,0,6,469.88366843227476,559.983656201928,4.3179881043675366,4.194237531361786,0.30695682991183365,4.217458333203328
LightGBM,125,0,0,106.78992888984688,131.4884844034762,6.4477119647097085,6.773884933833102,0.9164049622662471,6.570276629074964
LightGBM,126,0,8,1262.2374708095185,1427.552570730751,11.100440558040548,10.356708713704766,1.3081418287114854,10.770715231594284
LightGBM,127,0,6,320.73223560515794,337.5398252539625,4.1378804124659965,4.234680570919447,0.7470471326207095,4.144422283483735
LightGBM,128,0,6,1385.3482515773294,1465.9118026116548,19.239507583759995,21.504520276548167,2.40275724361591,19.58184735212231
LightGBM,129,0,2,142.8048564743033,170.07970908343157,6.981270803365171,7.332966330482277,0.8231285757714424,7.049941300586174
LightGBM,130,0,4,200.13208158498094,224.2311948433759,6.261392113038762,6.515915793782383,1.70785072635197,6.344840548082649
LightGBM,131,0,7,262.66808816534854,295.0563609387962,3.925818238172939,3.979643131087232,0.18626101562620978,3.9367407052258727
LightGBM,132,0,1,19.82898329696731,22.07122799645985,1.6947293143364426,1.6770443657043448,0.36948416081305546,1.688371330867604
LightGBM,133,0,7,379.443719059593,437.0219075242805,4.509010083603063,4.6461281373307655,1.4631505876333921,4.556362203517461
LightGBM,134,0,2,43.752156160712474,53.90074206522351,1.926042657821602,1.9249704568256076,0.3055066220180571,1.936910377321121
LightGBM,135,0,2,1205.401569120747,1330.6398633057102,54.58605656445553,40.29242779296409,3.6779507853831306,46.630815548681554
LightGBM,136,0,9,153.3863706425496,200.0087364515823,1.4938416302263673,1.5092629114526555,0.5194882531104723,1.5133825953024034
LightGBM,137,0,9,684.4940840374151,769.2511197767042,9.329143609492798,8.805765832925214,0.3422315424017509,9.170477010844843
LightGBM,138,0,6,2215.0237041905884,2445.8336967594405,26.598067334923336,31.5163757320681,7.893794171513015,27.864854230304083
LightGBM,139,0,0,28.098665219762545,29.66889495026934,2.7606769987587985,2.803738804120494,0.9702577769255022,2.76470959853354
LightGBM,140,0,6,1857.1448369227865,1961.2021408022263,22.24668437265175,25.407920135468636,5.156253017776958,22.409888827175994
LightGBM,141,0,4,1210.641388748455,1585.3875694538217,28.802156515017707,32.020964784351925,1.9750282824848673,31.948874220661356
LightGBM,142,0,5,326.6726409692594,377.79665661385354,6.8429005652427985,7.1625107501082805,1.4039289085411855,7.012805336130455
LightGBM,143,0,9,166.7206717030755,185.7459508890896,1.6508520377257068,1.6479785141359207,0.37190580852202687,1.648822347852203
LightGBM,144,0,8,781.2526439819923,893.9399854610872,7.528724897093661,7.908163162816032,2.2194677385852053,7.710152745038577
LightGBM,145,0,3,340.3029200142443,399.4026181773432,13.60202392992356,14.971287120646421,3.0737201320132708,14.199624924329774
LightGBM,146,0,7,1722.830026966636,1801.3731078381127,20.460318582142627,22.99248901807506,5.470343643127695,20.705432581122942
LightGBM,147,0,9,1868.7501110478806,1968.147134266236,17.030853791585784,18.772152122219932,3.594189064477241,17.276766723658472
LightGBM,148,0,6,341.2921131761834,375.40280347894856,6.557365238532905,6.826277132599556,0.3401460404688617,6.63772902301152
LightGBM,149,0,6,433.8980928401166,492.37476106926323,7.1180238821090756,7.43381417898203,1.097770138429424,7.2736336101441115
LightGBM,150,0,0,14.260807054224156,17.017590592019257,1.3929976490607037,1.3793772457012654,0.9398821891811432,1.382627786595899
LightGBM,151,0,7,303.36198070899,314.3855819266334,5.296463576617167,5.149866274775638,1.1880619830276764,5.271836620127458
LightGBM,152,0,3,347.3164346185022,402.66719277562055,17.729841658821904,15.816534922372375,0.7555245502513062,17.030727965922285
LightGBM,153,0,4,21.92413199429297,27.232576445507245,0.8924928378413167,0.8980188866011173,0.2148999076668321,0.8960816891400396
LightGBM,154,0,0,26.462765763130545,33.77210186421058,2.3731473643739136,2.3516035469151557,0.5312946279760543,2.3538732147477255
LightGBM,155,0,6,221.19654197566055,241.9550734162925,3.7836467882476534,3.8701336168614833,2.5940640421868273,3.7915796167621076
LightGBM,156,0,8,919.1775331447053,1022.7755716136166,9.135741745538702,9.666359478848245,1.718394747265985,9.33859885793571
LightGBM,157,0,1,32.810359505177786,39.72891380213678,1.2375205274852508,1.2487309651338903,0.3005859198057701,1.2429001618168496
LightGBM,158,0,5,36.99466410696979,43.02943326431423,0.7616969023700353,0.7581329143881498,0.4035781538942159,0.758951394945813
LightGBM,159,0,6,2940.5428239309363,3193.252094584494,45.96746299914185,35.91292255644907,4.70795153127538,41.57945325944643
LightGBM,160,0,0,25.140379287596552,30.651268685149144,2.461701211565636,2.4240043539066796,0.3344354427663288,2.4309272278690646
LightGBM,161,0,0,82.13628992330717,88.66136757691326,6.783432961705723,7.059566588397587,1.0607238483219208,6.844722515472427
LightGBM,162,0,7,541.784834091133,678.1036553961694,4.609709435274991,4.7792902434580125,1.4312934203459713,4.721436462667826
LightGBM,163,0,4,122.6296968660738,127.29310636209824,12.374286853166511,13.251526506185533,0.23338253077589297,12.478692518455608
LightGBM,164,0,3,51.198334883210386,54.15972457950599,2.1644761853538967,2.190931511974599,0.4922490404535602,2.169420969627559
LightGBM,165,0,7,103.56021074725378,136.46184629209296,1.903403947685868,1.9294638892364293,0.3705135662512545,1.9357048737804443
LightGBM,166,0,7,577.5616538882748,652.3428248863885,8.90514850069939,8.741213131343777,1.3720356031282546,8.649009792004115
LightGBM,167,0,1,159.16740042614688,200.62191772818608,7.776614272112033,8.26048957320371,0.8287017455449331,8.070152846780879
LightGBM,168,0,8,2546.3390311961402,2708.802764577775,15.190088836908444,16.58982938694871,2.434995232120543,15.38057132937266
LightGBM,169,0,4,34.0359915802424,41.60961670423603,1.2555474553274373,1.248824031650333,0.7540908314185443,1.250046619964014
LightGBM,170,0,7,8032.812397382852,8960.764082895666,99.29441905126316,58.636958395288865,5.061742563585802,56.61783348456863
LightGBM,171,0,5,67.11204925762243,80.17906858779331,1.6767631984051956,1.6953382311976046,0.6775295559432551,1.6911898174957352
LightGBM,172,0,9,185.07574574385814,209.581648037046,2.2897685727348787,2.304999292005331,0.3739518529948276,2.2947922326343417
LightGBM,173,0,0,77.76091473274639,104.75510516993627,7.658962139401254,7.371031486402506,0.5247362498032372,7.351346981036949
LightGBM,174,0,7,1960.330110532983,2688.915330587752,14.495013484350904,16.581406534146208,1.4824286803607658,16.410539479859406
LightGBM,175,0,3,363.61645607302376,446.65220703258905,25.438534582020218,21.086541250416158,1.4711254329718357,21.26065968247023
LightGBM,176,0,5,280.59454779183955,308.0879373076537,6.287047268792991,6.054855515249523,2.031702205146392,6.212425412365451
LightGBM,177,0,1,252.66610858258926,309.6429913411183,12.144225357498735,13.081218156542429,1.139388012316724,12.895002337682543
LightGBM,178,0,8,113.27710071588555,152.91027745820975,1.3121626088500922,1.297442194707233,0.769272449034157,1.2960766672298119
LightGBM,179,0,8,2477.7353559832595,2702.2273030504343,13.232480752310119,14.33085351751567,2.8920528205234652,13.498517379698812
LightGBM,180,0,6,1955.062341138499,2776.7388140186326,22.351949173133466,27.331181907797596,1.6059793866967373,26.938324105772594
LightGBM,181,0,8,2409.834761355758,2868.5928175854697,29.225357513618878,24.020854082311274,2.079742325578105,25.595695818967158
LightGBM,182,0,0,68.64677949510487,103.18985183754761,3.647997882389922,3.7548805613572656,0.6738482356982763,3.769384798852651
LightGBM,183,0,6,2780.131048478475,3078.7634944529323,25.6440307418514,30.19901550662143,5.157758910544075,26.8030732059579
LightGBM,184,0,5,502.4747281177701,618.9035970952202,12.48823537768205,13.761774635726809,3.1451141585151507,13.359796918096356
LightGBM,185,0,3,153.18905903923056,157.17323571455213,4.642041082766273,4.75784448262637,1.759005755254405,4.652352937802477
LightGBM,186,0,0,26.462765763130545,33.77210186421058,2.3731473643739136,2.3516035469151557,0.5312946279760543,2.3538732147477255
LightGBM,187,0,4,201.0158795945743,209.8588915429718,5.072706236848282,5.216559754074793,1.400236123940869,5.08543335587117
LightGBM,188,0,2,42.46095189627417,49.25843664528878,2.158236033730225,2.1899073177082657,0.7473076289792551,2.1670507645040544
LightGBM,189,0,4,288.42889090512915,334.46870883110057,6.047996606032655,5.814769420266222,1.4345937602397034,5.847447277376934
LightGBM,190,0,0,365.22567515057807,398.0143081563167,37.47494809876512,30.294588206412982,2.8616811903369395,34.40116249455994
LightGBM,191,0,8,1854.9433198494428,2118.4966062416634,53.33529743505716,36.35337587922016,1.2731780934510204,31.481217949547396
LightGBM,192,0,8,188.1278638554011,251.4918005819737,2.260308148635741,2.216928181088261,0.7178478132674295,2.2046234045554813
LightGBM,193,0,2,137.13455806396672,151.84851115322692,6.893946714204835,7.192107056437597,0.5231085685321206,7.019322714635405
LightGBM,194,0,6,97.71754537248363,127.0706636934454,2.1200121394436677,2.1581701738903907,0.5798020866682178,2.1310634221073035
LightGBM,195,0,6,471.05538638796406,583.4217403151637,4.469796983925211,4.619514004033833,1.701598095250264,4.581662650483798
LightGBM,196,0,5,252.54448838732526,275.56213100321406,7.173697567627997,6.878051252922479,2.074939911990607,7.081789672802391
LightGBM,197,0,3,1072.6415250919633,1191.2995308531033,61.27139656667207,43.28355435811724,2.0711886100779924,51.61259029115054
LightGBM,198,0,5,529.86524587115,647.287350328108,10.437871456551868,11.251908590646147,1.3463676425210818,10.974820465519539
LightGBM,199,0,8,433.3559969613689,540.6237679403748,3.2135285141960375,3.2887149443029187,0.44412179496367105,3.285318781524097
LightGBM,0,1,1,52.102572444051155,74.64005465023122,5.273496541096087,5.0010340533173245,0.17546235809035,5.071358373400318
LightGBM,1,1,1,470.90448558870435,553.7766095075293,21.922239604787418,25.556624566402554,2.2563369583200545,23.459581767739397
LightGBM,3,1,4,853.305801509769,964.241757697896,24.217001101295057,28.543977438569,0.5775376831874377,25.337689093844595
LightGBM,4,1,1,270.35467359284144,309.5984941107495,24.567505935303995,20.966405178600876,0.7071380995109721,22.227542955411323
LightGBM,5,1,9,1201.791087384504,1507.9611444683396,7.425655086242217,7.289722540178996,0.4719917391691596,7.129940531615382
LightGBM,8,1,9,2121.3737704066502,2346.425660951743,17.171264153039825,19.143712547148535,1.4619470486252368,17.656044697516858
LightGBM,9,1,4,864.351363958909,910.2154789342044,22.07680224246625,25.09236533654353,2.030221360948361,22.378994492765404
LightGBM,11,1,7,1348.1857548095688,1581.740709219645,19.433844116228048,21.698730553056933,1.1720551949056381,20.268815335659838
LightGBM,12,1,7,180.88748858373026,206.04721751609856,2.7908568977687858,2.742179998482026,0.47127043290226234,2.7593030117035227
LightGBM,13,1,2,238.73464141385622,273.2854697736049,13.929172311434227,15.29183942358307,1.630316753826651,14.449062878732407
LightGBM,14,1,2,165.5323653492105,181.4838157417977,11.121184992604917,11.10458953325501,1.8536235924838795,10.18001566878044
LightGBM,15,1,3,243.08729913409277,251.60284858144985,7.853849247848244,8.19788357005254,0.6026432107961661,7.868925999337605
LightGBM,16,1,5,1077.526983826533,1155.2573626481535,24.598885856464587,28.47099016988736,4.172706670960005,25.216572133381142
LightGBM,19,1,0,20.701881271565487,34.321238780178284,1.9567976673339655,1.9052666866263404,0.39546285497057077,1.897031323566557
LightGBM,21,1,1,178.0719869372174,196.5822712011843,12.732185147723623,13.775630406166247,2.0256648770108185,13.044153293807348
LightGBM,22,1,0,230.90219346162064,272.5213671193318,15.521318433911425,17.27857763919648,1.711539169863765,16.284928619658224
LightGBM,23,1,3,488.6496742396318,545.0038067360734,18.378123076096482,20.654626878666964,2.488183000897221,18.960354293121558
LightGBM,25,1,6,492.16715392289757,597.9271828835901,7.828857699894405,7.601242519886138,0.36460918351005994,7.692114934976257
LightGBM,26,1,8,1094.0077314700222,1373.5634740422688,10.69793806449327,10.65414294688733,0.6542965883734089,10.626619098691098
LightGBM,28,1,1,81.06584093182111,102.52053988551529,6.326482480185236,6.646635385446692,1.4128189864008962,6.536396419874485
LightGBM,30,1,0,137.15084782279803,158.1065479003321,9.602186125900184,10.242231220738352,0.9042963372741665,9.890069329617502
LightGBM,32,1,9,392.2132979400989,403.05337529065974,4.104060232336401,4.194856503729531,1.2367930083156489,4.113646056940788
LightGBM,36,1,3,550.610517293769,622.8548899760609,21.153916353406924,24.252982517088732,3.7040175031877034,22.08870865112939
LightGBM,37,1,3,293.703422201047,316.42999032300895,16.763595877411117,15.271489460140039,0.5416770375110221,16.64103059074917
LightGBM,38,1,2,56.65745113577717,58.40345600781784,2.684740820727638,2.723408204973312,0.23720482701284498,2.69047895793989
LightGBM,39,1,6,403.1114294790322,406.8135065101536,6.400177994156733,6.615648079615233,1.0121483294661413,6.403342982425748
LightGBM,40,1,2,212.08004016119594,291.8071608051074,8.938853729299407,9.699529980846071,0.8777844589847035,9.616594161084995
LightGBM,41,1,5,921.8485477713143,938.480117244811,24.372831106984563,22.511008025859454,1.7065417065358577,23.36751705377223
LightGBM,45,1,3,773.7249114182598,874.4936307853029,24.564598509417763,29.014104811375336,0.552854509087658,25.871463107293053
LightGBM,46,1,6,2061.6049591602223,2203.7686846880933,24.49518801486585,28.413201244214704,1.3035909577828102,24.77228922889453
LightGBM,50,1,8,433.18477552634437,472.0422987149756,5.31738002849824,5.48873958593931,1.4621683333686784,5.364480436649352
LightGBM,51,1,1,283.66536402097677,316.4135226618565,24.688391685773503,21.421102740450056,2.673270230365147,22.252989235533708
LightGBM,52,1,5,839.6835953369814,991.0696837036246,35.67243004766667,27.180534908512033,0.7302766916127402,26.100132269891517
LightGBM,53,1,9,435.38035881026866,500.39525319298923,4.477181622731259,4.613353424027152,1.1817466881993006,4.501347764839079
LightGBM,54,1,4,138.6249072477601,156.95713846131426,4.3059142947447775,4.422171255503534,0.7896872812575663,4.352156493476132
LightGBM,55,1,4,96.93477571573261,105.13525242588265,3.9555074199068043,3.865237002316589,0.5892151411885005,3.9280807281591263
LightGBM,56,1,1,62.227810268600464,74.03141369776448,5.289317025941957,5.096030189775667,1.8584540643336582,5.169373826974064
LightGBM,57,1,4,185.0436914756287,209.5368121952633,6.97141656777079,7.2921214593887065,1.1405631087769463,7.11539263540902
LightGBM,58,1,9,1027.949884320392,1132.075908045535,11.324566774464746,10.826533362884348,0.8395784714829297,10.86835418256177
LightGBM,59,1,4,929.5098236713106,988.4750262045001,25.74494115032049,29.98903211409509,2.9044335254749467,26.413827669056904
LightGBM,60,1,0,497.6700179604582,573.3638114793173,36.21336278558678,44.48217955436076,1.961237664379051,38.79563837099367
LightGBM,61,1,3,826.2722324191644,1239.6825625302138,43.11710347965096,28.462721996394762,2.3608613402805716,26.04165327959171
LightGBM,62,1,4,359.27598015572545,432.4877628723004,15.072396867084551,13.829631070032866,0.9818566514318968,12.819355882726308
LightGBM,63,1,7,825.6699505638048,903.7822247065425,9.91988500470395,10.535029029308939,0.614364153281189,10.081072767786473
LightGBM,64,1,3,378.9763532423398,439.6664616456216,19.934753588662424,22.076987895645246,0.8044992450257707,21.423869722565613
LightGBM,65,1,3,353.2081339148292,467.1703001587535,16.970929100556912,14.644425654965607,0.928367286403785,14.949918155682276
LightGBM,66,1,4,218.97937114776337,259.2828671297998,7.647863761328649,7.256525611855262,0.6226993546964443,7.509181436080446
LightGBM,67,1,4,368.4219967896763,393.61391550128354,14.7630035151958,13.598710262584182,1.2229469103613397,14.426445211766827
LightGBM,68,1,6,673.6015513522158,856.4806858370869,14.857287538202657,13.279273776100931,1.1701588888204129,12.946405662506006
LightGBM,69,1,4,280.58965779959846,326.7818051629331,7.9973914658248715,8.387374392907807,0.8683228815788727,8.191269395773125
LightGBM,70,1,3,747.2306545602653,826.8719998990215,27.654064162094112,32.92786071041076,2.2710589184090813,29.012719684389985
LightGBM,71,1,0,42.7325605715796,50.46901024403968,4.9842990458699825,5.157982233197092,0.16952035021775771,5.118066567513664
LightGBM,72,1,9,567.9892757822272,683.2742650581164,6.213614860814087,5.940916129069983,1.800164164613398,6.014210659181892
LightGBM,73,1,2,40.42773836205192,42.286552426243304,2.3232119533605893,2.3529984186490633,1.8667402955768655,2.3287867720075988
LightGBM,74,1,8,2346.9263339386684,2627.208492515916,32.346155382585344,40.122968822188774,1.1555685344055515,33.64444605622449
LightGBM,75,1,0,206.4426596910235,218.65069686671393,16.486274487668958,18.13791894326261,1.34789347891417,16.788678566963018
LightGBM,76,1,2,153.08486102532004,180.89674473874018,10.32222741940147,11.034212813705798,0.6455918145176482,10.777969780573287
LightGBM,77,1,0,249.90485395669234,301.61387810922,25.189449697677546,25.783190824477536,0.5724052281138563,25.04614349231883
LightGBM,78,1,2,185.5446429269579,244.76475365112435,12.466310092762114,11.368831719385081,0.7460204992540221,11.35507096871098
LightGBM,79,1,1,216.87174586585715,240.3655322929494,19.00400020476867,16.962293553929957,0.9118735122351811,18.31118255114744
LightGBM,80,1,2,549.3208596982155,586.2631226501286,24.998720415222916,28.994296517866825,2.592485879548235,25.737598697616797
LightGBM,81,1,1,100.16613085570127,118.62567427995171,7.30717408114886,7.691941816687567,2.1276015657144907,7.511520874068337
LightGBM,82,1,4,583.996643922258,628.3079570733995,23.07269332661277,23.8167952937213,1.2280192542533632,22.707735423293663
LightGBM,83,1,1,333.91543359178667,343.79089424629683,24.379906376317237,21.570110174342723,1.9250198106431233,23.971970597194268
LightGBM,84,1,8,369.5187638961557,434.6173913062081,6.07127960677591,5.82213895206861,0.2681610412607083,5.884848060010548
LightGBM,85,1,5,1021.0469258337293,1132.781566098908,23.568181956517023,27.35263186140331,1.7722906140835104,24.652530272516955
LightGBM,86,1,5,365.02375078793114,406.0995923118892,11.654993416393108,12.548095470153333,0.4647590263802122,11.85758706704682
LightGBM,87,1,5,392.23817874965505,484.7388469063354,12.726844108918211,11.699428430917095,0.6597438640997715,12.052291367616485
LightGBM,88,1,9,474.7934139368698,567.0068098521581,4.79676635622359,4.757618673694227,0.3248751043802205,4.811694436985913
LightGBM,89,1,7,1558.5168564670164,2064.078451495715,19.583983057442175,20.056868220808113,1.3116230970266969,18.28768149700541
LightGBM,90,1,1,84.75550906897149,111.01543962383528,7.23383723927774,6.835040163807834,0.5331660361730731,6.750576176512826
LightGBM,91,1,5,207.23905682059402,243.41790857720156,6.2503756065129865,6.036500995585903,0.2622928738614878,6.015880348168115
LightGBM,92,1,7,712.3635128900221,842.1283433882531,30.970382220098468,26.105717347806696,0.353948733214796,26.406654376251904
LightGBM,93,1,1,223.64106396737685,228.1879308625887,11.978932752202114,12.772150641530025,2.355705352359578,12.024505803697508
LightGBM,94,1,6,2562.322548211482,3064.446879262173,27.25301566147499,31.34318714786471,3.222535515341077,29.600695524804983
LightGBM,95,1,8,235.92280103054722,263.5170556860119,2.531206289521622,2.571721169896224,0.7417319171947706,2.5430327675608417
LightGBM,96,1,1,101.16309514171887,114.75091364071518,7.3976461257337425,7.747810498559822,0.9544916382928705,7.561566446251361
LightGBM,97,1,1,188.24903606108487,205.02071244375364,16.969457347567772,18.791796889281745,0.8637125719169888,17.516696457245573
LightGBM,98,1,4,144.9237638974909,181.78240050310643,4.794727578522086,4.965416933932573,0.6508310195933621,4.937836397194568
LightGBM,99,1,5,1613.8983095992176,1880.2220053901854,21.03924806721992,24.596425795352346,2.190104329666143,20.958206170396014
LightGBM,100,1,2,651.8519255092939,713.0999275798152,22.023056289018545,25.363560071983425,4.318789495511858,22.27574897039973
LightGBM,101,1,9,500.9507775377559,519.0550868533576,5.148767983572086,5.16808390135018,6.105478931772229,5.113220940112848
LightGBM,102,1,9,143.71230567110808,178.66506291773896,1.3938900836986505,1.4010984876051262,1.0288754427576237,1.40350140092883
LightGBM,103,1,3,157.3320750291728,183.93581058822508,8.79555826812858,8.303466598198899,0.6016062826138454,8.416005249718753
LightGBM,104,1,7,974.0959032254541,1152.3175052558802,12.380614820552019,11.376931719058872,0.8496509300977563,11.717170499092278
LightGBM,105,1,9,108.810333974512,135.11567389085334,1.160843916993367,1.1509025916408304,0.3282546388057904,1.1527875288647536
LightGBM,106,1,3,451.17333147513415,488.2909263107141,48.919066393706345,37.19840980384404,1.5806250560105248,43.88083935361207
LightGBM,107,1,7,1451.026947521052,1557.123152066941,13.839269587456759,15.005282799662254,2.2176072216831173,14.14103143225714
LightGBM,108,1,9,461.93096180370844,529.9333280652448,4.331254113410865,4.2577701004893145,0.8310140567706915,4.2803752387179355
LightGBM,109,1,2,200.79859308686153,219.45999592281086,9.65089382816165,10.230033866392564,1.988681311413761,9.799131247040116
LightGBM,110,1,7,3566.8051034078903,3959.5594239822453,25.07743603223822,29.334562900569566,3.8857920232277103,26.181161656828866
LightGBM,111,1,5,865.8559341107989,1028.2887882314944,22.723912370032334,26.654130915428965,1.1521044219243293,24.768482811494096
LightGBM,112,1,9,655.2983929848814,679.2250191039911,7.351157822266702,7.651738837518539,1.4718864686311184,7.378470852189929
LightGBM,113,1,9,453.8526732021055,501.27641495202664,4.533543178044487,4.662513708163644,1.4564478005513273,4.543575148853114
LightGBM,114,1,4,254.9640702036358,309.9214777124081,8.217176876583093,7.73801751608555,0.8080600662610484,7.915208178037332
LightGBM,115,1,1,76.52526710631851,88.23556828388895,4.82166047688061,4.85641663809856,0.4901276714751399,4.741668874057601
LightGBM,116,1,9,202.5454371856539,250.96860137306302,2.10198164957946,2.136005869184358,2.437768263304304,2.127081604050041
LightGBM,117,1,8,340.70738611254,585.5161365147025,3.5666582699174407,3.6767810085929686,1.665196299711322,3.7867596263249115
LightGBM,118,1,7,2030.4252434996824,2281.9693248278454,20.304252434996823,23.346568135051836,3.6000447579781603,20.304252434996823
LightGBM,119,1,5,415.2175143175002,462.2685248288097,5.998116819059547,5.7773697467546885,0.3756527635225974,5.8582002076455355
LightGBM,120,1,8,499.2630678613402,586.6842223025284,5.124471067907981,5.310845784854985,1.7611840648361883,5.225727140915691
LightGBM,121,1,8,806.827714500561,919.0453343859585,8.433545630833796,8.911980344308498,1.613655429001122,8.598519159863883
LightGBM,122,1,8,193.6145657286672,242.51049921154637,2.1471336268452634,2.1838362947636965,0.47900976860177286,2.1528676693328452
LightGBM,123,1,0,27.018984732301167,31.696034670487556,2.4807988354154467,2.5140087620932325,0.5527324459501257,2.5024711270914257
LightGBM,124,1,6,1176.4201713945642,1390.3360316993515,12.711074111549522,11.699993899167554,0.7865398013154208,11.827815649111782
LightGBM,125,1,0,171.0248410753356,200.78182757451302,9.200936131520772,9.804233732578387,1.5460838889900557,9.513104582670124
LightGBM,126,1,8,882.0488917136913,1061.398154739297,8.803358217333225,8.269183765536658,0.8772620920375733,8.416599678031721
LightGBM,127,1,6,700.2501832101349,765.1624239505152,8.567678302540498,9.026226982154315,1.7136031673722334,8.662888864455278
LightGBM,128,1,6,1338.093987386904,1459.0075893302005,15.965105148428368,17.58533699578596,2.1608420485528974,16.37001337087144
LightGBM,129,1,2,80.52936059631848,115.58024392864648,4.279669403344571,4.118388211413774,0.4535144380822549,4.11750047532472
LightGBM,130,1,4,214.76669237216237,237.94945520103502,6.413038738811682,6.673529640707971,1.7710581742276086,6.48070268337121
LightGBM,131,1,7,544.569937104839,829.7358933887425,7.191028822020448,7.635559836558373,0.40827280403922045,7.810564834969804
LightGBM,132,1,1,15.157044877948453,16.336007470842315,1.3163342787997199,1.3063247186210278,0.2905847657074141,1.3129297776856215
LightGBM,133,1,7,539.0410799043194,575.0473070914932,6.151023805524305,6.372339070670736,2.1113311156793944,6.197457484847821
LightGBM,134,1,2,56.30165566151542,71.0045785622708,2.404767686525079,2.451053722563368,0.4113885680022411,2.437657262111474
LightGBM,135,1,2,489.4354866602198,530.0495521546443,27.384223251177254,23.437274981933573,1.2982253423424917,26.122013681437
LightGBM,136,1,9,343.7583543998239,382.18821446642494,3.4217373817485552,3.4955983594372424,1.178144016479653,3.432796699711419
LightGBM,137,1,9,227.89077201494013,275.31966747332217,3.159917251955628,3.104611122203564,0.11805711868956306,3.112796505280344
LightGBM,138,1,6,1321.3007056279685,1371.3624226775107,14.572609400148737,15.813516211064751,3.3664955297280366,14.612207061330166
LightGBM,139,1,0,40.32446024772517,44.33485384111128,3.869833513741609,3.9620019322632642,1.4581612857436335,3.8946197588616895
LightGBM,140,1,6,1265.2817961631117,1332.6293446439531,15.174169553951977,16.580136816285425,2.8817451528690703,15.156705751834112
LightGBM,141,1,4,866.3497512394953,1185.9503895457717,22.3799750436651,22.169953096589143,1.337994565876266,21.856167812819606
LightGBM,142,1,5,446.73574369522123,467.7091224975748,8.820768925137916,9.263923010237276,1.9497203206971274,8.893371565799814
LightGBM,143,1,9,97.76746052654077,116.81133581859139,0.9701935255738928,0.9751374589017219,0.2162302483731862,0.9738818764023075
LightGBM,144,1,8,531.4948933439042,639.3487731960448,5.048982507943914,5.205980133798752,1.4189547251435808,5.185316032623456
LightGBM,145,1,3,469.23544787189036,507.19672992551074,16.461427324789074,18.161864736711408,4.0175474371763285,16.82036088892584
LightGBM,146,1,7,1534.9874648960263,1720.8497006332425,15.522702825977383,17.16762112354059,4.0453549587303765,16.08037012980129
LightGBM,147,1,9,1002.7582510450258,1034.0120111885344,8.645735888414375,9.060885009639739,1.6705212978315622,8.678007682378956
LightGBM,148,1,6,189.2992247471006,202.2195106405354,3.6314297156734807,3.6464927057607537,0.1958260680338469,3.6186654461890018
LightGBM,149,1,6,450.57166632708163,521.0281728685312,7.3180327962386436,7.680175627237262,1.1484235917688421,7.461578364369446
LightGBM,150,1,0,12.437894222552492,14.248860587430809,1.2124688835885544,1.2028805651952543,0.7929348176208373,1.205936418022865
LightGBM,151,1,7,133.70299835335604,143.03816417573532,2.37414788026676,2.342207616989487,0.5089191786183537,2.3664480185256576
LightGBM,152,1,3,384.808425223357,446.4358913126828,22.459967364566204,19.440731683667394,0.8496599459315147,20.665860467980394
LightGBM,153,1,4,63.916021849750145,75.34209603440262,2.7018621405672465,2.652033729812249,0.6576366775329511,2.670585871159477
LightGBM,154,1,0,31.34508408058659,35.224268366973284,2.7269189038762605,2.7743716322505154,0.6403178654594538,2.7452876287006553
LightGBM,155,1,6,114.94619437427683,129.59471728707786,1.9651649519080854,1.989058141275353,1.3857501021937548,1.9720086720710857
LightGBM,156,1,8,453.3647808445979,669.3283968510917,4.166596844725559,4.331760145784737,0.8480534323180041,4.380100936719855
LightGBM,157,1,1,69.81423208551602,75.28149047160856,2.6547747312270666,2.62849402018463,0.6537080940672482,2.653950399084657
LightGBM,158,1,5,50.619564206076674,57.01726184016301,1.036680556447596,1.0299031895178508,0.5450979302449122,1.0348122154564228
LightGBM,159,1,6,887.2863093185473,1056.0986384384041,12.679054320208333,12.8916965111369,1.283177059421438,13.128741620640353
LightGBM,160,1,0,37.81965737856363,44.50126755485216,3.494116580853461,3.579540093974757,0.5154957625394505,3.5402640442986617
LightGBM,161,1,0,124.1694242485766,139.06017544431057,11.618371643446906,10.811628199476745,1.5687780989753912,11.222269491541454
LightGBM,162,1,7,1318.28350339586,1404.7074662080802,10.37434188339491,11.015101064034589,3.481343699424133,10.507041738011637
LightGBM,163,1,4,80.07429134309986,86.4156791501008,7.635724250314933,7.9871253149563035,0.155188962731739,7.713937841224339
LightGBM,164,1,3,74.38385524268568,83.11633155388607,3.047459726903374,3.1060603084770384,0.7310299087269404,3.070893106349409
LightGBM,165,1,7,316.5145806106125,338.6327433024645,5.5538845662297245,5.734652700235474,1.1392772167802387,5.597074811858753
LightGBM,166,1,7,514.8946151630472,571.5132333873337,7.770551793807871,7.868388816011731,1.2095936991131901,7.821184027793122
LightGBM,167,1,1,151.17651107204222,221.89738577705648,6.6014944378718186,6.99164446984018,0.7995076564684164,7.067412646901603
LightGBM,168,1,8,2740.6495035136777,2900.5331198539207,14.941628091339554,16.293594731680642,2.4052792645892427,15.10924688001415
LightGBM,169,1,4,20.599211098782057,26.527604718998916,0.757162910606259,0.7563284131531813,0.4467298792506952,0.7568601750930334
LightGBM,170,1,7,993.4345933284367,1391.310705541541,13.33495878581353,13.523250280822138,0.4377696550986035,14.2575527666336
LightGBM,171,1,5,59.733503471218604,74.00818951770775,1.4963690859180638,1.4989593545983488,0.6064051979290739,1.5004229172229067
LightGBM,172,1,9,224.64968597552544,284.6545928869902,2.8162542158828723,2.755656711354335,0.4547780874576454,2.7990608645581014
LightGBM,173,1,0,98.7521335405179,114.31700952481167,9.739380129268726,9.130967060350905,0.6876716952946981,9.330910255796967
LightGBM,174,1,7,2190.2888178509584,2706.428300845272,15.888710852784113,17.93732277420112,1.6850472610141465,17.039767059375563
LightGBM,175,1,3,404.96610025661226,599.5935127491035,15.063460890845917,17.36327088842439,1.566746576186538,17.52290441241317
LightGBM,176,1,5,81.42041398640797,88.98375494668285,1.8622835311231014,1.84241072562633,0.56284717497251,1.8542098326864165
LightGBM,177,1,1,211.41708083669508,257.94558666969573,12.712080351281449,11.566461416765733,0.9498784883691457,11.515265769152013
LightGBM,178,1,8,135.35799276070188,163.12534859779166,1.527981839915684,1.5383895310862867,0.9080782771216811,1.5350578816107823
LightGBM,179,1,8,2449.5544380402407,3134.495261011114,15.757454715142662,14.450660449591782,2.591396528513554,14.162321335908604
LightGBM,180,1,6,2213.892937085836,2658.41130672417,23.819969345264834,28.417719690297318,1.8370838825340532,25.937050124832844
LightGBM,181,1,8,852.9488342842409,1001.3874210532731,10.948696881037279,10.20597882440179,0.7200601259628822,10.888708522777543
LightGBM,182,1,0,454.58929091775786,504.3682071974412,20.35397635402011,23.18432759611192,4.401717359864134,21.248558094262748
LightGBM,183,1,6,1596.1609158239537,2262.9176749881576,12.786784496820289,14.342426786409929,2.632257911191514,14.249305713868269
LightGBM,184,1,5,676.5192740901304,719.2855310818252,15.480387523982053,16.951534842809846,4.035271129018167,15.647364346307599
LightGBM,185,1,3,49.76264988252254,65.68712204584405,1.5300852682179849,1.5204381921386365,0.5564745966982859,1.522233227206984
LightGBM,186,1,0,31.34508408058659,35.224268366973284,2.7269189038762605,2.7743716322505154,0.6403178654594538,2.7452876287006553
LightGBM,187,1,4,43.42368983311311,53.263338175429226,1.1054258721877999,1.105550368087729,0.30950787148792164,1.102124107439419
LightGBM,188,1,2,17.753877104560388,21.504955734454363,0.920575049987076,0.9185341608942516,0.3244986594115269,0.9175999675021951
LightGBM,189,1,4,138.57584444652608,175.34443972491135,2.8817489168734975,2.9424668028924708,0.656726961446305,2.9282298277819843
LightGBM,190,1,0,126.2893236286048,149.719580864968,12.888809551056568,11.770992814523089,0.9498838811607094,12.033921785679654
LightGBM,191,1,8,1091.1565050828058,1328.2533032739368,27.868990351931593,22.05853891615709,0.7504635899495627,19.41751566138458
LightGBM,192,1,8,480.7328039947982,578.0196299963543,5.3032231613906,5.5108571013667955,1.8246792560386502,5.415690619543352
LightGBM,193,1,2,161.04062137819835,163.9089449097886,7.811025226264011,8.140150972521996,0.6242673935987828,7.819948044204665
LightGBM,194,1,6,146.17229612090875,171.29065915706738,3.1244859679915464,3.1926088400677037,0.9075411205469142,3.146159023994497
LightGBM,195,1,6,398.77833103919085,450.8465277171741,3.897920267900254,3.913493391477249,1.428373490472998,3.917909961348951
LightGBM,196,1,5,113.96323477476307,119.89776609513149,3.2785227120318408,3.3391998739377455,0.9018395988263294,3.277421674302181
LightGBM,197,1,3,834.0739046055844,920.4353161235008,53.74180065844227,40.09061038924282,1.5952242461305757,46.807537063285345
LightGBM,198,1,5,382.78503005657177,468.6777960534221,7.852545908828369,8.155449410039191,0.9729245846283296,8.014273420548776
LightGBM,199,1,8,256.72382465417104,314.99415544798376,1.875357163966606,1.8911788610699043,0.2673836714189614,1.8862150597372864
LightGBM,0,2,1,162.34326697519222,181.031433294207,18.005417260638993,16.17661502387121,0.6334410653480749,17.22271942920646
LightGBM,3,2,4,892.3463116681858,932.279208956506,34.869515096250076,29.197597828311384,0.6229393976912725,33.35354536682208
LightGBM,5,2,9,2444.8928486384,2810.3134910586255,22.809493054652417,19.61181798073987,0.9504667174730622,20.059287695652127
LightGBM,8,2,9,1681.4608573447476,1871.0535115042205,13.178473358537044,14.36144962014469,1.0934051427502318,13.189077667860143
LightGBM,9,2,4,1085.6792267315711,1172.4624165218752,25.18915963584381,29.540867846032025,2.1595639120970738,25.43898214158849
LightGBM,11,2,7,2797.538776933492,3616.4833353117965,28.076371940841444,33.17578563385404,2.400845832049097,31.13632989721133
LightGBM,12,2,7,254.44029920013983,276.9493957912375,4.015948304745043,3.922063363410621,0.733887131063884,3.9918952621205817
LightGBM,13,2,2,413.29754602733493,471.66252619815134,19.802479668877748,22.62014307571576,2.8035219266502147,20.80618598115543
LightGBM,14,2,2,190.32314936917933,205.84186595796805,11.377486242643215,12.17766301796365,2.262331946262467,11.517459747989568
LightGBM,15,2,3,380.43866024352553,527.954708052981,16.767342382812384,14.353595878015573,1.1200203216154963,14.213474953524177
LightGBM,16,2,5,878.5800391936023,942.6652868519919,18.317124070292433,20.458660440418203,2.519906718751308,18.533955199401994
LightGBM,19,2,0,75.23644354399163,78.79474435590645,7.195423440331719,6.9214101807660455,1.5549662417677124,7.155531986641918
LightGBM,21,2,1,224.2131371240939,252.29743178528278,14.146026106365031,15.459629594519466,2.446304234413082,14.624874412439947
LightGBM,22,2,0,382.01554536212353,398.0869437511643,22.051923249438822,24.987954684854653,2.684433562004111,22.404143804633858
LightGBM,23,2,3,215.44545652968998,255.55262039982279,7.831504047052594,8.271957556573811,1.0252383301142212,8.034579227735989
LightGBM,25,2,6,820.9696820995839,993.2025096297006,12.672665273538792,12.295162367148492,0.6521604562966448,12.543463439260258
LightGBM,26,2,8,921.1535395148458,1197.9684365218238,8.592047325376804,8.841001046011616,0.5800066931297282,8.840048362749444
LightGBM,28,2,1,69.96040403331416,84.85676200519814,5.30139298619783,5.47617119624081,1.1269953561748254,5.44203661451882
LightGBM,30,2,0,151.40203775063893,214.93628864971816,14.785974985925677,12.494686899240724,1.0444857852562783,11.91638537541963
LightGBM,32,2,9,244.08282242162173,269.07712898475893,2.5085389377295852,2.54709458773459,0.7513204478645026,2.5207933923857886
LightGBM,36,2,3,733.2880478019749,798.6332967628041,23.3701140729804,27.019868481099223,3.7298335008661634,24.03478685843013
LightGBM,37,2,3,87.95329125423946,107.68416432885219,4.671699602521771,4.675322915255841,0.15074991315011319,4.679749460763554
LightGBM,38,2,2,91.81736278078631,106.75814204784331,4.6324554294727305,4.489458145007454,0.44707315576941,4.552588457757009
LightGBM,39,2,6,139.24395450296072,155.49606089653344,2.2654380243772603,2.252212183171625,0.3348730968994058,2.2422216009193754
LightGBM,40,2,2,420.8784585203406,447.7605264014777,16.961578738463185,18.724259310342305,1.8793160105930289,17.270752781298725
LightGBM,41,2,5,256.4274223656205,301.07057430489243,7.5143696223510155,7.865126021116621,0.4049822894503698,7.668538964248494
LightGBM,45,2,3,838.6847859687349,883.7871340781625,39.10309161011752,31.974481232674584,0.6165707181001229,36.54284940787927
LightGBM,46,2,6,397.90115387339944,553.5723668060979,4.66295518371573,4.797481456603113,0.25106573762566314,4.774813846480793
LightGBM,50,2,8,423.77305725495825,431.1785977110644,5.033943099643656,5.168298895837473,1.4279253302694235,5.042582819190354
LightGBM,51,2,1,100.948645584431,139.50810535992287,10.192483647714862,9.226900820016343,0.8517862112512128,9.113028671934604
LightGBM,52,2,5,840.1173099120672,1159.765391891823,21.215013747053636,21.226020412130527,0.7077048612592318,21.154185171779908
LightGBM,53,2,9,355.397383334275,371.52421535581595,3.587579185078557,3.6590198585204217,1.0270658325715287,3.5979487626642013
LightGBM,54,2,4,109.71234470867353,148.5986801821934,3.229021315724189,3.3212025868801107,0.6178749245466351,3.321560847605392
LightGBM,55,2,4,92.30199315814528,102.09385082658109,3.6584782438511625,3.7417543875197983,0.5762871581153712,3.6860836968456088
LightGBM,56,2,1,41.42026462567479,50.59288784214915,3.3894843214961954,3.464872808767552,1.1721339631670764,3.4450859820088087
LightGBM,57,2,4,232.56031100373568,261.270306962272,8.064030687568653,8.490249220105268,1.4230869482134911,8.229747191242835
LightGBM,58,2,9,1904.2342001736854,2189.3872132352008,25.850894686217558,21.919926503500577,1.614057732527113,23.268374202679162
LightGBM,59,2,4,385.3775412158114,404.66240382260486,9.804859039772463,10.36364746566206,1.085546046018593,9.860096682529793
LightGBM,60,2,0,555.1699787672559,644.0687114996443,29.525400305565224,35.63667512956571,2.0536159515925667,31.738306213628388
LightGBM,61,2,3,925.5304085577213,938.6833485876258,53.54494518858767,41.828914650568755,2.604706155746965,52.52738111400469
LightGBM,62,2,4,268.8203505182633,372.2606999047509,11.522166944465024,10.46875200650628,0.7250690033843881,10.14137901190394
LightGBM,63,2,7,2077.162976760675,2403.913489810757,34.694288489752346,27.80880682729798,1.5721215794817065,31.10166412781353
LightGBM,64,2,3,331.7098119283635,367.5687097164394,15.136952301911865,16.63327484090259,0.7394430708726846,15.553150248663158
LightGBM,65,2,3,370.8918396497541,481.71480386856877,18.364922797289065,15.665892995913666,0.8950389764170468,15.47714522987865
LightGBM,66,2,4,96.0262842945692,121.27788069054539,3.3491282052545306,3.268778939015811,0.2622107806821789,3.2804576149217035
LightGBM,67,2,4,156.06129198078085,200.89327696142774,6.697513967172039,6.334053353030379,0.5195087421200976,6.474946877316497
LightGBM,68,2,6,1007.2290873856314,1208.8907579934355,15.421617364266691,16.87588313841887,1.4974535199233077,16.305044944321946
LightGBM,69,2,4,280.6268895833434,360.4404350792124,7.400988311838347,7.781978877453932,0.8581461684634009,7.821022294908038
LightGBM,70,2,3,274.7745804302901,292.77231872881686,9.67440082889916,10.231910285885519,0.7801021259922323,9.720244812589733
LightGBM,71,2,0,51.479477212841424,72.41757989467457,5.226501538819396,5.437842676864197,0.21046664794359976,5.550662315445361
LightGBM,72,2,9,409.37017259077066,499.691733409283,4.3390334993762405,4.4507442138810065,1.214451657076452,4.402601272682432
LightGBM,73,2,2,38.74004590216423,44.35441179044258,2.20318476051641,2.235180230157034,1.828722663704647,2.2157568117916693
LightGBM,74,2,8,1374.2958155917647,1467.9187857175118,25.17477330205319,21.872048242695545,0.6469670947076845,23.924465139127555
LightGBM,75,2,0,42.61048638105875,49.30184322230216,3.2858549739871012,3.2699622796098256,0.27314395809284703,3.2711954978487605
LightGBM,76,2,2,229.10484956455113,263.3661996748176,15.777579134641947,16.56711561825904,0.9946273648936217,15.704327616278308
LightGBM,77,2,0,313.85273749936414,444.9209332169831,30.804737981727058,28.005961881768354,0.7308754265088129,28.867395375516374
LightGBM,78,2,2,487.893177065545,512.0037157894883,37.530743961493904,30.948036943906448,1.9692597131148941,36.199252616889446
LightGBM,79,2,1,148.05347603920916,169.86736591664447,13.599385606322844,12.453886128504093,0.6544430960727053,13.030002521479098
LightGBM,80,2,2,263.69571107198607,277.5112293170747,11.039257300059848,11.754048822675495,1.1537037488457587,11.105233772301768
LightGBM,81,2,1,92.61391252665976,97.94216085657203,6.561312320671189,6.8096746057076345,1.9644512647831305,6.603487524182514
LightGBM,82,2,4,431.7489197883429,487.4309393796581,20.979328094127492,19.153128994346435,0.9246692355188303,17.737249760570318
LightGBM,83,2,1,53.8182350661543,60.3483128448642,3.869635218828688,3.964246570483,0.26752901570572907,3.909333827245239
LightGBM,84,2,8,228.97299691051128,247.76920450002316,3.914217352796657,3.825563500260895,0.175159919848565,3.8827043317599745
LightGBM,85,2,5,383.8289096570886,422.11265487222187,8.221243106253201,8.632033333248472,0.6338730352893476,8.336104091883149
LightGBM,86,2,5,240.38928512632435,320.4006241933635,8.035783788533713,7.492902421566987,0.31068939531777007,7.686864737944727
LightGBM,87,2,5,393.3241124022746,434.0633655518377,10.763312307379275,10.584079609190516,0.6672808701567029,10.543210641444277
LightGBM,88,2,9,1095.0624734721666,1213.512338730981,12.066586870544212,11.327456253000232,0.7494036934266438,11.641715789718663
LightGBM,89,2,7,1731.1573417995323,2282.579468007494,26.6979355461351,21.828573921743892,1.442631118166277,20.801623599727357
LightGBM,90,2,1,383.27532486892784,448.8923224616108,23.974677571561845,28.37140857953263,2.5055475281135267,25.95027493640544
LightGBM,91,2,5,477.7574758620474,555.6603841334552,16.98970110229657,15.176092939722816,0.6272478593025261,16.016006565941918
LightGBM,92,2,7,1043.7460766211573,1211.344145494504,53.897202968482816,38.37403425885458,0.5654459122580693,43.9007864881595
LightGBM,93,2,1,50.291829800046585,55.588032114322246,2.669512743516485,2.7106350334860885,0.4844706729326064,2.682787607059366
LightGBM,94,2,6,3710.9401291080303,4183.31917122442,34.49592069811038,38.30915847503504,3.9478985477823043,34.81193296556348
LightGBM,95,2,8,288.6821035224822,322.40260012719443,3.0161236355504566,3.0736902159725896,0.9357845393319464,3.0371604789319533
LightGBM,96,2,1,54.905492961533746,66.54246466450674,4.162106410400708,4.1384980288565165,0.5262179963779493,4.133576504744469
LightGBM,97,2,1,87.95405802098797,111.0594790899809,6.611304872806365,6.93258633495973,0.40739271585936554,6.938737688973943
LightGBM,98,2,4,402.0483913258559,429.58035432359725,12.16122021130702,13.05421418464191,1.9133195129846925,12.338613502837454
LightGBM,99,2,5,596.4372160696398,769.3643594522416,7.552024750969666,8.030026739416266,0.7339129364031234,7.669574145773337
LightGBM,100,2,2,652.2920782344816,830.218128967334,18.886208354134233,22.24304541392127,3.5179723012580086,19.962984375436026
LightGBM,101,2,9,539.1136637150448,636.1123303774067,5.213151782637756,5.395196915030046,6.443147021527427,5.429657037354345
LightGBM,102,2,9,214.20744880755078,252.8410996671624,2.118089052097049,2.088649387833308,1.5911926269003516,2.0961342132354313
LightGBM,103,2,3,189.78915944794588,243.95282192854842,9.465482542610253,10.244694423665713,0.7607871643563795,10.01810796404438
LightGBM,104,2,7,1659.1002592070602,1919.49912092178,16.686439279412074,18.68698221272843,1.4480379951993787,17.547321886365356
LightGBM,105,2,9,311.55197456649836,365.46571489488247,3.222992709293375,3.294594904141134,0.9715061572503713,3.2547507499692223
LightGBM,106,2,3,447.4400211538528,470.52099448280023,68.93322648668814,49.50141658545927,1.3701565962158753,64.61515439130544
LightGBM,107,2,7,1737.6380775635782,1894.3774553251963,14.445083655720447,15.778442745053633,2.4130010015647456,14.739625540124605
LightGBM,108,2,9,407.3252263875703,482.87297081536764,4.05992537013435,3.9604424239518528,0.7522883432199426,3.9777422526753536
LightGBM,109,2,2,217.24622395002723,230.38886755100265,9.726563856835336,10.284626640701362,2.082075856445544,9.822716123795882
LightGBM,110,2,7,5336.823564691647,6436.35037037037,26.768795570112662,32.542802879190994,4.615668449093049,29.64688778999832
LightGBM,111,2,5,1231.862020761234,1274.6282271578048,27.994880793411784,32.88274575083739,1.6563991784278298,28.26104421024337
LightGBM,112,2,9,466.8835618189781,510.96564352746304,4.99959616878486,5.152649769661647,1.0779525729668695,5.045874579850859
LightGBM,113,2,9,147.5471705453557,178.6293105641679,1.5029647445173513,1.4875635819367856,0.4659384333011232,1.492888740762452
LightGBM,114,2,4,170.47300433323213,205.62363551127473,5.3330557186963805,5.173207333470339,0.544943815601772,5.156722692821981
LightGBM,115,2,1,33.063497786350496,40.3904119846438,2.096153180542602,2.1204354163048644,0.18293328693267694,2.105955273015955
LightGBM,116,2,9,271.9715862785798,323.47565937022495,2.777500151623822,2.832343160186885,3.3302643217785284,2.8083344154511454
LightGBM,117,2,8,769.3031595933312,1101.112553773842,7.561232199606109,8.128235330529893,3.6503613244952176,8.187511823921362
LightGBM,118,2,7,653.3325749918677,689.0647815225624,6.533325749918677,6.779979656307078,1.244197837848973,6.533325749918677
LightGBM,119,2,5,553.2850064586451,601.5550378972541,8.829255498924441,8.386594430877059,0.5208862059813031,8.669332791530133
LightGBM,120,2,8,740.9518779468026,791.240446778038,7.230525880878741,7.5388169876715665,2.4260133368974963,7.295226891501175
LightGBM,121,2,8,611.2147814743128,649.298762388095,5.930184188834735,6.133223745514733,1.2030698187390318,5.989039774925221
LightGBM,122,2,8,90.34782126634633,137.1392670795939,0.9881208611190481,0.9993989890336116,0.23593757917370947,0.9998529251732148
LightGBM,123,2,0,17.992416459333185,25.926837984467046,1.6977719000370477,1.669042679825279,0.37439705444941435,1.6634964538106443
LightGBM,124,2,6,1565.426319692852,1773.0610121324348,21.18434143673885,18.5285766871449,1.1019865927637749,19.8391151182393
LightGBM,125,2,0,300.1043281702802,323.71716587030636,14.263638359910427,15.523490209614115,2.6710680969581357,14.557764094455845
LightGBM,126,2,8,307.47335795513106,332.4517542736917,3.0065615857351338,3.054809127210577,0.3008249265288916,3.026143797312463
LightGBM,127,2,6,302.96661462357247,314.5046077755122,3.6148891059823858,3.686487106201439,0.7563298557317304,3.623520972242063
LightGBM,128,2,6,2193.166779507305,2394.260321869293,21.979605081283616,25.171294596824517,3.4042993516381754,22.622158924787925
LightGBM,129,2,2,180.34294984664913,197.6395168976846,8.595179276688784,8.82753917674371,1.0672626418990094,8.661220875768922
LightGBM,130,2,4,209.4504785206102,230.5163478772997,5.891064084766952,6.106274065280504,1.7023298006733576,5.962351655180758
LightGBM,131,2,7,2318.0983614484953,2557.75202970969,24.411848449331362,28.53790034805273,1.817776907782614,25.59863221231467
LightGBM,132,2,1,36.707187618916095,42.27858683832558,3.2664557181309624,3.1968909912002434,0.7324599364325001,3.2436395539542944
LightGBM,133,2,7,450.6709750651175,479.15482293753024,4.969302663463898,5.111816746518586,1.7151520048409983,4.997891412218665
LightGBM,134,2,2,120.94698936176012,140.44514324727862,4.9116712398303575,5.076953187911523,0.9164632213795324,5.008877533270332
LightGBM,135,2,2,487.53121894648575,541.3217075819497,21.20109574617046,24.171444513025225,1.1512132105599278,22.062996910090337
LightGBM,136,2,9,140.5659433782812,172.59307959228676,1.432892031996177,1.417551177382537,0.47785277091030276,1.4207828781974021
LightGBM,137,2,9,334.73439409827785,358.90145490381633,4.702503507152124,4.591007222008357,0.1852004577979314,4.666968047937509
LightGBM,138,2,6,252.0510734140761,312.7430551066262,2.8671356687092513,2.907979026852193,0.5116818607926946,2.869433895879737
LightGBM,139,2,0,6.356183061382341,8.289448521858127,0.6112685016470639,0.6116879908245724,0.23372270766705988,0.6110408839184049
LightGBM,140,2,6,292.1125694982297,392.7952858383536,3.3382987471525025,3.4413003329646155,0.6945746958470027,3.4186093201618495
LightGBM,141,2,4,814.3326656483592,1033.0445841347469,19.285715478742745,19.796259685850405,1.1584550080909721,19.69638329691909
LightGBM,142,2,5,413.00739611062147,441.9744092460868,7.6334087900665955,7.977223220753409,1.6895949113038071,7.72469201276701
LightGBM,143,2,9,178.52157476460616,200.52606312044685,1.789535676692065,1.7710110948900504,0.40406579640133083,1.7818796729250852
LightGBM,144,2,8,328.68000045974713,428.7900049489427,3.3404772595038303,3.36693328284842,0.8260915799508306,3.3966241866319034
LightGBM,145,2,3,551.8281490397271,576.6496925067646,17.657776965411724,19.527249361218605,4.088031999038521,17.81658785790019
LightGBM,146,2,7,1280.3326112349096,1428.1044836068904,11.834272204087018,12.763348280670147,2.99565498614808,12.038166851525208
LightGBM,147,2,9,746.503802980933,904.5342720670371,6.013817639040118,6.283263760659376,1.180268047254118,6.174595578529038
LightGBM,148,2,6,476.2725014013621,609.1956195985451,8.564595658840757,9.175774455899145,0.5134575890042796,8.971931687004021
LightGBM,149,2,6,301.4767038778977,420.70417202129556,4.785859865112227,4.808397035750645,0.77308594533663,4.8781780145695
LightGBM,150,2,0,11.018726424755092,13.102447465160573,1.053888151976193,1.059313144214368,0.7269185820187596,1.058463863367835
LightGBM,151,2,7,112.32804081564144,116.65390695075064,2.0188703789739715,1.9971238974013303,0.4393468236804799,2.0163396372826456
LightGBM,152,2,3,526.6543747500558,602.4779696397238,22.319838849701313,25.718806936534456,1.19485980809965,23.837957314729746
LightGBM,153,2,4,66.07430582161143,69.86133487446723,2.8595808719099938,2.814482326798464,0.7028507854526947,2.850077893096108
LightGBM,154,2,0,16.279168187317445,19.447511441643293,1.4539299415768532,1.4403059028618992,0.3382921780009803,1.4422652329168384
LightGBM,155,2,6,47.87132839861665,56.70645001430567,0.817666707419399,0.8218563717733228,0.5974808110634041,0.8215903043240843
LightGBM,156,2,8,791.6508834299262,959.3468106066684,6.9971298722799515,7.339419759114396,1.4796030888386802,7.248812647135352
LightGBM,157,2,1,131.41154695633512,146.20775907843492,4.70296295299964,4.842018926634001,1.2621195390774789,4.769840156749874
LightGBM,158,2,5,34.74470494557126,46.19119724766537,0.7130613939498275,0.7095574386296909,0.38762800075331194,0.7087541806666847
LightGBM,159,2,6,1321.877442681111,1427.9433597268148,15.35027994528561,16.82531320741189,1.8488601224115784,15.705941079609623
LightGBM,160,2,0,14.261514945874158,18.082929257909957,1.3324917921073414,1.341060488014939,0.19726119799990602,1.3404029398518909
LightGBM,161,2,0,60.60468792069864,73.30547399226563,5.15571323078554,5.2664401859000725,0.7494719994794659,5.305109603084076
LightGBM,162,2,7,497.99368288528564,561.1389197648183,3.849645462365404,3.943919717990259,1.2542751341327159,3.8917580393067084
LightGBM,163,2,4,61.32661975006474,72.38930429758757,6.505195968592273,6.242397542733238,0.12140641490419758,6.283474330339642
LightGBM,164,2,3,109.68512456976444,125.32145786123519,4.3043576563318195,4.427217487671728,1.1035803944442557,4.358349320652891
LightGBM,165,2,7,128.67528959829644,134.00369510501153,2.2375620007686994,2.264959056528049,0.45968808076068723,2.241729783942447
LightGBM,166,2,7,363.72750849238463,438.38926268348905,5.818712505265004,5.720516109452156,0.8426954157150297,5.743065923563968
LightGBM,167,2,1,983.8193069889484,1159.2807919285358,28.729530112324692,35.35678670257971,5.299285826065241,31.868457867496787
LightGBM,168,2,8,1152.253109991639,1293.3174592973048,6.340296794040549,6.554526812502193,0.9879737533328111,6.520137057481767
LightGBM,169,2,4,25.650700639991708,32.73120199845636,0.926043950259065,0.9329843596223353,0.568474987156573,0.9306845626282013
LightGBM,170,2,7,2034.9525348913512,2415.492224453204,31.391990367750484,25.767146662855094,0.7509479560631184,30.613577624775868
LightGBM,171,2,5,169.43086612778853,201.8717112267901,4.541120578437656,4.397196906917836,1.7497898013197304,4.452847992845953
LightGBM,172,2,9,242.98537931965024,288.1939734378921,2.9205319446094182,2.981350056896227,0.5097876218716635,2.9586398176070112
LightGBM,173,2,0,61.6105682413487,80.35784610207227,5.536740534001935,5.5389101219086125,0.43687493843865444,5.525611501466251
LightGBM,174,2,7,2576.464917150675,2844.097536858887,29.390210771392013,24.575383634733917,1.890872616880638,26.69267949107967
LightGBM,175,2,3,1141.7332117818407,1327.308842968877,33.73137439403969,42.50001226051865,4.2185592603931985,36.724832334684244
LightGBM,176,2,5,49.23791774486507,61.34415128433574,1.0981982568040558,1.1075617315914117,0.33303623220337664,1.1059177931215014
LightGBM,177,2,1,322.31867924718193,340.3796737427299,21.761115468107263,19.38189607286578,1.427665285423681,21.229928997805462
LightGBM,178,2,8,129.12269989713312,146.11725214700388,1.4385634030992998,1.4506271205216672,0.8952701289372815,1.4457629995946728
LightGBM,179,2,8,2016.852671462816,2877.024995952961,14.541064590470024,12.60169871711061,2.1155195178109523,12.29251041595329
LightGBM,180,2,6,2180.392039301064,2379.275832873509,39.00016943926491,30.932298624468473,1.694826280629069,34.95204460965136
LightGBM,181,2,8,603.5522055613225,741.1261346950145,8.347221242812285,7.821470813201187,0.49416702219442193,7.963013780036506
LightGBM,182,2,0,243.89232078696458,303.2140868126445,9.595524840328514,10.325344347253134,2.2708346243362993,10.044988500286845
LightGBM,183,2,6,2026.6307400246749,2408.902039733902,18.12633843820068,18.484411674097085,3.130479809740405,18.49453223920493
LightGBM,184,2,5,461.57240222311947,486.61259065251096,9.883671676590605,10.451658083858602,2.4073689261169244,9.970428509987945
LightGBM,185,2,3,61.19510593156388,65.96783496219534,1.8997323029953674,1.8958650790498588,0.693293087970263,1.8959223166804076
LightGBM,186,2,0,16.279168187317445,19.447511441643293,1.4539299415768532,1.4403059028618992,0.3382921780009803,1.4422652329168384
LightGBM,187,2,4,128.0836076890188,143.59370041318218,3.147086595748604,3.2000980759571225,0.950484690542945,3.177377257996608
LightGBM,188,2,2,46.96787932133495,58.734134309176405,2.332788144977167,2.372843080797378,0.8754009431605742,2.370226384654286
LightGBM,189,2,4,165.48544135385353,222.8404949091366,3.233687210900692,3.329564705640596,0.7602512110062675,3.3362947591241023
LightGBM,190,2,0,121.60750641963129,162.17298763883863,11.132803197846039,11.09706624660557,0.9123645294071695,11.288989765618169
LightGBM,191,2,8,780.7724509504549,1167.9582925422985,26.33307032964091,15.68931220221286,0.5293980877558678,12.513493114689867
LightGBM,192,2,8,494.08265215964377,557.4555458597071,5.220546854021644,5.397226866413204,1.8707762418234932,5.295003416809709
LightGBM,193,2,2,37.88991850549998,38.7519168853767,1.8270544417147012,1.8446721002754043,0.14951301376969914,1.8279435472907224
LightGBM,194,2,6,119.24981577588784,131.6182518792849,2.5132463388337007,2.552090179873233,0.7656588892015558,2.5273120660834327
LightGBM,195,2,6,727.2323295868482,738.0310952875691,7.375325543614163,7.10427102637628,2.5856786979132154,7.349490728691954
LightGBM,196,2,5,34.14474839310557,39.89189372640411,0.9913681791219816,0.9883233531118292,0.271919977491226,0.9911392857214971
LightGBM,197,2,3,625.266381865215,746.9827165986516,47.67498378919233,34.11864664293368,1.1712487459754222,38.00305540535824
LightGBM,198,2,5,431.91522658787335,509.79092464288755,9.690095375260574,9.604088707319178,1.096413342657534,9.256790046604202
LightGBM,199,2,8,847.7528157166543,965.9725899843111,6.7807638288987615,6.49415395813375,0.8915388205270932,6.615735284281129
LightGBM,0,3,1,85.42488913344187,90.72971141387262,8.791310082956477,9.056238491937503,0.3676824496417871,8.910802065379889
LightGBM,3,3,4,471.8844107394608,536.9366659896626,24.986889610493947,21.38821573546432,0.3463507396542451,22.879367412916146
LightGBM,5,3,9,2668.6336359847824,2849.260034334117,34.22626225701517,28.308640959138998,0.9461003200135131,31.79678655439603
LightGBM,8,3,9,329.587987707606,395.39839454842166,2.642677994470789,2.6917889723868584,0.22085413516256824,2.6641745009596316
LightGBM,9,3,4,402.2629553339956,421.5060058567724,9.277144155440226,9.772832689817683,0.8021373239699473,9.304343552526852
LightGBM,11,3,7,1255.5314798722734,1545.7535538759116,13.179018545373342,13.21748668197437,0.8702121227600859,12.927829766722503
LightGBM,12,3,7,372.3275239792972,423.32979177283994,6.210835847441451,5.967140029393684,1.130821835638158,6.104986483217265
LightGBM,13,3,2,411.80530977460086,441.1118361865949,18.273575519818216,20.377833005537617,2.4816975238886116,18.552806577503386
LightGBM,14,3,2,116.0558600850337,180.56605130688354,8.837877462094617,7.9602969251506925,1.4683135147301405,7.223823913479934
LightGBM,15,3,3,249.20651324278592,256.6935164735329,11.961689636790515,11.242426460464843,0.7901027572123123,11.876402537384555
LightGBM,16,3,5,647.3233152844891,728.0040654788563,12.934998313487425,14.04365133255073,1.6922608566291595,13.25207047410745
LightGBM,19,3,0,18.153191048283208,19.447428852804784,1.7169807398838561,1.7340008707452965,0.3664021516809798,1.720953488540042
LightGBM,21,3,1,412.69053461590306,440.19395175705336,21.896111580538214,24.904361755286114,4.215907485251855,22.419390453254913
LightGBM,22,3,0,230.727415406097,246.05317214890738,13.153307123067517,14.116767938653801,1.3899241891933556,13.191123990946977
LightGBM,23,3,3,198.34063677103285,216.73651832924583,7.352691159410046,7.686498053579292,0.9152479261784876,7.422622807013362
LightGBM,25,3,6,1180.3855029753886,1349.2745361448165,20.947751186028164,19.69549730146706,0.991642819637683,21.11601973122341
LightGBM,26,3,8,1895.3539650454627,2437.4871614841454,15.245249740578496,17.15814013434024,1.2645418266735677,16.53454560413641
LightGBM,28,3,1,60.70425059919424,77.48357031322455,4.585320637270004,4.757087490312724,1.0117375099865706,4.739022903176894
LightGBM,30,3,0,291.3307487707398,330.6499640062085,30.28776010564079,24.9373202544639,2.1364557673703652,27.273793047870974
LightGBM,32,3,9,325.6643409485435,340.75069823268245,3.287776362392558,3.3479123441458563,1.0973339829789934,3.2960124470473904
LightGBM,36,3,3,671.6036866174278,746.7161694001667,18.762502148127876,21.179253303138523,2.6566164632958533,19.300926352706625
LightGBM,37,3,3,116.25413102556581,134.58612211400305,5.225899364860971,5.408485486582822,0.22102113258214634,5.4057720445884385
LightGBM,38,3,2,173.30444595762492,214.33903968552355,10.013860718266358,9.235357402451033,0.9235952874687638,9.424097770881477
LightGBM,39,3,6,372.1059743215661,375.47054878987313,6.285139269089028,6.089953695517471,0.9919299119999099,6.277532569285955
LightGBM,40,3,2,402.0952440217277,554.9357288311348,26.56598152371723,20.680650173060407,1.7217273515429588,18.78994127948271
LightGBM,41,3,5,186.93194371997618,240.14036095328234,5.895910897913073,5.722244202985596,0.28224335288730434,5.964855498953326
LightGBM,45,3,3,422.2447631342224,484.97017104515186,24.870395832798962,21.255515959331962,0.3242350056318321,23.201819830440392
LightGBM,46,3,6,610.4248306352329,763.5437601109085,7.760334149280393,7.858007872320699,0.42360441983583774,8.037781237332986
LightGBM,50,3,8,115.25475058370769,140.71032095405297,1.3490098625676266,1.3625870358868502,0.3758061993251778,1.3576686041076786
LightGBM,51,3,1,343.53468376199606,369.6481942318361,25.7062603699778,29.967615283763237,2.569198434156925,26.647143378791704
LightGBM,52,3,5,767.6017030979373,1018.8016301271082,24.72589190560287,19.99395709210053,0.6389387576069095,18.323960580606087
LightGBM,53,3,9,279.6918603588182,291.5722590416443,2.786867876300557,2.8296314813530605,0.8372554605101282,2.792264828873393
LightGBM,54,3,4,234.01993866453228,244.23678191666633,7.520556419522135,7.221563093165351,1.304394986804872,7.463227971060604
LightGBM,55,3,4,39.58666389622648,59.959652349837,1.51905860265375,1.5301008033347516,0.2592378974763365,1.5403903942464001
LightGBM,56,3,1,57.34585917705988,68.48229640847215,4.385117898620036,4.524345025319098,1.5447956561307277,4.464740065098645
LightGBM,57,3,4,95.93017116517578,100.95572318750683,3.238810608613895,3.2976844751545142,0.5681443169060789,3.250633621434339
LightGBM,58,3,9,669.3571606147328,849.5278648471631,9.190680055537445,8.560404989899336,0.572228398612731,8.419203958093323
LightGBM,59,3,4,635.1399611753997,747.2100997347189,14.676379287338893,16.29838679117017,1.7149553540773954,15.15555978630149
LightGBM,60,3,0,303.0204423768895,380.39827845821475,15.102885571565869,16.854825690822686,1.003298899506706,16.29819307479306
LightGBM,61,3,3,123.77343841795872,143.28967822777403,7.099404348327903,7.012377085176978,0.24737337967333112,7.068898115379499
LightGBM,62,3,4,388.7768238654687,449.106628165163,15.5616423980102,15.106824312402853,1.0401940633209112,14.66412170030979
LightGBM,63,3,7,1579.1486603651226,1642.3495619575622,32.107268229729506,27.26005741400857,1.2111734183031053,31.227038333835573
LightGBM,64,3,3,141.0521860395588,174.6462016238675,7.370640914460871,7.075607286547562,0.3075436254020687,7.105306995528105
LightGBM,65,3,3,307.74036244313436,403.63334654272404,11.174865615512994,12.051036443977365,0.7445032055878947,11.847876424835267
LightGBM,66,3,4,268.3923220928908,301.3627124462284,7.964799092567048,8.378583152512451,0.7733317198286201,8.163335244461026
LightGBM,67,3,4,344.31877581763774,386.67664571444936,17.141694822694156,15.436320999443998,1.2020333959540803,16.3874572341929
LightGBM,68,3,6,1229.0286570016674,1424.8859631886207,16.49587510143458,18.32947966888038,1.7318352415972051,17.465302318012853
LightGBM,69,3,4,859.8392891276367,919.6268409739583,19.590706806862055,21.95949511117206,2.703231323596588,20.038453190370646
LightGBM,70,3,3,227.75583964182513,258.9853902923472,7.984605536540204,8.413792822756996,0.6314144975570918,8.058540346811759
LightGBM,71,3,0,95.55664143875093,102.38467582793977,9.344263769979186,9.871653776728989,0.4161232443187666,9.412192952015372
LightGBM,72,3,9,531.2464372213467,611.624351770242,5.2661791367135,5.453102015137628,1.4750996904777953,5.353298725208111
LightGBM,73,3,2,28.039665539274793,31.15731576584388,1.6127897042748653,1.5967679751587118,1.3012883454691064,1.6067041661316852
LightGBM,74,3,8,1728.3873536399917,2007.5603896943076,42.498268641130124,31.915188949134894,0.8332869782599733,35.987837122265866
LightGBM,75,3,0,80.56359062651529,100.11075251166228,5.856614264990342,6.076971907345149,0.5268628514570995,6.0299993385084125
LightGBM,76,3,2,256.5733246612253,274.7257394920065,17.70599174529241,18.5803203489548,1.1320910894158145,17.484341824756473
LightGBM,77,3,0,366.1969923259828,555.3490281763915,26.84407066246552,31.811293103909204,0.8833957679140788,32.02889145708305
LightGBM,78,3,2,99.27005852313593,119.18055981440943,7.715432609552791,7.389022612279557,0.38770122313003097,7.393862288686518
LightGBM,79,3,1,66.86835967654368,87.89705786560712,6.294503391023321,6.0051820178939765,0.310419812870229,6.064158106362854
LightGBM,80,3,2,241.06789487099266,309.65901196847625,9.332982129811326,10.088214792978148,1.0085548944046352,9.69385218780264
LightGBM,81,3,1,40.48183993033836,49.94886964133725,3.044455512923625,2.9772407178920033,0.7740313562206188,2.9806238751016094
LightGBM,82,3,4,491.47074863446477,567.68955679512,16.963224820318064,18.836332492315936,1.0497359633417036,18.02814533881402
LightGBM,83,3,1,142.93437714564237,190.8849760702929,12.82348849789596,11.458156710203829,0.7535609172026564,11.565424042769294
LightGBM,84,3,8,95.14292504505835,126.45011293231005,1.6323711195489519,1.6093189840880997,0.07755556739047988,1.6117557188417782
LightGBM,85,3,5,928.778223155892,1176.0996425274275,16.7007520770233,19.17469055784414,1.5075847909179683,17.991278193250352
LightGBM,86,3,5,488.89509864895626,502.933844585848,16.198234209014327,14.908194256405777,0.6813816757949511,16.04486444417519
LightGBM,87,3,5,1331.0871272776153,1583.7635204075264,25.21048272966957,30.203683850014922,2.334180549397813,27.38986241680984
LightGBM,88,3,9,888.0664496990938,1014.7191471144223,9.092309108933744,9.518766850090318,0.6523866294055725,9.333957785793809
LightGBM,89,3,7,1339.7630579834217,1897.5774819147593,20.067724464227414,16.572482507124462,1.1299206513113196,16.631541409449373
LightGBM,90,3,1,165.8649234861713,183.28719629544986,11.505118073195549,11.038923279778363,1.0309089067862667,11.137746085188402
LightGBM,91,3,5,542.0001835699209,649.5662464023966,15.977945420424,17.53530552492531,0.7365247758345738,16.80467296570438
LightGBM,92,3,7,431.73803249600496,593.8958725542375,15.735226383137674,16.203471889379248,0.24781347782053112,16.48491272061756
LightGBM,93,3,1,75.1936730259138,84.1949600027394,4.230779835503087,4.1218700789196445,0.7660034471546731,4.174509451543047
LightGBM,94,3,6,2776.701550654871,3228.4799279798717,21.49632191537576,23.533176667766785,2.5572861736965633,22.62918307080544
LightGBM,95,3,8,185.29401409106646,207.66582702191295,1.9022717845832058,1.925199550751271,0.6179452379064082,1.9113422656958146
LightGBM,96,3,1,81.55015697349648,97.33017731367103,6.382756554464153,6.414258959894949,0.810436022989683,6.386838787831832
LightGBM,97,3,1,191.49973787459643,214.21206372763746,12.89268178050271,14.003734081048252,0.8965216416121898,13.187086612431475
LightGBM,98,3,4,412.3217654174532,451.48069349717025,11.227452562337453,12.020796640740846,1.8793295861730452,11.45325318425306
LightGBM,99,3,5,366.0484243346226,413.1540489211735,4.575775826087358,4.693422710884712,0.47891202485995105,4.629292234963259
LightGBM,100,3,2,670.5659181848482,698.5825721322598,17.789260870487574,19.670170545504607,3.583325656455411,17.96101512143403
LightGBM,101,3,9,688.8824282963702,763.3409004301343,6.69696390772175,6.976518172488269,7.480421020673995,6.889207016686852
LightGBM,102,3,9,154.3551386083513,186.60028672746893,1.5117964867943625,1.5107722763023166,1.2029689005762734,1.5131867715347163
LightGBM,103,3,3,194.78448135202612,210.95877214882762,8.942815925864625,9.42965253871887,0.7862029073966413,9.076324614570987
LightGBM,104,3,7,520.4583432485668,655.0615274347831,6.359086869065276,6.057197552430265,0.43427206109197775,5.968745315363567
LightGBM,105,3,9,182.72741734961406,208.63108213403888,1.8612690012206394,1.8789076080551945,0.5941835599130807,1.8709291878800074
LightGBM,106,3,3,58.734694631787384,75.56566648765282,9.428962225097841,8.99173404228657,0.17723446087981956,9.328283865594411
LightGBM,107,3,7,688.5704583351885,753.1602356387887,5.6518420648442005,5.849144531012759,0.8808397885168161,5.662068638663039
LightGBM,108,3,9,426.4183419772574,526.5892145811556,4.081205429142161,4.176647577762882,0.7616953327421047,4.179843467146594
LightGBM,109,3,2,156.01624954249144,166.17880982622557,6.653824608016086,6.913160104545664,1.423039386411604,6.699915491002904
LightGBM,110,3,7,3099.7485282921957,3950.429422648951,23.189207351040196,19.85726206507944,2.332191269983191,19.430762544918835
LightGBM,111,3,5,586.0962019215747,854.3054945434138,11.435326518060299,12.867770588788172,0.7581882360458572,12.532456484052068
LightGBM,112,3,9,422.21125261315785,439.39783345889754,4.394037229349214,4.500633290202004,0.9894080152452673,4.407803492136414
LightGBM,113,3,9,159.88893230592737,188.60201601729196,1.6006942161493787,1.617449587752913,0.5235301323291427,1.6114226100261437
LightGBM,114,3,4,260.74368242775563,307.02221087765207,6.923790520959557,7.203376756462393,0.8414142822110506,7.1359423549970975
LightGBM,115,3,1,77.98600809496409,102.58024080195435,4.440652319299742,4.606681849776012,0.4399988783568013,4.64202429136691
LightGBM,116,3,9,332.6667436204017,402.22183914529876,3.32326951970661,3.4046753358970574,3.8793739381438694,3.372002131527892
LightGBM,117,3,8,871.1657818801326,1220.2372536543985,8.234734830125195,8.855412780774756,3.8323794477354998,8.918822239827543
LightGBM,118,3,7,166.05526817669366,168.29105391254234,1.6605526817669365,1.6748373365121547,0.3380426394455939,1.6605526817669365
LightGBM,119,3,5,600.8267977452493,702.7758705860804,10.635537650817382,9.904942323198522,0.5749469170349002,10.315272453406212
LightGBM,120,3,8,266.1211322418169,278.6165957539036,2.5358874915676446,2.5715570378832804,0.8174549246429175,2.5420323714054436
LightGBM,121,3,8,712.0104807905137,726.9586329675242,6.7396936990813225,6.98471475640826,1.337716660879147,6.74891450986269
LightGBM,122,3,8,420.4144545198935,546.7060337534984,4.390934664769368,4.559164459707827,1.151820423342174,4.51357520061916
LightGBM,123,3,0,57.455868702330704,70.83002956136464,5.689232309138445,5.454061188852742,1.2330440534991998,5.510277216486289
LightGBM,124,3,6,1502.0950969894543,1659.8238636022602,25.60152350717924,21.919681020200457,1.0187656373299836,24.00897903992379
LightGBM,125,3,0,289.53205953939204,306.01221475361734,12.38312666527362,13.287387497524767,2.3877235865976365,12.543921010636607
LightGBM,126,3,8,398.34390118816555,551.5286541858053,3.996692447011359,3.852313875856081,0.393306902237108,3.9076714337105813
LightGBM,127,3,6,451.8783069821119,515.945314784347,5.109838067287539,5.283686466567896,1.1388802858898757,5.184072355435318
LightGBM,128,3,6,1809.2864449578144,1924.338559783799,16.169752349157385,17.78040525195485,2.62296830594217,16.365265225995884
LightGBM,129,3,2,324.66275502673966,362.49062645891297,13.227432345107914,14.38253083318282,1.9317453823145596,13.632415883274588
LightGBM,130,3,4,202.5099944606552,219.24053289177655,5.390683460414644,5.564364841928286,1.5995666298201587,5.440948599155961
LightGBM,131,3,7,454.27083009077313,524.2870971310844,4.993729877564344,5.0172170545066255,0.3453702886306563,5.104166630233406
LightGBM,132,3,1,25.223387680977073,30.27811223178305,2.305618234833564,2.267524889342144,0.5247818913491874,2.2849571125193124
LightGBM,133,3,7,501.831294156052,533.8590963627059,5.335424917337262,5.500250436481035,1.878458859187476,5.370051301830412
LightGBM,134,3,2,72.70706423915811,83.1643251709051,2.951254399721112,3.000333701041273,0.565431207140964,2.9840092986997364
LightGBM,135,3,2,419.3295787226946,478.2956580060049,13.499415549411985,14.734375430553282,1.008506445501303,14.273730123352154
LightGBM,136,3,9,86.58659462449486,98.28061172880955,0.8675773215724008,0.8688495397825164,0.30293695535284676,0.8694985178305519
LightGBM,137,3,9,168.05115554209726,221.75781958797978,2.383334738169644,2.358285964011678,0.09852201671562828,2.3559142002320543
LightGBM,138,3,6,571.3366449753289,589.4489984289344,6.479874150124745,6.711270934755953,1.1795750578085193,6.486646825166782
LightGBM,139,3,0,20.794072114149937,25.555184412694558,2.0620271240848633,2.0310720781337013,0.7846819665716958,2.0354195337141707
LightGBM,140,3,6,411.9183210624168,452.5323499383725,4.591321228274074,4.720079682941828,1.0217072866368337,4.6325176372496175
LightGBM,141,3,4,972.7665418820775,1257.7795220046887,19.059389483136442,21.483695957094433,1.3115593174935234,20.568662970925942
LightGBM,142,3,5,252.26468234772997,273.5919283197248,4.53166209016113,4.654596625811444,1.0132872647146094,4.56723046938312
LightGBM,143,3,9,60.486378526805616,77.49992756584511,0.6042111789027774,0.6054440449214297,0.1428105267429976,0.6054221190000229
LightGBM,144,3,8,347.4377109724062,515.9394437280489,3.4245361293313077,3.4907476364295267,0.8369824406277366,3.5408667180972215
LightGBM,145,3,3,310.43343139784577,332.7849948928079,9.277991148404631,9.794172498485375,2.0881944771396177,9.3837446074962
LightGBM,146,3,7,546.5960082705609,603.6617046992487,5.002409312122634,5.159786134553609,1.137505818480418,5.020758288062469
LightGBM,147,3,9,1704.9798132632689,1858.061381761308,12.310520083945958,13.257936614366054,2.814498591752248,12.567305552013389
LightGBM,148,3,6,1061.0084338648385,1145.4154617130341,16.639829267178342,18.38853566154608,1.1903291130490559,17.063347607386277
LightGBM,149,3,6,803.9398319250663,911.9888767816196,11.213766427651366,12.065323558817724,2.1219935224173665,11.560238617800158
LightGBM,150,3,0,12.795922042665085,15.534243383714406,1.2102730351147506,1.2204188174286341,0.8565140844249667,1.2181114142738534
LightGBM,151,3,7,47.86230840657522,48.9581973551112,0.8598678832361201,0.8560172028096694,0.19236116805262443,0.8598705997668016
LightGBM,152,3,3,1290.5191121867479,1484.8058442692297,35.574207410576385,45.40932488378305,2.9226644301599936,38.73594201511206
LightGBM,153,3,4,51.00096436513349,64.35751435392632,2.28346750525034,2.2422589137151965,0.5437004857148627,2.253356304792349
LightGBM,154,3,0,28.14936397992296,34.8837569543595,2.4170591497251372,2.4587894145074602,0.6046402764183929,2.4523912281042217
LightGBM,155,3,6,68.87215314685561,88.32814513900152,1.1653564377265273,1.1760771320463426,0.8871200954512605,1.1752927158166484
LightGBM,156,3,8,892.5880055951147,1071.7803242202433,7.589390345168312,8.015860430534842,1.6618228212850845,7.824762139342553
LightGBM,157,3,1,34.053377298686456,40.0362207570284,1.2278507996176353,1.238319967170631,0.32233494473358665,1.2339796152498885
LightGBM,158,3,5,50.428234444227705,59.46859662722435,1.0241117036728746,1.0286088207098978,0.5800483498266049,1.026819253389252
LightGBM,159,3,6,1725.0755933981548,2305.478585386966,30.504017115272298,23.163426976646612,2.297376373098618,23.321549655574795
LightGBM,160,3,0,13.431080150847455,16.93194520564332,1.276530926087999,1.2638792883292085,0.18957589087199067,1.265696604428347
LightGBM,161,3,0,155.05692250852553,165.6902017970434,11.848466427033973,12.687454658160597,1.9287552728659898,12.031938048150863
LightGBM,162,3,7,976.5332191993099,1109.830764713838,7.148596926304661,7.485904845966557,2.4123892214953933,7.294214435051696
LightGBM,163,3,4,26.959617390124833,33.7853059490056,2.9940283064925666,2.9903882465946086,0.05452372464433908,2.982412593520667
LightGBM,164,3,3,108.78522706561772,112.8876147048146,4.161097079565282,4.256153756903734,1.1058545540949318,4.17334630686513
LightGBM,165,3,7,150.9376512327901,180.80062850386508,2.740122419783188,2.6871714464292684,0.5492512555438624,2.7055145610338798
LightGBM,166,3,7,399.8877135633971,465.14291000327955,6.468462952747338,6.216031738991165,0.9116995137775318,6.259112038383606
LightGBM,167,3,1,467.1952637990839,540.508116430062,18.32385817785342,16.3173507138984,2.178980755557501,16.245005721592268
LightGBM,168,3,8,622.8291123100021,743.612829467739,4.055650601855643,3.938747095518141,0.537780173724658,3.985397803618925
LightGBM,169,3,4,30.023528668753343,36.468104316430626,1.100648127539052,1.0957068585176586,0.6592400337479458,1.0953050588519662
LightGBM,170,3,7,1042.6409776534704,1153.7335964050835,16.145338115040218,14.662257999545607,0.39716854397070683,15.8737525143893
LightGBM,171,3,5,109.85926416862351,127.85860693325432,3.042716445636244,2.980735811105594,1.1071753966994087,3.0098428539348907
LightGBM,172,3,9,179.28820128025785,203.54880967645002,2.1989025281505135,2.18141290159219,0.38667690248827324,2.1777296750712845
LightGBM,173,3,0,95.92184890411626,126.26796936337797,9.838907823032239,9.220849980918548,0.6843612189794838,9.130583184950252
LightGBM,174,3,7,2726.9707719506596,2924.908102236201,42.09036365581624,33.59319849452616,1.8844089546450622,39.282552260945245
LightGBM,175,3,3,476.975567834173,539.3184931760285,12.798808330558883,13.636130669201485,1.6463554160196654,13.223240120088931
LightGBM,176,3,5,93.33105480233104,106.37123739954086,2.128265143366314,2.0999484467614082,0.6478184594834923,2.1147519970316697
LightGBM,177,3,1,213.16962649039002,263.399493919565,12.399664199047107,13.616709142245773,0.9028006611882718,13.216406705681633
LightGBM,178,3,8,172.3630462286703,206.18855950945337,1.8852057449238706,1.9100190097174137,1.1992898038564437,1.9014125342379513
LightGBM,179,3,8,1864.7783681766236,1945.8283890280463,9.583353013701265,10.107463418382224,1.7343309843603634,9.644158263207121
LightGBM,180,3,6,2363.861502195573,2558.0860065957067,59.8248476770041,43.8471504627003,1.7585565633364737,54.64831640074739
LightGBM,181,3,8,773.6781446231172,895.2927998696528,9.73911483039851,10.348173461823663,0.644467041335617,10.059380672649603
LightGBM,182,3,0,352.5439750933575,367.73870657445354,13.676262067626643,14.76236803272027,3.1850084595272072,13.832788123554081
LightGBM,183,3,6,918.0773336522719,1112.4857574775174,10.631530034291263,9.882453194835831,1.2701086593803892,10.156480458744216
LightGBM,184,3,5,472.27046289153583,509.46641389606856,9.368906536622374,9.901423144825992,2.3979647962204163,9.492293806338846
LightGBM,185,3,3,36.69012826745969,46.38454969661316,1.1308084488800083,1.139516164383663,0.42254981253094503,1.138914427051364
LightGBM,186,3,0,28.14936397992296,34.8837569543595,2.4170591497251372,2.4587894145074602,0.6046402764183929,2.4523912281042217
LightGBM,187,3,4,330.08351222523083,372.6314919539322,7.545165326135722,7.921253674782353,2.469882429063502,7.679337236725028
LightGBM,188,3,2,105.18960298972195,117.37067172505222,4.963571362907653,5.119955674355016,1.9909550850167803,5.024141010964183
LightGBM,189,3,4,298.94250803838185,312.1748593531729,5.545155301913409,5.716450989616565,1.3823013393040535,5.583080995519357
LightGBM,190,3,0,144.9258703895759,164.75478530109137,15.621026563903062,14.273339013720362,1.0745454268428631,14.788354121385296
LightGBM,191,3,8,965.8035972355924,1346.5869356185572,32.25867163961155,19.010060254385003,0.6578284481031484,15.657448212411657
LightGBM,192,3,8,496.20975295234194,541.1342321796062,5.093707574586444,5.2507455280388715,1.8072009636039559,5.1441430358475815
LightGBM,193,3,2,37.46933998846556,38.60811666014609,1.805051794102068,1.8225027472012463,0.15346536001006622,1.8069399864713689
LightGBM,194,3,6,106.42677988332142,124.11717145133622,2.1930742940921646,2.2254744836157068,0.6992133743289259,2.212052883189517
LightGBM,195,3,6,753.6641092946243,833.498786225597,6.990964411165368,7.298873249603355,2.6113240618836695,7.103002621128645
LightGBM,196,3,5,56.2233887578075,64.24182572168311,1.657173923692546,1.639467360955468,0.46240466367594313,1.6479742674491693
LightGBM,197,3,3,388.64044088362346,489.03976138533966,31.46947216240842,26.04835148628968,0.7364052525402015,26.642221157183798
LightGBM,198,3,5,573.1593077411858,728.502410784122,11.349252373543708,12.398270010001252,1.4556289875299677,12.180628481351306
LightGBM,199,3,8,346.97325416757707,413.88477844122747,2.717777913553441,2.7671210120432885,0.3672923941133476,2.7526648718239053
LightGBM,3,4,4,224.4355857991761,322.1562771022794,9.22404467006702,9.996478932026998,0.1758333512669638,10.387570792251106
LightGBM,5,4,9,1330.9027013400896,1408.286784774163,20.661295643472798,18.474435967523537,0.4432720833851074,20.10595772062242
LightGBM,8,4,9,682.5121693163642,801.4019871229892,5.9991149014644005,5.757574385757851,0.4984694348436857,5.857356273335823
LightGBM,9,4,4,105.6790501779923,120.36019276200439,2.41414828352021,2.4490955848758147,0.22723802846267,2.4368103599752264
LightGBM,12,4,7,319.743112870978,356.5191974347076,5.617426151881526,5.425761057545546,1.0065198805810778,5.539597624989031
LightGBM,13,4,2,196.35453774039408,236.20737551981443,10.209265011812887,9.487149437522236,1.0599533288413783,9.558329841777907
LightGBM,14,4,2,133.51871870845423,159.5723192182135,8.16561284291581,8.631000466045563,1.6622469625315495,8.31908885951235
LightGBM,16,4,5,321.7674235346111,355.68371142074903,7.315911528870591,6.999882613193134,0.8343606927366268,7.1945248783803315
LightGBM,19,4,0,18.536804067395224,23.784756390750786,1.7805603789814888,1.7647347243195777,0.39813729519358027,1.764662963894193
LightGBM,21,4,1,106.89854262246564,135.86259851779462,5.253705776321239,5.456669691382714,0.850366214175,5.411214508856778
LightGBM,22,4,0,314.56807937760846,358.1953467790122,26.114620116676768,22.299262093477644,1.9044363779983418,23.441214774568213
LightGBM,23,4,3,394.5416700263409,473.5929884060708,18.606590825648716,16.330805222931076,1.8979427661625163,17.021136532914323
LightGBM,25,4,6,453.051844912015,572.2966743752316,7.674331590184889,7.761930560217971,0.3697790524207852,7.814232664254763
LightGBM,28,4,1,82.85503570711751,98.96578532568861,6.802125308464143,6.7757856425291685,1.3902309001687754,6.717068156231659
LightGBM,30,4,0,114.86719791979193,129.4990588811494,9.431302038598236,9.881275286034533,0.7281238287078067,9.660246046421465
LightGBM,32,4,9,190.0768985024395,202.1284049476556,1.9008279195475055,1.9214390161309702,0.6587782414967323,1.9044721252679715
LightGBM,36,4,3,149.489477916022,220.5781037340671,4.58062520646791,4.355430463147314,0.5440718577821538,4.276557950814745
LightGBM,37,4,3,338.1476955060202,356.78542673987334,13.78506379246337,14.916709190239072,0.6828770973871457,13.941041042392039
LightGBM,38,4,2,348.1983320152086,406.8026939917232,26.489267809756146,22.32362104405076,1.9028556508034566,23.966937949645153
LightGBM,39,4,6,141.1901658232223,159.5948646193013,2.453896197302595,2.415960655287343,0.3763900097477824,2.437142530234335
LightGBM,40,4,2,989.1650076787038,1012.8293573766041,75.8213823975882,54.17612289401747,4.47958652889648,72.73399875168016
LightGBM,41,4,5,546.0074235861116,623.7337824254427,14.22983098577449,15.613889096143414,0.8876565773618145,14.972781268357723
LightGBM,45,4,3,291.1730137299387,395.56311990385825,13.274698144797947,14.803922516588388,0.2405336135579454,14.9094790106617
LightGBM,50,4,8,232.5186013982085,261.82535956395276,2.6815694193632016,2.727881362971826,0.7911619883327335,2.696997019794279
LightGBM,51,4,1,130.39249501610902,150.18722035473772,8.726264213555273,9.215708214764769,0.9470649282829366,8.945163575438277
LightGBM,52,4,5,896.9948448118776,1067.8677488632522,21.09169355942241,21.09735270031684,0.7670953610625143,19.60773521051877
LightGBM,53,4,9,105.73871760397853,117.64992424509416,1.0512076191167303,1.0580555042668665,0.3304334925124329,1.0544581256906447
LightGBM,54,4,4,95.21695674644327,103.41074686452349,3.0077682587197883,3.0617796552557626,0.522880434613235,3.023835381384604
LightGBM,55,4,4,167.46803636264463,184.06483982744393,6.102971776976318,6.335591810479464,1.1555275250230395,6.175960692756671
LightGBM,56,4,1,28.871988510879937,33.32644725687413,2.2936529000767,2.2593794797064937,0.6835195885992268,2.2789934267416436
LightGBM,57,4,4,56.1682544821805,62.6835726407997,1.8666281671106364,1.8884493968523937,0.33532809601165314,1.8753277662700005
LightGBM,58,4,9,1977.2273882647637,2440.9978419320723,17.50258662859633,19.939117801338302,1.676901527884779,19.211146745485184
LightGBM,59,4,4,643.6576114882287,686.2912551858901,13.353782726404068,14.428564551647602,1.8271449530584307,13.561892636913575
LightGBM,60,4,0,475.2079194289076,989.5812410465184,16.583613226549375,19.63399385207817,1.6106566607442516,22.078417936227684
LightGBM,61,4,3,351.1871288058349,419.53825019885824,15.31045918406322,17.036994147309503,0.7394860392788181,16.342952689276764
LightGBM,62,4,4,393.6721554749834,463.5612769745607,16.149807814054093,15.65009840630771,1.0408413802607404,14.475600391055773
LightGBM,63,4,7,494.5180609546963,541.4142022938958,11.528702778888759,10.77236824577693,0.36410906236097035,11.299916608600553
LightGBM,64,4,3,137.83301766902184,153.4250563989211,7.677030508108265,7.635593095592719,0.3111505308812594,7.501819726240081
LightGBM,65,4,3,360.1958978650847,456.2504527495671,12.528866705351593,13.605682185813029,0.8529636057281458,13.245699453404425
LightGBM,66,4,4,345.7860049865282,360.09529525167466,9.829482532551182,10.381595599370087,0.995272956515078,9.863943089948506
LightGBM,67,4,4,87.97205213319778,98.35017756762869,4.552801602802754,4.433272186127887,0.30831129442548966,4.48333388089728
LightGBM,68,4,6,825.1373108980566,1083.3732193217381,11.184282097490673,11.868229827275274,1.079503844796761,11.550153112952453
LightGBM,69,4,4,979.6008751362203,1028.3739311339282,19.874253882662224,22.251684694866057,2.828607936040403,20.188889573139026
LightGBM,70,4,3,33.12567532696686,42.21791684405486,1.172360562662986,1.178282905704264,0.09614254162228564,1.180691422336154
LightGBM,71,4,0,65.58061417187693,71.92304472493069,6.295073838432484,6.537026920375041,0.2942390540631471,6.363081426335569
LightGBM,72,4,9,521.8083362500272,548.1881184829178,5.4630027415273705,5.301884611196464,1.316236000979895,5.428637972646733
LightGBM,73,4,2,18.442014467268148,19.42983351048973,1.0657990785136566,1.0682973995437466,0.8600871904302144,1.0661835889218778
LightGBM,74,4,8,1063.8565742228454,1289.5393980028637,27.01978617394698,22.609727102359077,0.5223997094458018,23.20172122018786
LightGBM,75,4,0,336.89526374156645,377.9909032815591,19.700490712711577,22.39060322441332,2.337125195715746,20.594682817039203
LightGBM,76,4,2,147.34644443473312,166.11049167585432,10.990267038509659,10.605559852079583,0.6587141051108009,10.556427104565385
LightGBM,77,4,0,442.7319147918484,513.4002536601712,51.68640902762582,37.2684729746678,1.0418734775752387,43.476129112129136
LightGBM,78,4,2,165.6681746780229,210.22380862597998,13.659167531775134,12.260629427438714,0.6694510379641552,12.676017210711962
LightGBM,79,4,1,79.93775227984128,103.03487517571003,7.818360694751108,7.311128545065196,0.39201281176827946,7.389054969296873
LightGBM,80,4,2,495.799942392852,551.7093225890316,16.45195449583354,18.26680512187172,2.2118433340533534,17.00699577846681
LightGBM,81,4,1,40.94743822710609,47.64039221123592,2.991118492126532,3.0192629456805467,0.7845635709983662,3.0240589508386724
LightGBM,82,4,4,498.91355351295067,564.921420457059,17.840183890686372,18.43513637454887,1.0921680445438369,17.178609769090176
LightGBM,83,4,1,237.03194987453753,245.8469767394094,23.785329513176766,21.0632487863934,1.3163264573277058,23.40416773765893
LightGBM,84,4,8,164.08069557339482,199.51457859312194,2.8126217401661315,2.7548123188534377,0.1464276769880633,2.782359660102108
LightGBM,85,4,5,1162.5841625681662,1189.6430913429983,19.145600236202895,21.261736609196404,1.9699254224719573,19.26194241554813
LightGBM,86,4,5,429.13033868653315,476.3776905814069,12.204648020708547,13.162348729118817,0.6338793291214835,12.600856912402106
LightGBM,87,4,5,1164.4358280025037,1279.0440515733449,19.255916167237704,21.64975865910312,1.9330905016263422,20.006545247023546
LightGBM,88,4,9,830.3313157719163,1008.7186017482447,7.903374894638558,8.273567739409176,0.6177363651660926,8.10301561506543
LightGBM,89,4,7,1406.4929071709262,2015.07287331341,16.502507350719206,15.435616729253018,1.20481701545368,16.003079854030766
LightGBM,90,4,1,129.18759525919415,160.43013312524522,9.170467967757272,9.176238036166449,0.7374486192649026,9.416749033331895
LightGBM,91,4,5,805.3895551611772,911.2447743590213,18.495271473228712,20.880860284755677,1.130717668462167,19.525016017720503
LightGBM,92,4,7,492.6343549867284,665.4012703682668,18.877081141681174,18.325652699826218,0.299771996497349,17.974253840680078
LightGBM,93,4,1,42.774520315609166,57.77390280941051,2.5181414574384444,2.461129348020537,0.4442537940931163,2.467502891470917
LightGBM,94,4,6,2582.3589041511277,3251.657886750117,21.36725215732604,20.47875617501281,2.2487232583547985,19.704555383749693
LightGBM,95,4,8,132.89291457668344,149.6921367941305,1.3519283511124718,1.3635038513624111,0.45252978856986414,1.3570502424577646
LightGBM,96,4,1,107.0591492730203,127.85774457132865,9.381081235787434,8.773516726050023,1.0941097302280354,8.943595485641586
LightGBM,97,4,1,190.55553225396022,205.18520485665957,11.96174587747161,12.84573643479482,0.896777137126967,12.10027543709104
LightGBM,98,4,4,467.9459180338194,504.0624505382333,11.544795661289456,12.358144766542997,2.0728445748463415,11.723867899081574
LightGBM,99,4,5,1507.809879235986,2096.7206024485768,14.526816842839729,16.713522527875714,2.0737346161493315,16.4001316250213
LightGBM,100,4,2,493.3674903489078,566.864339843658,11.752797124525099,12.70528206437149,2.375486315584405,12.085562233186428
LightGBM,101,4,9,1004.9699973400695,1093.4566759220968,9.788705887091563,10.37570257976716,10.86750734425635,10.034981999800987
LightGBM,102,4,9,311.6255776550419,342.36101566728723,3.0965215612716577,3.039421247190158,2.518135100832482,3.075404157985183
LightGBM,103,4,3,340.3818313059003,379.76983383293236,13.930550399724517,15.216242526029852,1.3586434948377843,14.303593980334087
LightGBM,104,4,7,558.3975791793158,658.5723796666124,7.2415007428368465,6.908603397308546,0.46089908570695054,7.0612129172504785
LightGBM,105,4,9,217.0942409464555,266.8090929492687,2.241129526013515,2.2361548001742837,0.7081492538286357,2.22914793898243
LightGBM,106,4,3,142.1669011278866,153.24372760240226,25.38653484824667,22.009253443696227,0.4452533826486225,24.575298632140168
LightGBM,107,4,7,195.04678060762652,310.9521797188589,1.7085552066724945,1.6739929717125666,0.24819577480919053,1.6568390990737505
LightGBM,108,4,9,780.9677614951054,801.8766668640137,7.939193435889118,7.618659407007103,1.418755830995503,7.9015551422439225
LightGBM,109,4,2,106.35042109842387,113.02436512157854,4.380208422367656,4.490596974084659,0.9618590884601201,4.403594420625933
LightGBM,110,4,7,3433.0213204674365,3626.129808351885,31.448821545255214,26.697978238441177,2.140210155784248,30.554432263079708
LightGBM,111,4,5,395.84661175349675,576.7911182027789,7.635161092924715,8.250083928337219,0.5350952000962613,8.344523221136669
LightGBM,112,4,9,413.4076273647769,427.91023337850015,4.199611076666691,4.295944012307614,0.976250628750636,4.210282384812882
LightGBM,113,4,9,130.97633154244127,144.64107930638374,1.3051293265790525,1.3121495808736519,0.4397196783490855,1.3090360731615454
LightGBM,114,4,4,493.07158853696205,561.9339375059043,11.955258671555697,12.926418971737592,1.5912906434862286,12.28523524645944
LightGBM,115,4,1,97.43869354681766,117.27770222956812,5.192058465887291,5.39137166921882,0.574076560016094,5.330992352105525
LightGBM,116,4,9,306.00377956862303,362.43822999691076,3.030751917580406,3.0960232367387834,3.301839147388957,3.068219714926033
LightGBM,117,4,8,666.8483788442693,891.8927144150603,6.411917337660414,6.5403360458875115,2.8008141150389316,6.694592699972586
LightGBM,118,4,7,90.56583400518441,96.38350274857042,0.9056583400518443,0.9103287860762761,0.19626165761564787,0.9056583400518441
LightGBM,119,4,5,486.00215529863976,551.3416746776508,9.575070765404828,9.004901991527488,0.4808682405029901,9.297907762544645
LightGBM,120,4,8,79.48785483168325,110.68486185454258,0.7700936025836392,0.7673937238547073,0.23962173622011362,0.7648619654077207
LightGBM,121,4,8,135.79670090905933,196.83028569647252,1.3273716237046538,1.3091052823790115,0.2551019618595232,1.3085335205369741
LightGBM,122,4,8,273.879621393317,318.58605155985214,2.782765420222584,2.8357376989356293,0.767560722376175,2.8093419108044824
LightGBM,123,4,0,23.012370053739687,26.692378454482775,2.273347391683186,2.308369624598487,0.49444088499669164,2.2911445137907207
LightGBM,124,4,6,1306.6073108518513,1357.7660131220098,25.99317239299484,22.766193609937243,0.8753668752696551,25.476025337809165
LightGBM,125,4,0,316.06062119823736,333.3168225268292,12.424666309031556,13.335262473425457,2.4507464164038417,12.552763515157068
LightGBM,126,4,8,943.715317660587,1068.2533081864176,10.256973536108282,9.616805378167186,0.9801685756296359,10.013780008778003
LightGBM,127,4,6,571.3947005696856,638.4457974332465,6.041828101634066,6.275478993856589,1.4693006586077628,6.1330379309805245
LightGBM,128,4,6,1316.3674640287636,1375.8058041800762,11.20746004942642,11.9343914899733,1.7732846544005758,11.264895197219811
LightGBM,129,4,2,464.7743145967305,554.4527942332743,16.03885656653,18.03120272922604,2.640056848030259,16.879337948010743
LightGBM,130,4,4,226.99066687018765,244.38863672897867,5.726985088785172,5.921554394331615,1.7303379303373045,5.776918306297548
LightGBM,131,4,7,446.91564264030364,496.36167824043935,5.756751883386483,5.968151304552444,0.33756701219441915,5.713410204208428
LightGBM,132,4,1,61.98080335676573,70.58449995772001,5.986243740124556,5.760057473065102,1.3238618192707243,5.887358630194106
LightGBM,133,4,7,356.6055979997566,397.5453282436812,3.676863439674468,3.7621776988460534,1.3205144642594318,3.7082037920251985
LightGBM,134,4,2,130.8724626705945,142.41152650785122,5.7451440588173215,5.554902445930524,1.0290957675700618,5.685480547171895
LightGBM,135,4,2,478.2302448817702,537.8699083583213,13.411719249222298,14.623255986818384,1.1078507682843595,13.749091662157953
LightGBM,136,4,9,200.28064083242012,219.39474455362748,1.9635574499198278,1.986877291389938,0.7149774432726658,1.9706519375432867
LightGBM,137,4,9,545.687145442947,598.832810339833,8.292773054855413,7.8890637543183875,0.3390612279372043,8.147367606489983
LightGBM,138,4,6,155.10604717861983,174.60752184616229,1.72337368883005,1.7423566257422833,0.33694289756398227,1.7324477513528405
LightGBM,139,4,0,25.97596966566364,27.415196724180245,2.5575401018274797,2.594396248641614,0.9965591927536138,2.56426156620569
LightGBM,140,4,6,855.0356537716607,956.25309153526,8.785029885946358,9.28527043510099,2.1251388261547097,8.964465019011499
LightGBM,141,4,4,983.7859963266312,1366.5081310366077,18.252797533493496,19.168777675987357,1.279389453497723,20.20925111698531
LightGBM,142,4,5,422.1394639391469,458.53005051510763,7.211932982864491,7.526964777475372,1.6904900664716442,7.302695675557433
LightGBM,143,4,9,83.92281618824492,106.94283675476326,0.8271146530005478,0.8326727015772162,0.20624421805511073,0.8316234276496088
LightGBM,144,4,8,328.660239281075,381.43379138683497,3.296199540555179,3.2907871018223545,0.7957291193158823,3.3216644059850364
LightGBM,145,4,3,392.5213639002792,415.56576512151594,10.808821245241635,11.4953456843337,2.5939001665025487,10.934761393458507
LightGBM,146,4,7,207.49800403050287,227.77272340079276,1.9307603667666997,1.937862220400417,0.4283840927370505,1.9270768890689842
LightGBM,147,4,9,1425.371869468439,1456.4636086223754,9.757182113816812,10.279070967806552,2.1626127808723736,9.785057081935015
LightGBM,148,4,6,1343.0082857151388,1495.659621469339,17.89690630458905,20.050617981258352,1.5067053871130625,18.452985514085448
LightGBM,149,4,6,761.8833434437311,863.8249166957302,10.011623713896627,10.675506797939452,1.83154048000164,10.246662028637125
LightGBM,150,4,0,12.497696652663523,14.901003123741036,1.1756753417539991,1.183705917557093,0.8506549602246525,1.1825110637619372
LightGBM,151,4,7,8.805634658703083,9.392654945934028,0.15815384969669952,0.15801166854665227,0.03681470954847622,0.1581377071302559
LightGBM,152,4,3,812.5122298492392,1067.2778971433786,16.999949292703686,19.478255305459907,1.7251121217625982,19.030330620878196
LightGBM,153,4,4,107.42190618668305,120.00857348063236,4.972070424199713,4.821704395014567,1.1765711897561901,4.931380544147653
LightGBM,154,4,0,42.97289118613517,46.55733120228634,3.567264493852576,3.643120576366098,0.94092845854822,3.588883409968139
LightGBM,155,4,6,123.83735857765588,148.03779322764223,2.0755562418093647,2.106491441254444,1.637418551222678,2.090866198665984
LightGBM,156,4,8,1615.7158620396212,1786.0714478887367,12.930716196851591,14.012784088727814,2.959774867979425,13.27561305368749
LightGBM,157,4,1,76.43030175786933,84.16287014499069,2.779158246513286,2.8114263014789476,0.7235108737816148,2.7766692165989717
LightGBM,158,4,5,74.44479201136548,93.64261211519495,1.4922061560838775,1.5096698143112148,0.8854666891219682,1.5049486255666875
LightGBM,159,4,6,2177.994329814796,2270.374614791666,42.264110701786706,34.32125524547158,2.888012106099312,39.232027300240595
LightGBM,160,4,0,44.43049990187035,52.379634532703996,4.430186949757657,4.301968625120798,0.6434657392141534,4.349227488314125
LightGBM,161,4,0,144.3245465475503,149.4539656827546,10.356279476110315,10.96262240922794,1.728988386601635,10.39906265779039
LightGBM,162,4,7,442.4947480544952,541.503807500495,3.29231137245742,3.2973705051501296,1.083764690523904,3.3064491946452375
LightGBM,163,4,4,59.25419535424002,66.389265711357,6.891778393923407,6.602567411726966,0.12223262182919284,6.776605970978282
LightGBM,164,4,3,121.21076493548584,147.95091041514772,5.001002647845944,4.820254366684735,1.216613625746512,4.870075376872199
LightGBM,165,4,7,283.6414124082669,340.50205779539374,4.8582227265200695,5.032985682514483,1.0566112217195371,4.956359016938942
LightGBM,166,4,7,353.24807652828173,418.779232832617,5.482835263828393,5.364658880885756,0.8247783144280243,5.3208915292962935
LightGBM,167,4,1,253.39041766485903,268.85850166000296,10.62291945787429,11.293084462346986,1.0023894095558634,10.704315584993918
LightGBM,168,4,8,415.9141817187649,479.27181705516966,2.7563498493841974,2.714254750377564,0.33986612357198404,2.728300025851956
LightGBM,169,4,4,121.57894296445053,143.2219216234903,4.224518084059145,4.349424381032721,2.6995324506909246,4.296919248694501
LightGBM,170,4,7,448.7347169896396,493.00695872986614,6.510425731629714,6.709756077358997,0.17730834142425755,6.495556820115411
LightGBM,171,4,5,74.45859760900504,87.82590097645755,2.0939986165366586,2.0638050830451062,0.7231590415263079,2.080494810558973
LightGBM,172,4,9,554.9081071657636,598.5144432427936,6.396353419712556,6.640233917628703,1.215624829845243,6.467865012136699
LightGBM,173,4,0,100.1196329898078,128.00114733621837,8.804999113400276,9.30740495038084,0.7183221721738157,9.29903711979639
LightGBM,174,4,7,2491.802297212068,2658.205643688039,55.769209871403746,41.57291602913695,1.6468764318450881,50.74741309745714
LightGBM,175,4,3,587.7590507316124,663.8823433739682,14.544696636617513,15.984189168373202,1.9433329573597202,14.885436054700548
LightGBM,176,4,5,82.1889434442299,92.97438819956606,1.910782680695808,1.8879852650482563,0.5870638817444993,1.8991026726522957
LightGBM,177,4,1,195.5362789990573,239.0831380181306,12.88907914204639,12.108129050512106,0.8354693944987243,12.545725200084945
LightGBM,178,4,8,274.8139310654635,317.17084678922055,2.9261544347830744,2.9834323962347815,1.9343003490009163,2.9553415934868816
LightGBM,179,4,8,925.0608569190933,1042.582925211633,4.661689134181504,4.600513614888532,0.7828300713343825,4.646588240173372
LightGBM,180,4,6,1240.5038534366465,1363.536543543565,46.42982640666171,35.55290953389794,0.901622371063343,41.300567766568335
LightGBM,181,4,8,1330.6322438879922,1486.0538633445624,14.326787390756179,15.688443916101406,1.127698082161953,14.835169024455782
LightGBM,182,4,0,209.75473666925035,237.77003325897127,9.343266837176577,8.804489882239304,1.8331872455842413,9.053075794380785
LightGBM,183,4,6,971.7178302249047,1135.0114888394965,11.404851988736791,10.612505403818965,1.1715754914212528,10.831274804293864
LightGBM,184,4,5,614.2989966669584,708.9354529404609,10.78223682381713,11.584693736085635,3.0414173074938735,11.128935430354717
LightGBM,185,4,3,74.03686053801162,87.90931226122754,2.2117479032179697,2.2431314636558097,0.8614209125671898,2.2336140548474948
LightGBM,186,4,0,42.97289118613517,46.55733120228634,3.567264493852576,3.643120576366098,0.94092845854822,3.588883409968139
LightGBM,187,4,4,248.57105388063877,269.6052728374266,5.469450028770678,5.649830817886628,1.795937504623293,5.513590843932838
LightGBM,188,4,2,121.03847915113359,132.47781718777594,5.413118157250482,5.592370959851296,2.1824891407140186,5.4704322093480116
LightGBM,189,4,4,88.30002385483431,104.63536101283631,1.6160969954671638,1.6343182249469845,0.39355293333598573,1.6270260744391123
LightGBM,190,4,0,115.45492270618982,143.933128408222,13.1758607713516,12.1507215702406,0.8425366652543071,12.26793747763528
LightGBM,191,4,8,900.1700220286747,1147.3869681624985,15.763955812992918,15.630801019513699,0.619902110269337,14.38226557475248
LightGBM,192,4,8,390.8382958979555,467.5741406686078,3.8819712430758253,3.9917652393971665,1.4043963254251794,3.941005728622037
LightGBM,193,4,2,23.522288027460426,26.660648358604913,1.1661930539965917,1.1621039653677738,0.10000396525427535,1.1605914901917072
LightGBM,194,4,6,171.68454554076854,188.44945485587976,3.4595150987135725,3.5323227965383563,1.1527323824635691,3.483544300358276
LightGBM,195,4,6,599.171780661207,661.1101185790726,5.1836571456158165,5.350529516892365,2.0285080961845567,5.247685833511538
LightGBM,196,4,5,26.972557631808993,30.229578541509415,0.798899543746777,0.7983426350232099,0.23031595700785668,0.7986610254524789
LightGBM,197,4,3,425.3047259297671,489.3671747105306,35.54436749470882,28.313308591677437,0.8038368641886127,31.578125919794616
LightGBM,198,4,5,392.5284994255274,531.697589812318,9.093410129784479,8.798149318447287,0.9943509935599284,8.812889349311376
LightGBM,199,4,8,301.510195875689,403.3095881202372,2.24759034471848,2.2812891296448576,0.3216699089023072,2.2926585134774795
MLP,0,0,1,182.00265842013889,200.72757691396126,18.624308562330842,16.726287804718357,0.6154183764307087,18.28253725968246
MLP,1,0,1,499.8060689168837,540.3165691997285,30.43721869976502,36.63441164704521,3.6770195244097557,31.549663849598808
MLP,2,0,2,296.7750772527868,312.37684818255514,15.35284755391445,16.757977849569425,1.9049044646721898,15.56453314395346
MLP,3,0,4,392.41490342881946,438.7351135071112,15.490127322748254,14.58131617847131,0.23014312027660364,14.845581429265376
MLP,4,0,1,785.4211784487846,862.9821315903952,67.48867005506992,46.57237327775286,2.3379239053578065,56.07377947609322
MLP,5,0,9,3460.162109375,3801.2738849365896,20.271406388673032,22.978222230084672,1.4620403279049297,20.967855497155266
MLP,6,0,7,1448.0089287712833,1659.1006184031305,14.41437743606469,15.860786307184355,1.376942155111964,14.97291277062994
MLP,7,0,2,209.8427360026042,229.07295726122481,10.644953244936335,11.354500321219199,1.467314452409627,10.815222030816637
MLP,8,0,9,3406.716064453125,3523.9482948339514,33.16201183537096,40.10701859458251,3.36496556576676,33.729862024288366
MLP,9,0,4,1082.0149468315972,1231.8876983288558,32.579207481235066,40.60348563842996,3.461832392991246,34.96888294126823
MLP,10,0,2,320.45069166037774,334.7404617978096,15.53801351680054,16.953705328032466,1.84803024393556,15.713086374095377
MLP,11,0,7,1083.0449886979166,1352.1308476918155,21.223323456670407,17.947388640819185,1.1009832948409835,18.21375598284067
MLP,12,0,7,165.6939941406249,189.69575551827046,2.4920766044437728,2.4543720645012965,0.3933714006834931,2.4715834622907424
MLP,13,0,2,120.68187860590277,146.48247044994096,7.944356722527656,8.416737078028058,0.9212584785150919,8.201405964359578
MLP,14,0,2,108.24946771918404,165.7370562005794,7.942764845891398,7.279687975264534,1.264485123880355,6.7657192944482
MLP,15,0,3,472.30951877170145,477.93543613473946,15.436309391364688,16.756072955949225,1.239239338581622,15.483245376629768
MLP,16,0,5,579.5906233723958,732.222803581243,15.758877704522167,17.867931108165866,2.3021822518180257,17.133669220800456
MLP,17,0,3,320.2305501302083,337.37097934630157,11.475500622807559,12.247219608910012,0.9092185170917673,11.5926389508648
MLP,18,0,7,1187.7701280381943,1384.4374262828042,17.668222349543594,15.690984516111866,0.8852945053700827,16.40893848119445
MLP,19,0,0,46.81824408637153,53.72264207457021,4.160285456804816,4.274844590268526,0.8126599744982521,4.209012054513472
MLP,20,0,9,1205.610729933778,1305.71126279618,10.32834449702033,10.983038845049615,0.6708697060342388,10.474007007974407
MLP,21,0,1,98.31231976996524,119.97837562183638,7.649804209590361,8.077752930373466,1.0561429136419793,7.920354314499656
MLP,22,0,0,77.89543999565973,91.16635614478975,6.2978743805333455,6.412399888219536,0.5378969002257833,6.456909601298067
MLP,23,0,3,468.3798853819444,496.9214032961691,20.27467680267167,22.802650524324093,3.1659085064151276,20.71496526289633
MLP,24,0,5,431.10375565277775,499.39155606907616,8.098852148478343,8.212927004643886,0.6009151934673662,8.194590380428847
MLP,25,0,6,702.0820583767361,782.2566120249938,11.192282725404386,10.663044470628142,0.4699111446745631,10.784670635587345
MLP,26,0,8,1013.4677648576388,1408.5278140042433,9.460297128540939,9.78936592286877,0.6966295855144137,9.655726721077672
MLP,27,0,8,1494.1431477864583,1758.2732810498499,30.203319610621815,25.90105407136976,0.43554977933808475,26.471040019838828
MLP,28,0,1,72.34545220269098,83.01940209750185,6.090023210767273,6.1768515641693575,1.521875504069074,6.149790506013873
MLP,29,0,3,229.82753417968746,254.91095852868042,9.582181880738531,10.166700087758468,0.8235100376016403,9.747917064114317
MLP,30,0,0,73.69658429340278,86.09629645592796,5.530597848126114,5.583746676105205,0.4735043975664028,5.532813254645448
MLP,31,0,3,236.21019829644098,287.13395369382516,12.11792560623076,13.181285575647411,1.1203645769001154,12.75586094244551
MLP,32,0,9,703.6787651909722,735.0340998019564,7.571115052647848,7.89473791883713,2.342703657232583,7.611909719613882
MLP,33,0,2,300.84358881784385,327.55221716322427,13.733388592277606,14.916902716221141,1.5247482431734583,14.041326190421518
MLP,34,0,6,1724.5352354600693,2006.0401840482648,28.89496898548971,34.71392661800071,2.599150451586854,30.684758226207165
MLP,35,0,1,171.5887860747396,179.93898341862752,11.140093774921889,11.858546249184048,1.0187480576939834,11.227040555811948
MLP,36,0,3,331.12202186414936,391.67168893981153,15.644562847941701,17.44628192540342,2.399939866017827,16.59378234634723
MLP,37,0,3,1221.198862947543,1398.7993931029832,67.0730195692625,45.923763357168355,2.6735444424029007,53.237676360024
MLP,38,0,2,109.98202446831596,113.80286437240457,5.179470865573438,5.327007380728698,0.38955438722322105,5.187260417956325
MLP,39,0,6,412.7515842013888,515.2980689888489,6.7460063356425986,7.112183514139464,0.9487881219452375,6.987643891231314
MLP,40,0,2,91.16966661241324,115.12522760206939,4.3231820855501395,4.381316439327931,0.3594582434868199,4.407920993700825
MLP,41,0,5,696.7320285373264,930.70827264699,14.056292893149852,15.870199620826952,1.2678832408391556,15.641277767113838
MLP,42,0,6,644.03125,843.203163718906,11.81380734958201,10.66323892940882,0.6676050190364821,10.66468185518926
MLP,43,0,2,312.51611562899313,335.4420269850267,13.578064105179982,14.710083295865639,0.9921304092911767,13.776238082426282
MLP,44,0,0,522.9436016818577,631.6380608222067,39.0652568689703,47.988329054934475,2.1236893929552823,42.70573167906726
MLP,45,0,3,420.8205403645833,459.06763963251694,20.312732965385326,18.32261817607373,0.2690534616267484,18.594506479584698
MLP,46,0,6,5151.923800998264,5379.667833507242,67.81605023148069,105.31154269989793,6.9352820398053545,70.57429864381184
MLP,47,0,5,623.3379806857639,701.9746745547773,11.78217076133688,12.702228986640051,0.7362969822117851,12.058467928630467
MLP,48,0,0,183.29903757052952,201.84780613454143,20.637174279968683,20.788818233029506,0.8988256935774736,20.317917131415324
MLP,49,0,5,825.1491429774916,989.555427392702,13.262270725855782,14.610162997206208,1.5394301911768495,13.99786586673051
MLP,50,0,8,255.62575954861111,315.48769560517303,3.249457564257959,3.3313991116197506,0.8106976183314323,3.2985860636273046
MLP,51,0,1,90.66170320095485,104.66096096533308,5.994999434848273,6.023228813786961,0.8617711234370775,5.966869722037416
MLP,52,0,5,848.5417095269097,1036.1847374893557,25.12699336691091,25.955688540017974,0.7525506172446764,24.214587761849074
MLP,53,0,9,369.99408637152777,385.2295244139718,3.8843668553974657,3.9678136924444747,0.9578527109110618,3.8901247398875585
MLP,54,0,4,200.62611091579862,233.19109634907576,6.378306460653649,6.1131743374018495,1.1816033845672613,6.195943808344562
MLP,55,0,4,111.77120768229163,122.19552960099378,4.430820961444145,4.3152180505626845,0.6616909358755567,4.392045255310822
MLP,56,0,1,121.81693596657988,124.92094928119923,9.62171648754076,10.131573699026722,4.521071623564649,9.660347846148062
MLP,57,0,4,161.20423719618054,182.44065222510775,6.545284712969917,6.826785237199429,0.9322931172232786,6.671609089141562
MLP,58,0,9,1019.9742938020833,1329.5738270992038,10.078616055960454,10.823117221042597,0.8572158909697654,10.761912690214045
MLP,59,0,4,266.55962408854174,312.85867982334236,9.895849313712814,9.321204939194223,0.8939052539253295,9.401163198697542
MLP,60,0,0,208.88448095703123,267.24477234801844,21.78697558854729,25.25300370450061,0.7859340951146148,24.381607820867675
MLP,61,0,3,343.1188693576389,385.54866569703546,8.355493518439033,8.810022467764345,1.061559701161986,8.546515807704283
MLP,62,0,4,585.1385655381945,652.0251405884368,20.661242537905604,23.238231021122697,1.5921035529295047,21.621020466927064
MLP,63,0,7,1369.6187086805555,1540.299476809645,18.277216153304433,16.323147104164946,1.2316442060281811,17.386438230016417
MLP,64,0,3,364.5642333984375,381.07199077486877,25.582533516755824,22.367043396709352,0.7377832316294511,24.962838898693594
MLP,65,0,3,520.4520466076389,621.702477398817,23.26536028421295,19.6852219714758,1.4282969118212931,19.727522040691746
MLP,66,0,4,597.6753414334792,662.5900833355449,19.7865215907382,17.693529519478783,1.8438105375361218,18.52648732042023
MLP,67,0,4,307.3505712890625,339.4133020227195,11.046251663391494,10.337453104690864,1.0675749017539218,10.808041973179751
MLP,68,0,6,998.7497337239583,1251.6877233036564,21.743596999620888,18.469511305109872,2.0546695988720707,18.254428950114786
MLP,69,0,4,360.40673014322914,406.5000592317663,11.56519149081386,10.752422636385358,1.1107207074184404,11.148898643325298
MLP,70,0,3,250.89657118055553,322.10367916831484,12.105033947861116,13.372496616287432,0.7061890246599772,12.968502325270862
MLP,71,0,0,311.8530036545138,336.6464567872184,42.45152299296463,33.79426244110682,1.3079341919702443,39.33946815950405
MLP,72,0,9,1096.2346761111112,1119.3124415539237,10.81174944637604,11.453857358819729,4.640698031635772,10.853778499907982
MLP,73,0,2,29.87482367621528,34.62427683473202,1.7180776917563516,1.7378516665800532,1.3746084513595986,1.7263140487058588
MLP,74,0,8,1947.405526909722,2434.6312714284286,75.84148688777454,38.74257230336378,0.9932798615767984,34.36831625825917
MLP,75,0,0,176.44105902821178,201.93008857907432,16.796121570372318,15.0761200327362,1.2786570073192294,15.901263322587994
MLP,76,0,2,105.37393199218748,127.61758836956018,8.393384208372485,8.34087249982664,0.4254315769440261,8.297667986539135
MLP,77,0,0,248.60167778862848,294.0202139252091,33.349735418547255,27.20271242636589,0.5604230031224767,27.915347474705634
MLP,78,0,2,460.43816630381946,487.9536294456373,26.528161180161568,22.973842118068756,2.2338857796194582,25.527221750999594
MLP,79,0,1,219.94190945095482,234.08732156083397,18.00727119977616,16.315502203425723,0.9902320147187365,17.412659136417098
MLP,80,0,2,144.0700917947048,171.47843734777794,8.771265889297531,8.259000966499384,0.691538761581382,8.385772567440371
MLP,81,0,1,82.76883951822917,85.9570434934255,6.520501551663795,6.756238012120461,1.801383677945423,6.550182947144976
MLP,82,0,4,563.2087254774306,662.9070296001688,29.098846045021048,24.298694182345493,1.1529120094384282,23.648214416938345
MLP,83,0,1,153.07456651475695,199.98224555933868,9.770678542773105,9.095688291253113,0.8730814170571614,8.961056919761914
MLP,84,0,8,434.6920138888889,530.0049634334265,6.439140076734533,6.158172265304858,0.28469498574536917,6.20108627598297
MLP,85,0,5,500.60294049479165,619.8856873617866,16.706292410190294,14.721717505226895,0.9846898423783451,15.282735240129785
MLP,86,0,5,1013.4979170572919,1106.1953592755517,38.140780903855024,30.75437210737891,1.4435300859934899,35.002233067686284
MLP,87,0,5,777.398827734375,857.6821320865207,24.017722157005178,20.768860992821004,1.3468791925825367,22.463800732158916
MLP,88,0,9,2096.2384331597223,2374.425819394181,22.054727150061726,25.512432696256926,1.6074262829296089,23.4220655584796
MLP,89,0,7,2631.088921440972,3066.93788257788,32.944159633823524,34.60443532174103,2.1294784436122973,33.164986404718135
MLP,90,0,1,87.2486355251736,104.1033062154783,6.917836409811881,6.591572508291092,0.5411232744265492,6.710920145224467
MLP,91,0,5,246.49747992621528,296.52203922243507,7.310835417636687,7.468783079815997,0.32989434821298613,7.49475452810076
MLP,92,0,7,557.0700887044271,759.9495513745239,21.05692774903974,21.206984178591643,0.2645651561426382,20.79399940002299
MLP,93,0,1,125.03363862630209,152.74761309175813,7.0826236294646305,7.467965420495265,1.2968111323813318,7.302164572164453
MLP,94,0,6,2917.2490891059033,3347.8304104245913,38.042650827143,48.233539511598636,4.114938555890092,41.373246939078044
MLP,95,0,8,539.5564236111111,568.2148878678919,5.9149655575309,6.114760253135335,1.675845164687373,5.943706012851897
MLP,96,0,1,150.73998633897568,174.60769209414525,11.305619824101049,12.209029682057235,1.3753170569092061,11.648109978811878
MLP,97,0,1,204.46034500000002,228.83541994603044,23.67261939000586,20.49433153745235,1.0185961734811813,22.19150245288776
MLP,98,0,4,186.15713223524307,198.20287962775976,6.623433646026728,6.88027515829287,0.8519806113497624,6.668228810746009
MLP,99,0,5,2433.2367350260415,2855.759515403815,32.17863551912957,40.915435674588274,4.022462119967644,36.16702000864471
MLP,100,0,2,1072.1341841905385,1165.9058324354344,41.658900233609295,54.3927016075624,10.740303781934218,44.25009740505222
MLP,101,0,9,480.9002278645833,508.0309575479266,5.00143313120055,4.985509081985904,5.876581195901222,4.933153303449308
MLP,102,0,9,202.00889756944446,266.69312606990877,1.9515455937961386,1.9845304860766653,1.3928446166590056,1.9782920606573342
MLP,103,0,3,81.60203179253475,92.78225211651063,4.01865009082044,4.121365342992933,0.2913785173560531,4.070671201343624
MLP,104,0,7,1066.6167154947916,1227.4994817076965,12.040690634408973,13.04837526832738,0.9072005434723572,12.481788983464268
MLP,105,0,9,389.12017144097223,423.51113731141004,4.131325911015406,4.234524295410791,1.169699914151219,4.159241737492577
MLP,106,0,3,863.5062004123263,981.2859321520764,67.03893206904108,45.291920263720236,3.298782838261117,51.47895224614398
MLP,107,0,7,1401.7555338541667,1567.543741169249,15.664941748853009,17.30453190950153,2.333666260578524,16.184476978431686
MLP,108,0,9,359.38075086805554,470.1779442951055,3.1713397067975393,3.2519500474101495,0.6241344042584702,3.2462105019345224
MLP,109,0,2,186.9280806206597,202.52271840006455,9.708816463592079,10.286122791515933,1.8785860692027148,9.845857583638665
MLP,110,0,7,2014.8433159722222,3127.300124196073,15.648590293841163,18.507282283382665,2.6788944842761393,18.549468937324825
MLP,111,0,5,206.10622721354167,260.7397896482317,7.739154978182418,7.729628056676063,0.2590137510051178,7.875288330146174
MLP,112,0,9,415.5970865885417,461.6696139301376,4.758845719779271,4.901149444426629,0.9072587464821465,4.802770664034663
MLP,113,0,9,204.26106770833334,250.5872136138986,1.9772329866539362,1.9958668230457197,0.6505575101669521,2.002559487336601
MLP,114,0,4,149.2465084635417,210.9062739255198,4.6759937063328625,4.478871708701524,0.49134248595004715,4.441735520568618
MLP,115,0,1,157.65074327256946,177.35380417233227,8.072607667822604,7.935487534162703,1.0998889065528101,7.858525003894351
MLP,116,0,9,333.48985460069446,364.9644163847619,3.5031340927605092,3.577518260850428,4.080218449437534,3.528578287569069
MLP,117,0,8,625.0448133680555,628.2125079660666,6.932925231088376,7.18427348928385,3.287633144161874,6.936892150236146
MLP,118,0,7,555.6079644097222,573.6935205166427,5.556079644097221,5.725952446684612,1.1821781420956385,5.556079644097222
MLP,119,0,5,2027.7617296006947,2101.6105426758245,25.928418435067545,29.98665076204884,2.0754643218918285,26.28520256172031
MLP,120,0,8,274.99506293402777,342.4527076712886,3.0245885951667812,3.096685525192506,0.9996670004629855,3.0808511597356643
MLP,121,0,8,480.5890842013889,540.5674975792409,5.607383607469122,5.413322903256547,1.0648207183191778,5.527542182507987
MLP,122,0,8,278.16346571180554,287.29584860585356,3.082967252947362,3.134433158648024,0.6523533436017954,3.0872748691654333
MLP,123,0,0,42.61425653754341,46.346416566862295,4.010314639848118,4.107067031543717,0.8391939292397754,4.031016978240481
MLP,124,0,6,708.4012478298611,830.3395823626614,6.510754322659251,6.228803431753512,0.4627711409186435,6.358281733603813
MLP,125,0,0,79.30226018706595,96.50116408652524,4.789536325838331,4.961878545383095,0.6805228312242627,4.879091054338547
MLP,126,0,8,1110.5076388888888,1243.7649798831483,9.751970374072679,9.184044956341532,1.1508939697397154,9.475999419753688
MLP,127,0,6,362.35590277777777,379.61068259051916,4.667510272319956,4.7897935632980175,0.8439966679606625,4.682272972002872
MLP,128,0,6,1336.7102159288197,1413.2932692290503,18.567149712448593,20.662293441233615,2.318399110318636,18.89435048013233
MLP,129,0,2,43.52995567491319,52.81966627871657,2.1334901346355424,2.1527685265296457,0.25090708609432194,2.148971960071102
MLP,130,0,4,277.3361445996041,293.17286837821075,8.71566248605475,9.158247450010712,2.366680705296947,8.79246146728999
MLP,131,0,7,251.84811740451389,289.90865991633444,3.7699068625182077,3.813474938829084,0.17858844772108112,3.7745762808336805
MLP,132,0,1,12.85870361328125,15.122967227801213,1.0985790871937098,1.0919840885191707,0.23960317291828417,1.0948754259179871
MLP,133,0,7,530.6244032118055,568.0308581109521,6.328389406612706,6.564069107457349,2.046109523952978,6.3717406656521005
MLP,134,0,2,45.15680729166669,57.750978242907685,1.973730057171826,1.9899645623250422,0.31531482942514727,1.9990943607131009
MLP,135,0,2,1306.1398606987848,1446.4983380421586,59.27412653704168,42.7346799714611,3.985325927509302,50.52786431118754
MLP,136,0,9,197.154296875,249.17074240558688,1.915011726575871,1.9434817733414111,0.6677212639413345,1.945217689354075
MLP,137,0,9,307.073681640625,355.13782547617654,4.084239172363111,4.195311910463501,0.15352988747395951,4.11400507877423
MLP,138,0,6,1947.2353515625,2178.456383352551,23.281463867555605,27.076009682711334,6.93946301326154,24.496094159503095
MLP,139,0,0,37.08252631293403,38.582008994615755,3.6442684865605735,3.7174803143446566,1.2804739748941307,3.648657885824929
MLP,140,0,6,1237.2203233506943,1269.4859128759053,14.849017866968211,16.103394744214082,3.435069198212049,14.929352493019662
MLP,141,0,4,1165.0533219401043,1562.9802992196287,26.824226737639023,30.647675636112798,1.9006563651465858,30.745803331164673
MLP,142,0,5,423.7537489149306,474.87166834897124,8.907378369563672,9.422957518365143,1.821150790097409,9.096882257353025
MLP,143,0,9,156.32633463541666,172.71014967324896,1.553590206999176,1.5447131815066462,0.3487190357498846,1.5460251657559874
MLP,144,0,8,473.48828125,571.918470350387,4.573651257560349,4.692318504885182,1.3451371626420454,4.672837909150721
MLP,145,0,3,355.91175836848964,406.05380922987086,14.304190264777697,15.721990659183335,3.214703937514489,14.850925977301928
MLP,146,0,7,1324.9391276041667,1385.89541334544,15.732626807270067,17.184507567700074,4.206957285845452,15.923473210530007
MLP,147,0,9,1459.3639105902778,1566.0740830281134,13.2583519304154,14.32862409734565,2.8068117708873954,13.491953632075642
MLP,148,0,6,317.5335774739584,395.35457663555553,6.048390262855719,6.343270047947229,0.31646728688958364,6.175653528481987
MLP,149,0,6,555.3253330604027,608.9265503716396,9.131198659226849,9.643175802065599,1.404983284800281,9.309174374732736
MLP,150,0,0,15.88971218532987,18.938482348026497,1.5322571420741513,1.5471787751911084,1.0472378889512026,1.5405549983891673
MLP,151,0,7,138.01543511284723,147.32662305301088,2.3977936187506947,2.3681737973508064,0.5405123316553347,2.398437745132942
MLP,152,0,3,209.83367296006944,257.3227881578563,10.934315594888709,10.110305377914704,0.4564554843621865,10.289234387075766
MLP,153,0,4,73.43480088975694,77.23441572171322,2.997038274836929,3.0474705036206626,0.7198064641669245,3.0014223796903385
MLP,154,0,0,29.54468451605903,34.7173708050456,2.6094546950504296,2.6404113205361748,0.5931705064063767,2.6280110757514454
MLP,155,0,6,182.73082139756946,193.6812167817311,3.125051128782952,3.18078362886752,2.142960504503984,3.1322300591907917
MLP,156,0,8,787.0241427951389,876.9567976892374,7.845882023865062,8.216338043268808,1.4713350840112096,7.995955619073489
MLP,157,0,1,81.0515472005208,84.76466411206484,3.064306510785873,3.11641489923184,0.7425384614607661,3.07034066832263
MLP,158,0,5,83.40228949652777,95.0436894807645,1.7070730005367185,1.726195536236264,0.9098431581439392,1.7110111818298381
MLP,159,0,6,3429.464594184027,3714.105476580263,53.631350329502524,40.465694377768486,5.490738973853693,48.492836641698325
MLP,160,0,0,21.814367675781252,25.42843374688599,2.1111179553616926,2.1141111310264304,0.29019043940664635,2.1093214121859454
MLP,161,0,0,65.2221462673611,74.13629375050061,5.370294297275695,5.560954741692733,0.8422913434381827,5.435204018594993
MLP,162,0,7,807.3814561631945,911.2593441388324,6.922589287286648,7.2358902452446445,2.1329496383085305,7.036003975278383
MLP,163,0,4,149.18096049262152,154.16354103935538,15.055993483928884,16.358211097593667,0.28391352986356944,15.18052627683136
MLP,164,0,3,86.82722981770833,90.56622330145719,3.6726359087808005,3.7473401364229106,0.8348048947393352,3.679119907530014
MLP,165,0,7,134.81816948784723,185.54033244041128,2.469232476290618,2.5264670129828715,0.48234703668496515,2.5199657848195742
MLP,166,0,7,445.4437662760417,563.6890191358852,7.079333981390174,6.786489430686611,1.0581808927372032,6.6705389292585275
MLP,167,0,1,107.97196451822919,147.2961882312512,5.23370101425471,5.469412704682776,0.5621537778880099,5.474426638221153
MLP,168,0,8,1974.6786024305557,2066.0849197308366,11.806641003808569,12.605196461587628,1.8883318061657135,11.92758887374161
MLP,169,0,4,51.92259385850694,58.39649805220162,1.8972079018767634,1.9191614881050458,1.1503808220148244,1.9069714128812996
MLP,170,0,7,6488.091959635417,7012.7784537545795,57.868402207559825,47.35523661296179,4.08836278054312,45.730149296514014
MLP,171,0,5,167.77261013454861,182.7248757161675,4.202200389208801,4.308870295666683,1.6937480422860298,4.227785219686232
MLP,172,0,9,158.39706380208332,183.57667132350767,1.9748243637985448,1.9702041914385997,0.3200466667291258,1.9639977687198902
MLP,173,0,0,110.17427571614583,129.7469442255888,10.102294890945,10.685632626549886,0.7434639428146087,10.415635309299502
MLP,174,0,7,1803.7275933159724,2555.212227331364,13.223593412060596,15.048020710009913,1.3640036958687056,15.099570588637103
MLP,175,0,3,327.56480278862847,400.44965478970863,22.379110275623308,19.32151242420167,1.3252670617085027,19.15271897002896
MLP,176,0,5,127.18077256944444,162.97254868555726,2.872174666261125,2.8053544367324164,0.920878392381496,2.815810462792128
MLP,177,0,1,264.8297281901041,328.1840081522121,12.59773707619286,13.752188143883204,1.194239382945456,13.51578169013897
MLP,178,0,8,184.43858506944446,223.34436502279024,2.092233501544308,2.124561944344003,1.2525349001351076,2.110281293700737
MLP,179,0,8,1138.6391059027778,1559.860242370835,5.831064305253686,6.069655716337677,1.3290379982803513,6.203220906186725
MLP,180,0,6,1614.1479166666663,2290.9949610424082,18.58715892878988,21.601602320783275,1.3259363789579068,22.240947932383055
MLP,181,0,8,2535.0576171875,2932.418442275541,30.450557207490608,25.08187768721406,2.187812504322029,26.925731462426977
MLP,182,0,0,116.64795600043402,136.41783397110288,6.548680188259957,6.288428178358414,1.1450357893964673,6.405122503913281
MLP,183,0,6,2021.553572048611,2306.7842607767006,18.47457218080252,20.857545076840903,3.750429662329155,19.489674204760473
MLP,184,0,5,520.2415332031251,643.1950305004624,12.920107839299202,14.303902214616137,3.2563210055437484,13.832180690933804
MLP,185,0,3,89.34083387586806,98.34877157384646,2.7014368185268123,2.746021985255367,1.0258633478950636,2.713281833278147
MLP,186,0,0,29.54468451605903,34.7173708050456,2.6094546950504296,2.6404113205361748,0.5931705064063767,2.6280110757514454
MLP,187,0,4,190.91929796006946,197.60772747167294,4.820214238936036,4.947694085625744,1.3299053701642742,4.830003321547786
MLP,188,0,2,46.88030327690972,52.721961344626116,2.3802241975247966,2.416442464736692,0.82508767992952,2.3925981995077117
MLP,189,0,4,330.532103515625,356.6533970331545,6.854933786043824,6.6232497328504305,1.6440076157918166,6.7010244456539
MLP,190,0,0,497.06515163845484,524.8924636645024,50.48925879524474,38.90163112560676,3.8946933131940664,46.81932354522338
MLP,191,0,8,1915.503146701389,2208.6472846758443,53.81551823757754,37.2963764076014,1.3147445629307146,32.509010598364135
MLP,192,0,8,200.02663845486111,230.23514517698555,2.3767694891467372,2.3571896295203603,0.7632504939322649,2.344062169392904
MLP,193,0,2,176.66878390842012,193.9173193525327,8.890248871241987,9.38413211973444,0.6739144090254485,9.042908114211023
MLP,194,0,6,181.61048719618054,190.77181243898653,3.951327853087115,4.039146255269429,1.077576591141309,3.960634345240619
MLP,195,0,6,520.7763889343917,656.620080795021,4.930048400220088,5.126380082712332,1.8812057712725767,5.065267905607568
MLP,196,0,5,134.85107421875,153.71822672037507,3.836572115424423,3.745017307560037,1.107954791878701,3.7814602522783924
MLP,197,0,3,805.1441758897569,893.3084884051608,45.80009251196664,34.985026291708074,1.5546717216924109,38.74134601673312
MLP,198,0,5,360.7569913843751,451.6819580919227,7.2310039912071105,7.483425014160458,0.9166699340973425,7.472170033750966
MLP,199,0,8,985.6204535590277,1146.243833073882,7.331804882150052,7.708181921913273,1.0101060745827513,7.472095483244065
MLP,0,1,1,55.001312255859375,74.01126246454349,5.506627077203884,5.323307530131096,0.18522425081486785,5.3535046807195625
MLP,1,1,1,490.1239749266493,594.1382515806744,22.601451370330462,26.80573712500378,2.34842706457383,24.41706082231677
MLP,3,1,4,628.9310194227431,684.6604305295738,18.173596583174557,20.03960307028092,0.4256754884350403,18.675202492955
MLP,4,1,1,273.5800325568576,327.2398698929781,25.368104779816015,21.179787062898455,0.7155743295111604,22.49271982092118
MLP,5,1,9,1048.475802951389,1374.4138097939413,6.359788685913187,6.323018552367915,0.4117786551311614,6.220357433462426
MLP,8,1,9,2752.7837999131943,3113.618325442602,22.20544518382329,25.82946198000239,1.897083959426447,22.911225966818098
MLP,9,1,4,946.9085693359375,1044.7286177719752,24.026391143794225,28.06751445523974,2.2241348651614605,24.516490101042656
MLP,11,1,7,1119.5160811805556,1367.747196579315,16.093172550748555,17.5746480989494,0.9732595334486466,16.830963117508528
MLP,12,1,7,157.25299479166668,186.8022074028778,2.4287614318940345,2.3901254882855154,0.4096949297648195,2.3987765296835
MLP,13,1,2,172.58795301649306,204.3642951303854,10.026538102421862,10.75192520909612,1.1786016040448186,10.44563189689775
MLP,14,1,2,184.04964512803818,223.32807613597205,13.116515150965713,12.364343901388583,2.060979215018777,11.31880322790207
MLP,15,1,3,65.23596462673612,86.18844888432812,2.0949877002542765,2.1331392981280635,0.16172795255894806,2.11173919810604
MLP,16,1,5,980.7007213506945,1064.7123630550293,22.314589296784934,25.532748134447537,3.7977484588489108,22.950618269787928
MLP,19,1,0,23.92025417751736,36.645660998844356,2.25284256120349,2.1936921429453973,0.4569426268353533,2.1919491686367283
MLP,21,1,1,122.12897542317705,143.7230538916761,8.661614530234342,9.192576949859756,1.3892829536813671,8.946208241036913
MLP,22,1,0,192.60755750868054,236.9585271223305,12.84090426199868,14.126614794472003,1.4276840516142089,13.584107966288888
MLP,23,1,3,383.30838758680557,440.0257462298827,14.341347603172386,15.77261515173188,1.9517897266152728,14.872951350023738
MLP,25,1,6,530.8043619791666,727.2856889265262,7.782328903136683,8.256296927559735,0.39323255012487374,8.295978567009637
MLP,26,1,8,1160.1051476527778,1406.39951183687,11.53992334927746,11.294536979421075,0.6938276745482411,11.268654840283157
MLP,28,1,1,50.33637830946181,67.98348457470215,3.9544395987081935,4.048956338256223,0.8772645810468654,4.058657989474613
MLP,30,1,0,103.92621929730905,123.79961195182375,7.252443825174049,7.627344588874322,0.6852316332650948,7.494211886633087
MLP,32,1,9,500.71245659722223,517.0465869827767,5.238965727919806,5.389336009709441,1.578930823479057,5.251616489191237
MLP,36,1,3,484.8702240668402,566.9524652415926,18.48176265243514,20.972076405882405,3.261775320866076,19.4514212435685
MLP,37,1,3,177.22230543747153,224.96158914887022,10.180726120277736,9.414941493752686,0.3268509868588821,10.041291940171147
MLP,38,1,2,26.999510362413186,28.511708946927822,1.2820541760969326,1.2902419489963604,0.11303745679627962,1.282119351445411
MLP,39,1,6,363.30279405381935,370.69853387065325,5.761496253273235,5.939231964908525,0.9121952125425447,5.770990913868882
MLP,40,1,2,189.60585069444446,267.2451114419141,8.004504412829974,8.594641835214647,0.7847653600294323,8.59752061207581
MLP,41,1,5,1188.08837890625,1281.2149383526082,33.62890844938995,28.08521017577863,2.1994094090139695,30.116308717522177
MLP,45,1,3,698.6761121961806,769.546511455892,22.46881409479589,25.78154973042519,0.4992294203264773,23.36201535439388
MLP,46,1,6,2270.2153591579863,2596.725661234955,26.678282971788807,32.38314877043282,1.4354991732380709,27.278956251564583
MLP,50,1,8,445.01768663194446,488.19625247605444,5.46024620364104,5.643570894924965,1.5021090443254574,5.511017027316633
MLP,51,1,1,283.19619700520826,317.1622750630872,24.68207729317041,21.3871834378437,2.668848787441892,22.216184006994098
MLP,52,1,5,791.4104508463541,938.8292785004618,29.756331733833207,27.688685006885237,0.6882933154361324,24.599643915366364
MLP,53,1,9,360.03846571180554,389.7329669867772,3.7076459786487757,3.789674306580934,0.9772472640749007,3.7223965438325672
MLP,54,1,4,74.3049659157986,88.06346262426091,2.318294262442989,2.340605425602557,0.4232838649486725,2.332819161638724
MLP,55,1,4,135.82016601562498,142.45492041024207,5.531208558367598,5.367242664228716,0.8255788255994648,5.5038305157470955
MLP,56,1,1,62.87881655381945,71.29109771871481,5.322496907950455,5.1438203145353745,1.8778965816173245,5.223454065977824
MLP,57,1,4,185.26197102864583,213.10413158078117,6.968909082253662,7.300659907385709,1.1419085294372582,7.123786030026329
MLP,58,1,9,1092.3475853993054,1199.9760117382334,12.125064507304934,11.49265812107328,0.8921753191148492,11.549221056077783
MLP,59,1,4,922.9655968663194,986.1440397499068,25.530175909845255,29.731197119582003,2.883984820957059,26.227860749017783
MLP,60,1,0,508.63904546440983,589.5377664421909,36.85671217333139,45.6609248197365,2.0044648412351598,39.6507238874344
MLP,61,1,3,861.4735921475694,1270.7523758991065,44.531181295961936,29.297498750502466,2.46144021253044,27.151095868910463
MLP,62,1,4,419.3406016710069,486.09714907084515,16.698187219536916,16.038905781996675,1.1460058053078568,14.962526597428432
MLP,63,1,7,528.3921015625001,626.0870148848738,6.298497472079975,6.5724558880883075,0.3931657750839117,6.451438885644115
MLP,64,1,3,375.04067247178824,433.0370565348026,19.85213530495616,21.827881687967835,0.7961444962888581,21.201382194316096
MLP,65,1,3,267.1960091258681,375.2491724595436,12.901312287290931,11.465431501981731,0.7022942285635984,11.309361490865012
MLP,66,1,4,236.2768818101264,250.9035966082246,8.20241352041239,7.83558028317833,0.6718873155114389,8.10234299863043
MLP,67,1,4,314.1927533637153,342.77913573133503,12.63115942032943,11.733801152352253,1.0429373390629346,12.30296937162363
MLP,68,1,6,711.2018055555556,880.2277221588242,15.114136963302702,13.99044642206202,1.2354768376725511,13.66907048261009
MLP,69,1,4,396.75519476996527,440.8703862757575,11.30674449749655,12.12667434151735,1.2278129447311943,11.58249634009808
MLP,70,1,3,665.6902601453993,751.8603368310759,24.457157250003085,28.68336366240227,2.023233111456002,25.846751329538044
MLP,71,1,0,90.86209137261284,99.62380519853858,10.684754286727518,11.400346504255182,0.36045051700569936,10.882526717058639
MLP,72,1,9,719.1766987152778,807.9544873561432,7.811030225025391,7.436226571812428,2.2793319808182186,7.615073649571904
MLP,73,1,2,42.794840494791664,44.96804175543749,2.4590911236785877,2.4928074091768373,1.9760406204023313,2.4651405814972156
MLP,74,1,8,3162.7104748263887,3317.2646600152298,44.49280856158102,58.26644991496135,1.5572404873955978,45.33914866564077
MLP,75,1,0,198.41378518446177,214.10654945869814,15.795235962282824,17.364206355168342,1.2954718156464529,16.135740876919254
MLP,76,1,2,204.3061299761285,238.44910245766363,13.782211458979033,15.058727801920057,0.8616029324189769,14.38421330574538
MLP,77,1,0,260.7005140516493,340.9860312218653,23.094002964280403,26.657893311014156,0.5971326080804911,26.12811388045483
MLP,78,1,2,162.88654995269093,191.30475401315118,10.302513905580199,10.089602715854076,0.6549189639784339,9.968427572923279
MLP,79,1,1,154.78732638888889,182.9998581071178,13.742310028151147,12.499851181076483,0.6508291912356049,13.069194324022849
MLP,80,1,2,591.2569316059028,635.3461096138132,26.852743544592748,31.595083632072747,2.790400581575255,27.70244996925323
MLP,81,1,1,90.38508436414931,110.20316426201582,6.574231629434219,6.903596816315155,1.9198450151521935,6.7780340730520665
MLP,82,1,4,519.0441888020833,571.6798822438026,22.37626216626401,20.960308094625848,1.0914382202205375,20.182167543217584
MLP,83,1,1,349.3407560221354,359.77150693130767,25.507140084121282,22.447716395214712,2.0139466713891894,25.0793628844421
MLP,84,1,8,496.2941731770833,554.7876588541423,8.121580407438959,7.722925081849214,0.36016239296630076,7.903836252917501
MLP,85,1,5,1004.4800520833334,1116.508333695731,23.182360898977876,26.843884710221094,1.7435345264741595,24.252533615831357
MLP,86,1,5,351.6882723958333,383.1651165552853,11.231667557931038,12.021426581887876,0.44777990121247346,11.424391704351399
MLP,87,1,5,334.1711533854167,414.9124161131436,10.816171366107103,10.092855508263444,0.5620752388458465,10.26806753001997
MLP,88,1,9,580.0907009548611,831.0022488057206,5.615502629448884,5.908320092591665,0.3969242653558873,5.878807744167433
MLP,89,1,7,3175.8161892361113,3956.5399670089973,35.54403689844789,39.61788148492563,2.672716594901678,37.26511825700782
MLP,90,1,1,87.85260552300345,112.46690459474176,7.42770843636798,7.071302900339499,0.5526487418777625,6.997252596354006
MLP,91,1,5,224.36265733506946,268.8751846788384,6.64292054490962,6.524386111958582,0.2839654217812846,6.512956205418771
MLP,92,1,7,684.5885335286458,790.639753693022,26.385396963074964,25.853445097722755,0.340148308877869,25.377061665463213
MLP,93,1,1,198.21911294704861,203.19542841381005,10.612611115078954,11.236266180400184,2.0879252540912825,10.657644136334657
MLP,94,1,6,2795.5330007378475,3373.3497921112516,29.77739572724515,34.75431228869996,3.515835422622285,32.294810519520766
MLP,95,1,8,305.7252604166667,329.6684414501136,3.284142376255794,3.347935028336066,0.9611880774269168,3.295439659560453
MLP,96,1,1,75.6801017795139,86.51980004744352,5.579995932401284,5.732110013114087,0.7140551031233705,5.65680713370013
MLP,97,1,1,198.8842931358507,221.86639585318642,17.82846913029067,19.951909116393672,0.9125085999511704,18.50631411384274
MLP,98,1,4,171.8612344704861,229.19481999220866,5.649639256271344,5.938655811328867,0.7718031843150113,5.8556487632726215
MLP,99,1,5,1395.5110948350693,1565.198444241997,18.174745519345308,20.570351922652456,1.8937468815209342,18.122213193154355
MLP,100,1,2,672.8240040690104,740.3541600344439,22.740918916454568,26.381581665418842,4.457738218432309,22.99242823313067
MLP,101,1,9,593.1852213541666,654.5668727372915,6.258206319002194,6.144735288242626,7.229612237389031,6.054660919185819
MLP,102,1,9,149.67702907986111,179.32416597245626,1.4540521196210137,1.45978085709711,1.0715785182489614,1.4617531812565108
MLP,103,1,3,158.02365587022572,182.74454614400827,8.81971952117765,8.338439389564936,0.6042507489684374,8.452999282803404
MLP,104,1,7,969.244368489583,1103.5574840968159,12.230228604004038,11.342081636766592,0.8454191999497439,11.658812528902445
MLP,105,1,9,134.39914279513889,156.21936752255957,1.4171381682001518,1.4303909308481406,0.4054499279853352,1.4238873280238376
MLP,106,1,3,569.6412644856772,607.4484771900172,61.072357999473766,44.35930284645495,1.9956615180239294,55.40295729438983
MLP,107,1,7,1422.0547960069443,1596.483065476886,13.445348210815602,14.653722384216298,2.1733290278596695,13.858682364983757
MLP,108,1,9,508.34168836805554,590.1467519473258,4.809238802439472,4.674759896135694,0.9145069796293726,4.710429383651733
MLP,109,1,2,182.25266281467012,202.91009693330682,8.744289530129278,9.235269557154197,1.8050049999012825,8.894075080849532
MLP,110,1,7,4418.782769097223,4765.332058693389,31.370506400547992,37.92883273817084,4.813963852448394,32.43487172697208
MLP,111,1,5,1224.0176812065974,1358.3846165637024,33.09489656529565,40.7684882811113,1.6286730014501811,35.013978311605534
MLP,112,1,9,516.7787000868055,543.1469172165891,5.789542161849909,5.9795378702974595,1.160753000583197,5.818779072926962
MLP,113,1,9,164.07568359375,189.14575754147253,1.6367236057915686,1.6546764323733916,0.5265313671241897,1.6425819269674637
MLP,114,1,4,188.2660568576389,237.44007956696086,6.090312059508593,5.810016096456762,0.5966734146406821,5.844607954745362
MLP,115,1,1,199.114501953125,224.19564089340594,12.858956928001353,11.867527770137459,1.2752850253189048,12.33755950139845
MLP,116,1,9,203.0908203125,252.07613647843536,2.1077606481039046,2.1420230022296773,2.444332309853269,2.1328090814614935
MLP,117,1,8,361.5286458333333,602.4126182626272,3.7886095770165094,3.909958236095573,1.7669595313159958,4.0181755242294015
MLP,118,1,7,778.1055772569445,850.4767427904474,7.781055772569443,8.16294685707942,1.3796198178314618,7.781055772569443
MLP,119,1,5,215.29024522569438,284.5970023061602,3.1423058318601362,3.070414867491272,0.19477592536390068,3.037476300483851
MLP,120,1,8,572.2893880208334,655.3849354858143,5.886066260960241,6.120300515343301,2.0187893227805724,5.990084947098639
MLP,121,1,8,824.2333984375,917.8650375229727,8.634526160219753,9.112286051766203,1.648466796875,8.784014903419184
MLP,122,1,8,132.6748046875,150.38271401070753,1.4723425872711926,1.4863821858218262,0.3282424917436622,1.4752572796979244
MLP,123,1,0,40.17568885633682,45.64320133464715,3.6790131382451747,3.766533682910443,0.8218816135880385,3.721031799311022
MLP,124,1,6,1122.452734375,1320.7790162697802,12.121808012371488,11.199807721413455,0.7504578484358201,11.285223034973098
MLP,125,1,0,206.06879627473958,236.49754741477514,11.12238687661505,11.973211877305848,1.8628852039313244,11.462393403558346
MLP,126,1,8,662.1385091145835,838.5584486021329,6.6452742956322375,6.303438261368807,0.658545143224381,6.318192579777267
MLP,127,1,6,604.512939453125,653.4136689777097,7.402767411913852,7.734488326678808,1.4793216947342334,7.478510591172681
MLP,128,1,6,1236.674777560764,1420.9210915569004,14.623077941217177,16.13169412622535,1.9970636479404702,15.129268074526959
MLP,129,1,2,54.439811577691,69.14302411767142,2.839385717996938,2.81807251344585,0.30658681969081814,2.783530731994642
MLP,130,1,4,183.62904334902086,208.7988296408296,5.474016310814603,5.6731266391558055,1.5142837776973341,5.541107053577451
MLP,131,1,7,478.08808051215277,737.2768808213033,6.396403935519182,6.649506163055695,0.3584302913343667,6.857040198580677
MLP,132,1,1,21.210618760850693,22.633332904815582,1.8413507720054814,1.8222151394414219,0.4066414484328772,1.8373009513730147
MLP,133,1,7,570.1225043402778,614.0213575702725,6.5023394018356555,6.755110259760287,2.233071704621011,6.5548065138764695
MLP,134,1,2,61.17804361979162,74.3476230945818,2.6169890519124763,2.6679141829511215,0.44701967397253795,2.6487871548242063
MLP,135,1,2,597.4532783203126,633.0972814067383,33.1373436522786,27.76731960908656,1.5847420301983453,31.88710899734412
MLP,136,1,9,181.71799045138889,206.9572295258093,1.8072041787920066,1.8285895530189895,0.6227920293334992,1.8146494766325845
MLP,137,1,9,187.53502604166655,242.28235690345957,2.529985222550551,2.555420478269728,0.0971511247783209,2.561570916271624
MLP,138,1,6,1174.9981282552083,1215.9974741199894,12.965492963789908,13.933028075343334,2.9937363458305253,12.99425321852114
MLP,139,1,0,38.367513020833336,42.020899964269745,3.6831334811166636,3.765839200208474,1.387396676199777,3.705613748859795
MLP,140,1,6,378.5219455295139,424.9524838062309,4.5341318151389105,4.6681032062201115,0.8621034342642417,4.53428300825963
MLP,141,1,4,953.6641574435764,1180.5209404805678,27.531083364314885,24.14405028095617,1.472843338968922,24.058925200055864
MLP,142,1,5,432.31634440104176,458.2454145552835,8.526390223916792,8.950451305333747,1.8867887191566701,8.60631802802367
MLP,143,1,9,137.41172960069446,168.95639167529183,1.3594763019606593,1.3735238218265564,0.30391064942186197,1.3687866325103346
MLP,144,1,8,478.1418728298611,559.7482695079752,4.634155253337275,4.671165423993309,1.276515876704639,4.664798759315718
MLP,145,1,3,453.3130138255208,495.0568345403634,15.876977198520573,17.484472716586332,3.881221133639973,16.24960032915847
MLP,146,1,7,1360.9214680989583,1574.0481499386915,13.682819912425101,15.03677242246766,3.586615874931369,14.2568727270396
MLP,147,1,9,938.4694010416666,975.2747489813859,8.091621514770784,8.460396169454091,1.5634208147073523,8.121643141235522
MLP,148,1,6,235.0416775173611,263.7090286668453,4.437408727487187,4.55254157051447,0.24314567370149376,4.493083360392369
MLP,149,1,6,142.60163038463054,222.06599704401413,2.2748589951611757,2.3179990277118403,0.3634651017747918,2.3615183100070003
MLP,150,1,0,8.275899251302064,10.269527008352707,0.8024161930901118,0.802318163683865,0.5276012599931026,0.8024033747559235
MLP,151,1,7,102.49666341145833,107.33520275756412,1.8173092806016324,1.8356718802554288,0.39013723249963245,1.8141180753067876
MLP,152,1,3,244.729577094184,289.5375573229142,13.849659437868361,12.955799279884525,0.5403647779307135,13.143026402503194
MLP,153,1,4,40.583048502604164,48.09125719064256,1.7126555853252443,1.6944228357948288,0.4175619885128307,1.695670550248085
MLP,154,1,0,28.82501220703125,32.6282255520812,2.506959452745621,2.5476298051624324,0.5888377980035567,2.524572886952912
MLP,155,1,6,75.9951171875,88.98041754036647,1.2977881233519124,1.3090306488852443,0.9161698826313757,1.303766783620854
MLP,156,1,8,430.5661349826389,624.8556379136571,4.01348558569754,4.110592344423949,0.8054068247905783,4.159835988238688
MLP,157,1,1,50.42389811197919,63.42313992898253,1.8977672660980673,1.9002750703948628,0.47214599868185875,1.9168373055191807
MLP,158,1,5,26.60234917534722,33.24918808917794,0.54293220957948,0.5440682201446234,0.2864680030847331,0.5438299661059057
MLP,159,1,6,930.9067491319446,1068.2431135511383,13.709195347977385,13.584068390288131,1.3462601331740502,13.77417193740994
MLP,160,1,0,41.74177246093749,48.39178475875826,3.8598526461860154,3.96126686172737,0.5689556256185321,3.907409702566839
MLP,161,1,0,112.26229519314236,126.52775468745998,10.512434546159179,9.83873054109429,1.418341359843512,10.146118805176501
MLP,162,1,7,1136.9580078125,1244.190222166592,8.91954354109374,9.416229878986778,3.002496493972506,9.061833218484324
MLP,163,1,4,78.05825960828992,86.07100904775194,7.431572254345051,7.777857892195829,0.1512817676943347,7.519723902800273
MLP,164,1,3,66.11933051215277,77.21534156695664,2.7049534691835397,2.7553896732904284,0.6498077841177551,2.7296971312356653
MLP,165,1,7,342.4903971354167,365.1917223836326,6.0115890216387236,6.222522773526341,1.2327757718764423,6.056417279140878
MLP,166,1,7,553.7128092447916,668.5892685560445,8.927726649273367,8.467183982767102,1.3007856471147485,8.410827482199366
MLP,167,1,1,129.84823377821178,205.39661856649514,5.686632955180039,5.9418663319554765,0.6867115555743243,6.070328274374914
MLP,168,1,8,2111.740776909722,2283.133662229365,11.48780658904862,12.307472137860234,1.8533294010695385,11.642062476071976
MLP,169,1,4,25.123765733506943,32.73366000305801,0.9205203602185937,0.9226144559700284,0.5448527508471385,0.9231022314821903
MLP,170,1,7,1169.533175998264,1598.5592930936514,15.847409916780542,15.760068443892916,0.515369747058796,16.784880535774796
MLP,171,1,5,58.233737521701386,74.66192198585996,1.4489641393607386,1.4605844457421902,0.5911798082463395,1.4627508727192646
MLP,172,1,9,175.368984375,196.5055000815107,2.177996966282967,2.205365132038911,0.3550148355076758,2.1850396046173044
MLP,173,1,0,74.23600260416667,99.5226748890708,6.744047507756385,7.0429998621002925,0.5169508336927541,7.014425442913385
MLP,174,1,7,2875.904231770833,3222.1221852551625,21.355157501182724,24.473349567836642,2.2125093773885083,22.37364214027688
MLP,175,1,3,627.4631572808161,812.0829113508323,24.43246763633772,29.320437069111378,2.4275507325921217,27.150363747423782
MLP,176,1,5,98.00759548611111,105.2453733193958,2.240629405043598,2.2129021604444814,0.6775118860782866,2.231954350645243
MLP,177,1,1,274.13447129991323,328.0834441602538,16.488839728611893,14.640869094003042,1.2316622487535576,14.93129732475509
MLP,178,1,8,142.45323350694446,167.297985482031,1.6062342699223506,1.6198874895051414,0.9556782293757168,1.6155230614446823
MLP,179,1,8,2170.6438802083335,2831.208899229797,14.162040764247537,12.875801525714714,2.296335581874772,12.549774628372193
MLP,180,1,6,2976.202555338541,3286.0625685580026,33.03143771421389,40.74560436654226,2.469646862312165,34.867952991928455
MLP,181,1,8,539.5908745659722,657.7311928037719,7.0452806108923465,6.708063201168257,0.45552307183166557,6.888394143395391
MLP,182,1,0,459.68455674913196,510.6263960553011,20.57609427294744,23.479440915290745,4.451054025973894,21.486722640121464
MLP,183,1,6,1360.68216796875,1903.6430701544339,11.236982131103382,12.024025964155664,2.2439256379135633,12.147131281426661
MLP,184,1,5,543.8903466796876,576.4167393491804,12.451147273181833,13.37653736033303,3.2441721874960603,12.579760466370402
MLP,185,1,3,58.13568793402778,71.89318769422923,1.7644352831608014,1.7808232448109986,0.6501067281030734,1.7783634124917151
MLP,186,1,0,28.82501220703125,32.6282255520812,2.506959452745621,2.5476298051624324,0.5888377980035567,2.524572886952912
MLP,187,1,4,76.96446397569444,82.56229884959541,1.9459642554931444,1.9665367096124726,0.5485740045785105,1.9534127912612802
MLP,188,1,2,20.767705620659754,27.63551596521494,1.0792236542634657,1.0714897254035178,0.37958427859266136,1.0733681375837376
MLP,189,1,4,119.66772634548619,132.0129108499876,2.544372680889135,2.5299633384128892,0.5671192019066871,2.528684613882496
MLP,190,1,0,83.18042331271701,102.33893107680768,8.585747481788166,8.075401898261859,0.6256407197589746,7.92613880163529
MLP,191,1,8,1718.9996337890625,1923.4889513122073,35.73429963021754,34.19420264198101,1.1822746143986231,30.590206038757415
MLP,192,1,8,424.0525716145833,514.354156879952,4.674152764528942,4.837361991119647,1.6095426075881996,4.777160025699399
MLP,193,1,2,139.59580919053818,142.47308036735848,6.771283888083884,7.018667931075613,0.5411374547297167,6.778612537112958
MLP,194,1,6,132.40725368923611,149.67404679249086,2.8328604547536678,2.884747511411722,0.8220779899514778,2.8498852866903226
MLP,195,1,6,377.8017878081355,439.3249880218142,3.7575073459385684,3.707902416409154,1.3532381685639054,3.711820007901752
MLP,196,1,5,35.131429036458336,40.5915073655145,1.0063864433317153,1.0131482217563959,0.278009955851581,1.01033028064587
MLP,197,1,3,386.08860134548615,538.4054346005827,21.580658905206164,20.795925283787096,0.7384212533446978,21.66697269558701
MLP,198,1,5,334.5950354590278,461.70951773707736,7.365445983638335,7.146916708622306,0.8504400912558283,7.005331684289111
MLP,199,1,8,358.3092881944444,415.3091276574345,2.609130225677801,2.6505710520766184,0.37318722993475273,2.6325892283138663
MLP,0,2,1,91.74498155381944,102.56935570570614,10.145238575889922,9.555644880265675,0.3579762803755296,9.733068120284965
MLP,3,2,4,573.1486273871528,600.3496541892267,22.37465791744799,19.86893463376144,0.4001101994411501,21.422780030044642
MLP,5,2,9,2416.712836371528,2824.4386426156184,22.683219371769788,19.465931937678732,0.9395115691635724,19.82808289105588
MLP,8,2,9,1073.3633355034722,1167.4924007115583,8.396325500532702,8.835761702216566,0.6979769918238501,8.419269670150992
MLP,9,2,4,812.8365207248264,853.775362062386,18.898140461283784,21.087162153371196,1.6168425934393305,19.045896085715796
MLP,11,2,7,2884.5510605989584,3693.704998732602,28.93172937303389,34.43890483254858,2.475519713354255,32.104768008474046
MLP,12,2,7,154.33748914930544,182.5444640940666,2.4405326400171434,2.399851847642367,0.44515863832675784,2.4213895897759596
MLP,13,2,2,466.38416883680554,521.8292994157257,22.474781531207245,25.995061885696135,3.1636245028419374,23.47866772681825
MLP,14,2,2,112.21389615885417,136.1153997850111,7.271101871935357,7.124912572991314,1.3338633946326737,6.790655978835838
MLP,15,2,3,374.79684787326386,506.3022507348492,16.388503734801027,14.170438415979303,1.1034106939257398,14.002692593062003
MLP,16,2,5,799.3003177986111,844.0350816726268,16.67164448307845,18.358972967575763,2.2925199199488513,16.86152156899026
MLP,19,2,0,53.610595703125,56.79675661042923,5.130753433977356,4.986748313718317,1.108009132179054,5.098756856473898
MLP,21,2,1,241.3225599500868,270.87080529460894,15.233067951672952,16.761011033461806,2.6329786373693422,15.740880206342158
MLP,22,2,0,373.0486789279514,391.8076929731088,21.494416252944877,24.319516420964835,2.621423149223442,21.878262155294948
MLP,23,2,3,194.0575439453125,236.96974446964015,7.032341540877655,7.403668999826802,0.923459865458531,7.236962601500053
MLP,25,2,6,774.4694010416666,996.444425905081,11.682616348944313,11.60704223765899,0.6152216445793869,11.832993140437994
MLP,26,2,8,1324.9800683506942,1616.0593080280325,12.051487171634813,12.955937334776443,0.8342771046742549,12.715456632852066
MLP,28,2,1,62.00732421875,75.69598579352277,4.699545583536538,4.835936598166441,0.9988788288026641,4.823387363601988
MLP,30,2,0,159.6179990125868,236.41080325575786,15.833064788935108,13.053361156063579,1.1011657010474682,12.563038234796197
MLP,32,2,9,383.0539822048611,412.9031486381606,3.939623363438844,4.031407614478487,1.1790927629036767,3.956034012099088
MLP,36,2,3,727.7456513671875,782.2662213675253,23.25877962693007,26.7615433140082,3.70164237466478,23.85312520801276
MLP,37,2,3,217.7259724934896,225.95313291153283,11.517119899333947,12.271773047934273,0.3731772964475098,11.584592092470626
MLP,38,2,2,52.88953993055554,63.77425397239335,2.6681183259041843,2.6226962382853753,0.25752747419242733,2.6224267582025576
MLP,39,2,6,174.7621039496529,208.82247230065911,2.7669984748125196,2.8216909095075478,0.42029204915342866,2.814164290986846
MLP,40,2,2,415.2365190972222,439.11294903880207,16.751356524287903,18.4418575267023,1.854123495095945,17.039235726882808
MLP,41,2,5,200.95620388454861,273.9754083064024,6.01347073598456,5.945601494921618,0.3173751963718643,6.009655540657708
MLP,45,2,3,571.8261338975694,604.4894457616728,26.439592040383538,22.968030682462643,0.42038588979338515,24.915387339919707
MLP,46,2,6,1371.3851725260417,1511.653614104756,16.246759417597627,17.98427904185668,0.8653099558959728,16.4566220703125
MLP,50,2,8,574.9720865885416,583.8746573935185,6.830746567832557,7.079571013950749,1.9373983139840985,6.841738321275699
MLP,51,2,1,108.57704379340278,143.69680930166874,10.497423423224602,9.911350459106275,0.916153240355145,9.801673984576775
MLP,52,2,5,979.2778260633681,1423.3669571810592,21.7349977168737,25.7346844300229,0.8249320301482143,24.6582521544888
MLP,53,2,9,542.4994032118055,556.9179988276534,5.480336489435172,5.642799296277714,1.5677735046946675,5.492119942526715
MLP,54,2,4,105.53214907118053,145.84563273322456,3.1000159240007594,3.1913922172814497,0.5943330152841493,3.1950046774524634
MLP,55,2,4,130.93956434461805,137.31974803522817,5.206495446011489,5.359246267513181,0.8175206930985519,5.229076609167143
MLP,56,2,1,42.88984988932292,49.438302015986174,3.5154432293037705,3.592319041614192,1.2137211141633082,3.5673171564572357
MLP,57,2,4,267.02787000868057,299.5014971679481,9.26242935769766,9.829088067526502,1.6340014122723543,9.449470779010936
MLP,58,2,9,1308.4763087326387,1546.3441204604944,17.93968411162239,15.826786839487406,1.1090843257335772,15.98864067463676
MLP,59,2,4,462.27661922743056,491.07743327369485,11.758861840253958,12.594026375992625,1.302158279867584,11.8276019543727
MLP,60,2,0,562.1878095703125,649.4195477714048,30.210945451332115,36.280337854792656,2.079575441179407,32.1395059749653
MLP,61,2,3,731.5758839648438,796.4197209906907,42.86960191651538,34.13897758958168,2.05886288634072,41.51972200537337
MLP,62,2,4,362.7503515625,455.0732297783552,15.550567737704707,13.777855249347413,0.9784193621415918,13.684934175572325
MLP,63,2,7,1384.064097699653,1698.3387612265853,23.552189202303747,19.807469339039365,1.0475427589089967,20.723793549002593
MLP,64,2,3,415.19757758246527,446.870941487069,19.09328198649304,21.394939989743158,0.9255528800962366,19.467709651035765
MLP,65,2,3,387.9658986814236,501.96234490920995,18.943506833275883,16.34117091351547,0.9362422240631016,16.18963783027185
MLP,66,2,4,128.99823676215277,157.42695230279446,4.315847822447952,4.41331874708334,0.3522444778168054,4.406848095879199
MLP,67,2,4,117.63860568576395,145.06817361511833,5.0326063564450445,4.840167569921893,0.391604370878204,4.880798517487019
MLP,68,2,6,925.4739691840275,1167.2108202791792,14.302326659641942,15.325851117583298,1.375907695784627,14.981591428731466
MLP,69,2,4,368.1298315972222,465.9598248333449,9.689199651803456,10.386209762777781,1.1257267788959024,10.259713973302395
MLP,70,2,3,255.78372395833333,293.87896934063804,8.979740585329138,9.542888523806422,0.7261859031560907,9.04843676608448
MLP,71,2,0,110.66922304253472,137.7622720775856,11.322612207207174,12.342440005820736,0.45245565155962186,11.932667522672173
MLP,72,2,9,414.5386181423612,472.44935904791674,4.393354950629309,4.511781742587732,1.2297845457061112,4.4581856959910855
MLP,73,2,2,59.359822591145836,62.23425919136801,3.384284949306942,3.448016965787151,2.8020785819422875,3.3951155242624163
MLP,74,2,8,1215.2524364149306,1339.7404422822788,22.718488423420055,19.80386563103773,0.5720954173066859,21.155754256393195
MLP,75,2,0,42.539572942274276,51.08170523038355,3.2204989823071353,3.273619242429731,0.27268938507581203,3.265751492361138
MLP,76,2,2,222.28033597656247,255.15643309171173,15.24022202235989,16.000664100637884,0.9649996726836871,15.236531332562715
MLP,77,2,0,349.0386793348524,539.3484339329269,26.6954732254841,31.223414211839266,0.8128136643302335,32.10371092502476
MLP,78,2,2,381.12802226215274,393.30467800364625,29.112828144286645,25.113920338780773,1.5383286650864236,28.277807941941486
MLP,79,2,1,74.52942328559028,92.12261807165424,6.823738792594399,6.559100729509343,0.32944357558087783,6.559241966588086
MLP,80,2,2,306.1275329774305,318.852040709473,12.823329963256011,13.776263490419538,1.3393486036811222,12.892199892186817
MLP,81,2,1,87.41439480251736,91.32639778309306,6.198658888924326,6.414177793448915,1.8541633081382412,6.232755422639384
MLP,82,2,4,498.7549134114584,610.4758225749634,27.01301167102244,22.06980017331577,1.0681748195722653,20.490011817117033
MLP,83,2,1,25.90581787109377,35.03696131522913,1.8716347822729253,1.8793120800158727,0.1287771319068052,1.8817876506249744
MLP,84,2,8,183.6346571180556,221.30586153278125,3.150056262089719,3.0790814314220896,0.14047696565192985,3.1139002776479843
MLP,85,2,5,546.2990060329861,584.7361676668804,11.750295693329385,12.584647150839496,0.9021837605693942,11.864675288924445
MLP,86,2,5,178.33064875868058,209.7851192698768,5.643352903641612,5.712546227103829,0.23048215897120622,5.702432098492044
MLP,87,2,5,487.11328524305566,553.2734619869975,12.637796489499303,13.140083662355693,0.8263957550343072,13.057267049295106
MLP,88,2,9,589.0696831597222,761.1551322774005,6.1884088106625805,6.193060750114821,0.40312859488813363,6.26245716369114
MLP,89,2,7,3141.7450358072915,4233.571774034585,34.3873529879594,38.46047634459397,2.618120863172743,37.75127546363902
MLP,90,2,1,347.4799593098958,416.525793149011,21.551935785365934,25.24285837640516,2.2715460574343904,23.526691894570735
MLP,91,2,5,215.03566894531252,294.6233459743416,7.711005674323307,7.264679417731955,0.2823203609242544,7.208704959614902
MLP,92,2,7,818.911111111111,966.3394018613775,42.562419888500116,31.956713623665227,0.44364232896519135,34.44404979997756
MLP,93,2,1,51.88538130425348,58.96765307110826,2.752271759388043,2.8019368550025576,0.4998216548448845,2.767794659769409
MLP,94,2,6,3069.6984125,3414.3963593256885,34.59649244485657,31.557787904993674,3.265710974364685,28.796512916561728
MLP,95,2,8,481.4250217013889,506.2639234477944,5.04306471900238,5.187074326865531,1.5605750639149731,5.064966035785259
MLP,96,2,1,53.432164474826386,66.33940331018125,4.0893144546194,4.019204940674846,0.5120975154849926,4.022656527745247
MLP,97,2,1,142.10942557725696,173.28919844302803,10.691501597042555,11.557724675899953,0.6582339250488943,11.211080527700638
MLP,98,2,4,430.02536782552085,457.2641624159451,13.017104814432074,14.033805213706627,2.046459941365958,13.19720940187577
MLP,99,2,5,855.3821072048611,992.8028480006975,10.787857915871443,11.620518463963208,1.0525432973185094,10.999341284245965
MLP,100,2,2,538.1094907769096,655.154749607941,15.687451452293791,17.70443250509814,2.902157402740552,16.468498875118524
MLP,101,2,9,710.5753580729166,724.4090488251175,7.267269712411747,7.262287067097699,8.492349220735456,7.156525150826979
MLP,102,2,9,156.94287109375,203.56104613967153,1.5161097804048957,1.532904016362965,1.165815384661565,1.535769757094512
MLP,103,2,3,202.92689751519097,250.0168255720657,10.184355822199272,11.009993918851654,0.8134509862485757,10.711589502947007
MLP,104,2,7,1752.4739257812498,2004.775796529933,17.675762163187596,19.874220154239826,1.5295331406555825,18.534879916083547
MLP,105,2,9,436.76209852430554,471.71807589097216,4.531425130999722,4.653603073095799,1.3619463287317055,4.562807761716483
MLP,106,2,3,409.14032023111974,445.7742688398519,63.89191473017883,46.01334841433966,1.2528747587149471,59.0842653977787
MLP,107,2,7,2074.703179253472,2242.1586103685313,17.27491202023306,19.180884470677473,2.8810722521157555,17.598801709030397
MLP,108,2,9,340.14203559027777,405.3754704763117,3.3586526810931625,3.31840658006299,0.628207809968033,3.321663523955361
MLP,109,2,2,233.0216341688368,247.13647218225066,10.433957752079687,11.07832395228642,2.233266519946619,10.535996076369141
MLP,110,2,7,6058.887272135416,7029.274285642438,30.90518830604759,38.2026441387689,5.240161020804275,33.65806437328349
MLP,111,2,5,1117.8059000651044,1152.7156396855282,25.395479820914456,29.306950296139618,1.5030358459833497,25.644399638759392
MLP,112,2,9,624.5958116319445,661.8673957423904,6.702343220440506,6.9622886060012155,1.4420826031866876,6.750360017637346
MLP,113,2,9,102.30653211805556,117.20134037825979,1.0314162297382947,1.0351228064347073,0.32307325932017544,1.0351419775857222
MLP,114,2,4,179.64607671440973,205.36335535213087,5.383148695531837,5.477071057789384,0.5742669866442599,5.434203521507628
MLP,115,2,1,31.52063666449653,36.85251517262112,2.010575474243156,2.01422959547614,0.1743969651519275,2.0076838639806707
MLP,116,2,9,382.90147569444446,415.7308715081869,3.925811154109403,4.017700248107143,4.6885894982993195,3.953778431906838
MLP,117,2,8,887.9401584201389,1222.6887234425249,8.768340690465969,9.49679814232062,4.213296633899759,9.450137381266666
MLP,118,2,7,1051.288357204861,1081.9901304584944,10.51288357204861,11.134795330350201,2.0020595192369957,10.51288357204861
MLP,119,2,5,398.20598415798605,456.4633655808783,6.355954061215476,6.098025290327777,0.37488817131466534,6.239424809901093
MLP,120,2,8,776.63525390625,837.0064580195179,7.573919284327532,7.919328485663657,2.5428473021787914,7.646556487426157
MLP,121,2,8,910.4167209201389,958.1122642394215,8.841777689220834,9.291888817909664,1.7919967131233503,8.920795305695426
MLP,122,2,8,295.0447591145833,308.53994243010396,3.2553189523955264,3.313973463681626,0.7704905911141753,3.2651740941054412
MLP,123,2,0,21.62047466362848,26.384999653843828,2.001932047342833,2.0100107885716296,0.4498918779562693,1.9989301055774793
MLP,124,2,6,1684.864279513889,1847.1292115086599,22.610940270605585,19.773149276756207,1.1860653058492083,21.352788042073946
MLP,125,2,0,309.1661650086805,336.78782792811006,14.671533091886033,16.034450749953276,2.751722659411354,14.99734483546078
MLP,126,2,8,329.7368164062502,376.7606820404909,3.2343061523789283,3.2845833200679575,0.3226069869239073,3.2452601043207907
MLP,127,2,6,431.2561306423611,448.3423607379147,5.145549350245033,5.292348758037491,1.076593496869022,5.157880632267442
MLP,128,2,6,1910.8568033854167,2131.310044512817,19.065453863115195,21.52479362517706,2.966089326913728,19.71017739855071
MLP,129,2,2,236.89951616753467,269.83669277535813,11.00478389228127,11.784682364177572,1.4019622264388616,11.377428597206308
MLP,130,2,4,293.6493639756945,318.0465768754517,8.269879105837706,8.686473808599422,2.3866646988606073,8.359211130524937
MLP,131,2,7,2433.172797309028,2667.0185553691877,25.691763902484293,30.21574391777804,1.9080145161870645,26.869392853719326
MLP,132,2,1,13.578009711371529,15.093358679698127,1.199308134577144,1.1995354441533375,0.27093734974525757,1.199824127661696
MLP,133,2,7,596.8605143229166,625.8128759438331,6.586493127221677,6.832187785658871,2.271516393092465,6.61911728039708
MLP,134,2,2,160.10068923611107,178.11544976819687,6.524473256996669,6.795022827027491,1.2131463063007035,6.630382034374119
MLP,135,2,2,471.08295818142363,491.02187749470244,20.945378495146116,23.505060563469865,1.112373738650022,21.318638575007473
MLP,136,2,9,97.23811848958333,116.06881151811262,0.9807903823966383,0.9819753380749984,0.33056018578630414,0.9828430026349925
MLP,137,2,9,148.71693793402775,203.01299646173047,2.059304203335405,2.0657956040812455,0.08228149085750071,2.0734564770223116
MLP,138,2,6,208.35405815972223,259.4048231766507,2.377022974759708,2.4119235564407226,0.4229737677321162,2.3719724289585864
MLP,139,2,0,22.42864990234375,24.610518426116148,2.14921070991655,2.1772976820368055,0.8247221223600618,2.156140238422279
MLP,140,2,6,712.0273166232639,785.7288517975652,8.23553515999816,8.665042635413608,1.6930327843402104,8.332894489954064
MLP,141,2,4,1323.275288845486,1661.3794185522736,28.27081549324644,34.33484895022488,1.882467632838437,32.0062529675025
MLP,142,2,5,447.7007747395833,490.13983452136614,8.256468576244117,8.680454225827335,1.831523982161729,8.373580307056203
MLP,143,2,9,120.1455078125,151.09951592250087,1.1910511677758948,1.2023096247054479,0.27193738550823626,1.1992098907184883
MLP,144,2,8,487.1678059895833,619.7036157655158,4.86267451221366,5.054150314138664,1.2244286904837136,5.034458897584396
MLP,145,2,3,418.55116475520833,443.15733458438507,13.377308588041503,14.451362381141116,3.1006945871312452,13.513543324791089
MLP,146,2,7,1224.4827473958333,1360.4236438481169,11.328910142668974,12.17070737305058,2.8649804086069763,11.513045509125527
MLP,147,2,9,1137.8565755208333,1307.175782849769,9.212476555261789,9.792799441225382,1.7990206521151961,9.411612040227718
MLP,148,2,6,506.455322265625,634.8139060728286,9.129637244461446,9.797508667796299,0.545996940708846,9.540509982241439
MLP,149,2,6,372.25345219105833,487.76736494965206,5.9237847218927335,5.951208805159742,0.9545809287755277,6.023412698121748
MLP,150,2,0,28.861944580078134,30.140867908722274,2.763832841571729,2.8059444542630487,1.9040570588375179,2.772491501005467
MLP,151,2,7,34.876437717013886,39.67651490748809,0.6252906892454936,0.6258709052651489,0.13641163881250978,0.6260479864636104
MLP,152,2,3,637.9865456814235,722.4637441224464,27.017483299980803,32.18363920880812,1.4474473546428726,28.877185441672896
MLP,153,2,4,24.719156901041668,29.870586208096007,1.0693435235656459,1.063265664157658,0.26294455352329904,1.0662468828630483
MLP,154,2,0,18.79393853081597,22.686854008343015,1.6515345754491588,1.6705882680634319,0.39055081473754055,1.6650632158029606
MLP,155,2,6,167.29739040798611,173.26547377236304,2.865347394014968,2.9099392563188577,2.088034400830268,2.871236677482599
MLP,156,2,8,848.857421875,1019.6193840912792,7.493226017339251,7.894705857893147,1.5865226574980034,7.772628748473903
MLP,157,2,1,197.98437473958333,213.82798208047717,7.100779634804934,7.405498734298012,1.9015067821543477,7.186231673809196
MLP,158,2,5,94.49319118923611,100.87381527999534,1.9210919424570898,1.94225321872296,1.0542097520431783,1.9275582971512353
MLP,159,2,6,1377.7677680121528,1472.8165205443197,16.072534793861905,17.665183386217443,1.927031812461441,16.37000427353865
MLP,160,2,0,20.40407986111111,25.000869576126107,1.8991742611532354,1.925787790676356,0.28222340002195506,1.9177267446414121
MLP,161,2,0,87.38152262369792,116.48540598342173,7.270379604992569,7.756568202664786,1.080609548951673,7.649054400043585
MLP,162,2,7,457.16444227430554,546.9302931318892,3.5284134290873626,3.6175603055398846,1.1514402930416279,3.572682655727651
MLP,163,2,4,58.60517709960939,66.4575507588669,6.200912761530986,5.970826386279042,0.11601885894716454,6.004637585296155
MLP,164,2,3,136.26034884982639,148.15367926277338,5.363257508067879,5.53667102363672,1.3709630191025477,5.4143184973440945
MLP,165,2,7,200.53531901041666,203.56087545530667,3.4907575671175,3.554595945089206,0.716405583452839,3.493646672655343
MLP,166,2,7,454.81488715277777,541.5097655965283,7.479861142961614,7.123715842910233,1.0537295405321783,7.181287691885966
MLP,167,2,1,1049.3530607096354,1224.6900734738063,30.811688645193275,38.34394563024111,5.652279602212784,33.99126604427318
MLP,168,2,8,936.1548394097222,962.2504064445048,5.346708249376861,5.345914484227458,0.8026851065726431,5.297323831931783
MLP,169,2,4,92.0638427734375,94.5302794961879,3.3356480280138032,3.395208010072115,2.0403338128167228,3.340353093976769
MLP,170,2,7,617.0617947048611,771.3252975739521,9.061183857494232,8.982825288202378,0.2277111065506968,9.283002344076472
MLP,171,2,5,122.77247450086806,157.46149742568218,3.302358094196252,3.215844555368629,1.2679273185228188,3.2266090538992915
MLP,172,2,9,362.3098111979164,403.66013375368044,4.369097832196192,4.490024058483056,0.7601323896462951,4.411558574928406
MLP,173,2,0,104.2085198296441,122.43848526410244,9.073497996502056,9.606546078967114,0.7389331406102037,9.34605559010261
MLP,174,2,7,2913.987543402778,3220.8881524926883,33.2708752789192,27.279835429135062,2.138581129156265,30.189479786539685
MLP,175,2,3,1107.7578119574653,1290.6625952830434,32.659382206660815,40.885824697468166,4.093024471639005,35.63198433028331
MLP,176,2,5,151.13053385416666,159.4235502974624,3.384277621803916,3.448942552837022,1.022219173168133,3.39449664259421
MLP,177,2,1,340.35563964843755,357.47563289672405,22.999238601448983,20.377857438775454,1.5075574662913196,22.417956292870254
MLP,178,2,8,322.30946180555554,334.30165988934647,3.5979282762018423,3.6686787629308797,2.2347273845593763,3.608839457887534
MLP,179,2,8,2311.6550021701387,2922.6481851300377,16.041722940648643,14.315882366847696,2.4247439313399592,14.089300420569096
MLP,180,2,6,2196.3570855034723,2377.723414649492,39.13149962005546,31.161448248475278,1.7072359663129208,35.20796693783992
MLP,181,2,8,538.2006564670139,598.0061250926235,7.147240563345028,7.30743454490901,0.44065950434566836,7.100792946130801
MLP,182,2,0,277.0198703342014,349.52513473535964,10.87901601481162,11.862289065722292,2.5792788848548223,11.409385104374028
MLP,183,2,6,1850.3015321180553,2212.1146073392515,16.77250380671877,16.819313420453238,2.8581090150427633,16.885395381691986
MLP,184,2,5,510.70725097656253,551.8071820877046,10.913048281333609,11.647361037108654,2.6636357815631815,11.031790702540489
MLP,185,2,3,88.17925347222223,103.28333438838588,2.7048609505681895,2.7554513341848543,0.9990025510052609,2.7319343921582124
MLP,186,2,0,18.79393853081597,22.686854008343015,1.6515345754491588,1.6705882680634319,0.39055081473754055,1.6650632158029606
MLP,187,2,4,202.32432725694446,227.60037027223368,4.952561125076489,5.11152548593705,1.5014112972913527,5.01907096282387
MLP,188,2,2,83.24258626302084,94.63815020712936,4.150512577764013,4.2637397531724766,1.551499441293121,4.200823565773557
MLP,189,2,4,364.7555939670139,425.3279199152358,7.210423359794568,7.573855747225953,1.675711650318388,7.353711399368425
MLP,190,2,0,116.74991183810764,145.52739881046207,10.565075609012016,10.77414989616243,0.8759202577918179,10.83805267192335
MLP,191,2,8,1495.1760796440972,1691.4076427877328,34.29420149100787,28.012776152910334,1.0137951927713813,23.963288606173762
MLP,192,2,8,614.2963324652778,672.2292910870806,6.505415651893835,6.765473862219612,2.325948865421861,6.583313874955346
MLP,193,2,2,93.49600830078118,95.88955657915369,4.5089952041420975,4.618563697874829,0.36893375673155576,4.510577795147402
MLP,194,2,6,218.036865234375,227.02671130084073,4.605682485561053,4.723105795280333,1.3999339366199366,4.620948022204528
MLP,195,2,6,413.06116147449484,454.7612250183538,4.212509685420797,4.106926250567467,1.4686413168219075,4.174441994849444
MLP,196,2,5,36.411417643229164,42.53837660322247,1.0537107868298132,1.0613120228367867,0.28997114730444723,1.0569352000937349
MLP,197,2,3,363.1661417643229,474.1054917614496,24.68662538774756,22.230452660460358,0.680282677046097,22.072869111640227
MLP,198,2,5,445.5150169881945,572.3120712022142,10.551781678596146,9.90757722000441,1.1309363016419964,9.548260216359802
MLP,199,2,8,735.7084852430557,815.6746141325299,5.8561600590531775,5.665543682767508,0.7737074569677336,5.741358205520011
MLP,0,3,1,104.01144409179688,116.60949414266497,10.499509187625558,11.166081037807384,0.44768196883126343,10.84959430721108
MLP,3,3,4,595.3879828559028,675.0454677200761,31.49799049454639,26.023116757394725,0.4369991115414202,28.867451653359076
MLP,5,3,9,3793.2647569444443,4001.90920983146,48.28879670730227,37.632483031046064,1.344811424111715,45.1967734328457
MLP,8,3,9,213.27723524305554,242.9359251424427,1.7208062499937133,1.7300477239073175,0.14291527936769413,1.723994177463176
MLP,9,3,4,286.61882866753473,303.23422956584676,6.6181382554871115,6.872225037536385,0.5715357508769027,6.6294945015042535
MLP,11,3,7,1127.8337371527778,1451.3520238303154,12.715452747979347,11.861786644536416,0.7817044863168258,11.61296454355796
MLP,12,3,7,225.6431477864583,280.20157730098265,3.781039090370666,3.6758129948641485,0.6853165080356587,3.699829527895768
MLP,13,3,2,310.02784559461804,329.62245936120513,13.735850653860368,14.868549905713694,1.8683472953998777,13.967490259184116
MLP,14,3,2,160.81237565104166,218.034939006185,12.166234746710405,10.944204579887455,2.0345632209461737,10.009665035099083
MLP,15,3,3,292.92137315538196,298.70429400248787,14.06621187651307,13.09915257549581,0.9286995815836029,13.959715956571022
MLP,16,3,5,385.6413367013889,471.90966575977035,7.603003941168669,8.03774639348591,1.0081604097808463,7.89488969580803
MLP,19,3,0,57.76505872938368,58.8633588817901,5.4715158702619,5.63136039406614,1.1659240380454208,5.476226139616086
MLP,21,3,1,400.999616156684,428.41037596421353,21.26813005169696,24.10352335409455,4.096477000403048,21.78428195497462
MLP,22,3,0,149.64330376519098,168.33969841258028,8.760436750076193,8.933484900653935,0.9014656853324757,8.555391525134791
MLP,23,3,3,220.18925817100694,233.80430572207746,8.163657160199921,8.552411282880335,1.0160689467808863,8.240277111977926
MLP,25,3,6,859.7776150173611,1133.1225749092432,14.632143514179404,14.450467579726403,0.7222998725992953,15.380637120167462
MLP,26,3,8,2104.1804998645835,2586.1386761457516,17.017191260460017,19.307025026491853,1.403866666607489,18.35629073829013
MLP,28,3,1,53.041408962673614,68.4066226538559,4.022574208945516,4.132317578640337,0.8840234827112269,4.1408047938939365
MLP,30,3,0,262.72190059027776,306.86153329081,27.584123916013347,22.853186757644174,1.9266545742217824,24.59549078178952
MLP,32,3,9,621.6161024305555,627.6639113490661,6.285298634882178,6.493095935484984,2.0945507008143016,6.29130719356199
MLP,36,3,3,592.9616193576388,652.0780197636808,16.5972164330737,18.408595063211557,2.3455374523359485,17.040866173390746
MLP,37,3,3,102.62659369574652,119.23418215652515,4.6435729069198395,4.776861316267471,0.19511260177664952,4.772096839378552
MLP,38,3,2,137.96546766493054,181.23004108115302,8.0439778033553,7.470477357369826,0.7352624744544105,7.502404506100251
MLP,39,3,6,108.005859375,123.00024806009259,1.8300957430715261,1.8085514316214448,0.2879132558423672,1.8220892613628372
MLP,40,3,2,408.80667697482636,568.0305843016899,27.031753147808885,20.947620712149835,1.7504649649696231,19.103567050900928
MLP,41,3,5,287.80278862847223,321.25545355284333,9.353014113478007,8.840275900100766,0.4345454415993193,9.183567089722565
MLP,45,3,3,447.18180881076387,517.759255363394,26.402291290166975,22.285829350238792,0.3433837644828791,24.572079195164964
MLP,46,3,6,724.3567708333334,796.189464787928,9.506540757846201,9.351958894444353,0.5026675100088968,9.537982351865399
MLP,50,3,8,364.5729709201389,376.3259224440023,4.285586508098829,4.3853957374998895,1.1887473781714417,4.294567243586597
MLP,51,3,1,433.50515717230905,460.2861816011559,32.630125167668915,39.60754643740738,3.2420620788836323,33.6259324738787
MLP,52,3,5,1075.3987163628472,1404.3341670366115,30.27413363374577,27.93351741253825,0.8951438187172377,25.671599747027905
MLP,53,3,9,568.9464518229166,575.7427627789856,5.674864226602781,5.844495360692744,1.7031368839818328,5.679997855137271
MLP,54,3,4,107.99991927951386,126.5569470660173,3.4928496590930584,3.409883014801064,0.6019767122726774,3.444270702055849
MLP,55,3,4,130.27328016493055,145.1905455855776,5.013134503662574,5.170961295462702,0.8531098082887847,5.0691745563373365
MLP,56,3,1,86.0777455855035,91.8028214796815,6.637433360151529,6.893999164277692,2.3187816762749773,6.7017002612579795
MLP,57,3,4,157.4411105685764,170.8126852849229,5.308826601658171,5.479311056528091,0.9324414950005825,5.334957304818834
MLP,58,3,9,694.106598923611,913.4158513554282,9.468789887864254,8.869558145460262,0.5933865071433806,8.730503487300316
MLP,59,3,4,472.14058328125003,580.6730408051069,10.846766190231946,11.791447462809423,1.274837155068878,11.266107117895817
MLP,60,3,0,291.33912641059027,350.2186130401643,15.636909785113124,15.631841818768896,0.9646221311611525,15.669904298322946
MLP,61,3,3,184.47094477126737,204.3608730021011,10.75822904167108,10.23259026432875,0.36868331075611244,10.535429333654877
MLP,62,3,4,355.78225477430556,463.7692887722631,15.933220920553365,13.977978781566481,0.9519152545451705,13.419612390851768
MLP,63,3,7,1196.740586545139,1282.041784249106,24.52705752016655,21.424178193573777,0.91787456330603,23.665070369664413
MLP,64,3,3,183.17181260850697,214.91052006259574,9.555881578989359,9.098262053570963,0.3993792999797226,9.227024394685934
MLP,65,3,3,479.3763020833333,555.719812672667,17.45127618032424,19.628908213785305,1.159734754162648,18.455788974146458
MLP,66,3,4,401.7589382595486,450.95159666662806,11.92776705427737,12.882520171861591,1.1576073721410185,12.219771694274883
MLP,67,3,4,243.35521538628473,283.6254225509952,12.192595406243242,11.244340396455568,0.8495647537061443,11.582212371052055
MLP,68,3,6,1231.5068578559026,1398.9948175186523,16.812062008225894,18.390531423779237,1.7353272965225892,17.50051917555104
MLP,69,3,4,888.658412109375,947.3962107240857,20.260671151366807,22.786453283260823,2.7938351805590407,20.710079451416476
MLP,70,3,3,238.71311848958334,258.56900988208565,8.381416702635097,8.811059952599294,0.6617916976724897,8.44623479111136
MLP,71,3,0,116.87227094618055,124.2855843779501,11.425302073463575,12.210377330896424,0.5089470268604941,11.511752070009239
MLP,72,3,9,659.8311649305558,720.33897422768,6.569365877606385,6.8324242624584555,1.8321379287690702,6.649029690534351
MLP,73,3,2,36.162699381510414,38.161860605571995,2.0674323171189135,2.0914796252063783,1.678268921572859,2.0721630817406407
MLP,74,3,8,757.2405828993055,954.2025896611956,19.011834973521623,16.276883307207303,0.36507945733987057,15.766981112398323
MLP,75,3,0,107.24809446354166,136.9942735422239,7.74353778450603,8.225976001720275,0.701371878077699,8.02727303540265
MLP,76,3,2,280.57657384331594,304.8934159767382,19.023180826577914,20.43940452000745,1.2380018053951631,19.12005751795497
MLP,77,3,0,358.84691026475696,545.2428658797004,25.57462718220556,30.926328411255334,0.8656647883517777,31.386027136859205
MLP,78,3,2,109.79535366840277,123.86267656971896,8.442841004634094,8.20726615689828,0.4288079763880991,8.177810480212429
MLP,79,3,1,51.765296766493066,65.0330763128591,4.608773500400013,4.687489142022691,0.24030758064285793,4.69449146851023
MLP,80,3,2,199.41808296875004,258.88300006471184,7.719790474346058,8.227233906131131,0.8343047244783629,8.01902476855551
MLP,81,3,1,31.704481336805557,36.69852088082878,2.3502677183311445,2.3340189827578564,0.6062042320612917,2.334358670031088
MLP,82,3,4,663.0868197699654,781.4090779780141,22.417469014634047,26.134537000235554,1.4162919837333305,24.323371415856048
MLP,83,3,1,110.74836886935762,150.39366651014532,9.962753024473654,9.091868389079925,0.5838738314076429,8.96111819701731
MLP,84,3,8,270.5260633680555,287.8016353557769,4.563848807982846,4.684426437004546,0.22051878611558604,4.582809804541146
MLP,85,3,5,898.6355220486109,1115.7354624380193,16.231360307121257,18.444661317460167,1.4586574187923453,17.407386681157842
MLP,86,3,5,124.62827381510417,146.03104737340766,4.1605371161262035,4.081814531996109,0.17369661160081054,4.090128464778716
MLP,87,3,5,1186.9887603949653,1415.4365352163366,22.497713769782475,26.328511809399462,2.081491151172327,24.42474137963553
MLP,88,3,9,1219.584429253472,1431.5968076403365,12.272650755391174,13.368449938378681,0.8959245958968283,12.81835338191243
MLP,89,3,7,2867.856743706597,3835.45227575003,35.9294222068672,34.8130460297895,2.4186743621621902,35.600980266702585
MLP,90,3,1,132.83085584852427,158.43961929026563,8.777879609464764,8.812076581178358,0.8255905438723045,8.919525078745604
MLP,91,3,5,471.05182834201395,566.9294989804027,14.042682782147159,15.031752851296357,0.6401129608313327,14.604924804722824
MLP,92,3,7,494.753746202257,674.6880378639967,17.150510623853364,18.964795335877092,0.28398389134793733,18.891021199107005
MLP,93,3,1,43.50189933159717,47.93085163397157,2.4065029015834414,2.401266409436125,0.4431570304365252,2.4150847087525915
MLP,94,3,6,2753.8187485243056,3115.138326756758,24.499503093138333,23.84881554311732,2.5362115740550832,22.44269593520981
MLP,95,3,8,522.98388671875,528.4522542438164,5.388310690168926,5.540458110929653,1.744122193503806,5.394676195379656
MLP,96,3,1,84.22574204644098,101.93756945759847,6.480628592474696,6.632496995556855,0.8370256778249572,6.59638504939917
MLP,97,3,1,226.4790371918403,248.87695699766184,15.285197413061693,16.80878982139834,1.0602800842836648,15.595836905555771
MLP,98,3,4,410.1608866145833,463.19652415266853,11.124946669129205,11.95514335580027,1.8694804736425532,11.39322945010772
MLP,99,3,5,488.84629991319446,544.2729664705324,6.10903634002634,6.317822735985611,0.6395721324638393,6.182275977262348
MLP,100,3,2,607.0345383029513,635.3029293094215,16.095819752675347,17.634136499158927,3.2438308844320267,16.25933592211963
MLP,101,3,9,639.6990017361111,656.2351321669391,6.529465772143989,6.499503130426241,6.946349134387101,6.397345425440302
MLP,102,3,9,197.99739583333334,237.0130029823171,1.921679400978334,1.9482071680841269,1.5430954338808347,1.9410240752238417
MLP,103,3,3,261.49067925347225,276.8507070564659,12.037726263588372,12.895615019367002,1.0554471837756803,12.184616926950529
MLP,104,3,7,1244.0992621527776,1398.9423072580814,14.99035595845904,13.64546912809648,1.038080295544543,14.267638782524422
MLP,105,3,9,525.6222873263889,547.4699686277595,5.359005046107904,5.518696681822317,1.7091913538935026,5.381798163751422
MLP,106,3,3,63.16966395399307,75.37734339835824,9.738216189852913,10.39003855726118,0.1906171710780652,10.032648688329823
MLP,107,3,7,568.9300130208334,605.2698930585492,4.646279319796469,4.770486283473834,0.7277921762164719,4.678273291171768
MLP,108,3,9,703.8205295138889,833.8503853255055,6.715201257561719,7.039220404204934,1.2572086133372709,6.898998829860808
MLP,109,3,2,184.08201540798612,195.47596364782964,7.852728298402018,8.214090111817885,1.6790299665820874,7.905163406143151
MLP,110,3,7,3128.687847222222,4024.242469316347,23.14907425206677,19.99078998062246,2.353964657840899,19.612168561958164
MLP,111,3,5,494.22741644965276,755.5326635105322,9.536188428261283,10.62540418447616,0.6393445510394287,10.568032294994387
MLP,112,3,9,709.5469292534722,724.2616135402359,7.391661325911819,7.686719187710639,1.6627491916689239,7.40753216130805
MLP,113,3,9,307.11724175347223,325.7875951297153,3.0835777615363034,3.1377613528957427,1.0056051278653515,3.0952465574258117
MLP,114,3,4,371.32954427083337,440.387435774779,9.777282570337038,10.464540161261457,1.1982724913880445,10.162417735118806
MLP,115,3,1,144.82510715060764,186.77055694643533,8.253695070134556,8.847272489618668,0.8171066356746345,8.620542092298074
MLP,116,3,9,567.9934895833334,604.1187248523239,5.713927046978773,5.902787186516353,6.623623138714734,5.757339121804257
MLP,117,3,8,784.3368598090278,1116.1535560760835,7.471678873975791,7.913613033664543,3.450406942231243,8.02988498203408
MLP,118,3,7,465.86859809027777,468.5342895896142,4.658685980902779,4.771130011851966,0.9483797308115715,4.658685980902778
MLP,119,3,5,343.8064941406249,398.5413324939671,6.067954152178492,5.8347104173135,0.32899744918924556,5.902628963321724
MLP,120,3,8,663.7368706597222,673.5697955885765,6.333492860565569,6.546813412912314,2.0388270898188057,6.340122624231184
MLP,121,3,8,763.8533528645834,774.3669919942378,7.237003933354326,7.516597763640184,1.4351184205334597,7.240316140896525
MLP,122,3,8,601.2470160590278,670.5875326989193,6.354579930541535,6.6120737153867335,1.647252098791857,6.45499599729363
MLP,123,3,0,44.14604421657987,48.195093559933646,4.247181247997365,4.228020266995309,0.9474056965143132,4.233804955676331
MLP,124,3,6,1743.4893120659722,1865.57224622127,29.403309757844127,24.93503952955837,1.1824863843473252,27.86734237640412
MLP,125,3,0,312.955319389757,338.9236365329986,13.342679925061754,14.453534693335616,2.5808913833131246,13.55872925619678
MLP,126,3,8,554.7097113715279,595.0075585659979,5.399246081633993,5.571237514668647,0.5476954901772639,5.441587750340482
MLP,127,3,6,719.9539116753472,761.4772621090282,8.188493239825686,8.576955794511205,1.8145179887752654,8.259509502967655
MLP,128,3,6,1717.8363606770836,1807.166708542885,15.372711508000009,16.78566933036519,2.490390806501671,15.538085600367985
MLP,129,3,2,324.7840552300347,363.7902601774362,13.220537253104967,14.382962508634392,1.9324671192676317,13.63750921410001
MLP,130,3,4,322.5226586362848,338.3347250607357,8.605853810801294,9.029371518991553,2.547511215382068,8.665395564188257
MLP,131,3,7,521.8995768229166,643.3227584012965,5.596472524579879,5.742638735987813,0.3967866645708476,5.8640401890215355
MLP,132,3,1,15.091254340277779,20.076543670382424,1.3717232725735362,1.371928754250991,0.3139791171467189,1.3670990343482636
MLP,133,3,7,754.3004557291666,774.9286948163232,8.039442821953138,8.393557503184963,2.8235034164947677,8.071700970884608
MLP,134,3,2,112.09015679253474,126.17402715740116,4.537324522545313,4.668738811111115,0.8717072175455604,4.600351749335163
MLP,135,3,2,509.87945518663196,580.1225922971017,16.46365851698272,18.34987335418134,1.2262829599351162,17.35599420614382
MLP,136,3,9,365.47694227430554,385.7047611665388,3.653402662855592,3.728797498031829,1.27867913762398,3.6701022945514037
MLP,137,3,9,251.96280381944447,292.7742633880582,3.4880596387786054,3.5661040471029963,0.1477162325337146,3.5322741193517917
MLP,138,3,6,694.5858832465278,706.8226216109919,7.880706771357418,8.215994773201253,1.4340340158277154,7.885951923425654
MLP,139,3,0,24.31865776909722,31.82285902350554,2.3455766039996417,2.392978426517984,0.9176851988338575,2.3804222080795587
MLP,140,3,6,534.9108615451389,568.4755272225889,5.974159118400848,6.180135740105927,1.3267735300830232,6.015716887933134
MLP,141,3,4,863.8629257812499,1137.766982922848,17.64743201903952,18.682569073062893,1.164727013691803,18.26595036779802
MLP,142,3,5,250.80115993923624,280.8836149464508,4.500308675475825,4.6298139622561,1.007408643084543,4.540733521516737
MLP,143,3,9,325.1833224826389,330.5584592538788,3.2518656031553217,3.3073641620588172,0.7677695822242554,3.25483490590628
MLP,144,3,8,784.0038519965278,932.1734572303976,7.749646433752283,8.178368235480706,1.888676550593889,7.9900743607391576
MLP,145,3,3,342.81732617187504,378.2441307435655,10.219011560164756,10.888047982699035,2.3060314217975946,10.362641102590734
MLP,146,3,7,509.42138671875,542.2798890746269,4.657986892389399,4.783671431700928,1.0601427428721875,4.67929075731268
MLP,147,3,9,2072.5457790798605,2200.3786140833295,15.028200163492015,16.386558024669206,3.4212587921483046,15.276612587207442
MLP,148,3,6,1150.6825086805557,1224.7362509643574,18.1049652249336,20.12480168043628,1.2909330842635627,18.5055038251061
MLP,149,3,6,960.3443959957583,1044.7553933406532,13.485169252026507,14.624537060346848,2.5348222673743086,13.809255285180235
MLP,150,3,0,47.4067654079861,48.194805489792415,4.505538885157806,4.612666177291615,3.173242391879518,4.512900427552423
MLP,151,3,7,80.57118055555556,87.02747361919789,1.447787307743256,1.4601363515466521,0.32381986826436443,1.4475020460715426
MLP,152,3,3,1241.9399305555557,1429.5151142457573,34.229474438893945,43.20356407668728,2.8126461864478296,37.27779982640874
MLP,153,3,4,37.99681260850694,43.93919302865879,1.6838586082264195,1.6826900747528382,0.4050685262136959,1.6787987897720298
MLP,154,3,0,51.465189615885414,57.126827685698274,4.437182526904235,4.560710055981988,1.1054575335154384,4.483681395314542
MLP,155,3,6,281.69007703993054,285.35711096247053,4.799606064613195,4.92045895611911,3.6283594546331543,4.8069979017053
MLP,156,3,8,617.1824544270834,784.6839836559694,5.221190852432891,5.429644675030632,1.1490720032472754,5.410453503963133
MLP,157,3,1,84.42093687065972,88.97219719876087,3.051454527405035,3.103889564952293,0.7990930761986815,3.0591302085831624
MLP,158,3,5,195.12049696180554,199.0724808847499,3.9664188619180245,4.049854899699326,2.244364164785815,3.973041793339932
MLP,159,3,6,1164.7837076822916,1665.3695969479122,20.837435237667183,16.853448749668093,1.551205396470927,15.746881574741165
MLP,160,3,0,16.990949164496516,19.841828159043462,1.5922149419935083,1.6090745981236405,0.2398224333741984,1.60116583491321
MLP,161,3,0,177.86110839843752,187.83937904263374,13.611779272354879,14.703076932316323,2.212416866731079,13.80147240641759
MLP,162,3,7,1351.9071723090278,1453.6730227235767,9.95307110291916,10.5496578199994,3.3396982578991805,10.098070006458004
MLP,163,3,4,39.578710362413204,49.046356428504204,4.274989629804998,4.40195877669782,0.08004485651078726,4.37840205638102
MLP,164,3,3,190.48956976996527,192.61376011992314,7.297177156499292,7.57937121473191,1.936418794351893,7.307784006520407
MLP,165,3,7,106.53336588541667,132.40479057189344,1.8873195602060258,1.9093324027690737,0.3876672552671016,1.9095803484739093
MLP,166,3,7,404.6603190104167,463.1086348844728,6.5020650987549375,6.303210551645365,0.9225805234157786,6.333813688858696
MLP,167,3,1,375.62365017361117,407.8146931186789,13.672407061965941,13.03513036419851,1.7518942688009473,13.060937939772948
MLP,168,3,8,616.6270616319445,772.5408668258118,4.039646746326516,3.912943741953224,0.532425029231292,3.945711734580519
MLP,169,3,4,88.59493001302083,94.29163874522709,3.219105920484174,3.278633149932756,1.9453184632646277,3.23208094899549
MLP,170,3,7,332.90098741319446,464.7908747691224,5.195624185065251,5.099993944109048,0.12681047771100804,5.068271820551044
MLP,171,3,5,70.74348958333333,87.91336959333331,1.9616143260476628,1.933850124875165,0.7129617309570312,1.9381777968036529
MLP,172,3,9,316.1295616319442,371.46698533107093,3.785488065852548,3.8862202283182357,0.6818072734509396,3.839877485618843
MLP,173,3,0,89.62755669487848,114.77107352882585,8.991017621431912,8.64890553723227,0.6394541457929265,8.531443789041843
MLP,174,3,7,3059.780837673611,3239.141151000503,47.0069240434229,36.85431816278216,2.1143895156745915,44.07674695280057
MLP,175,3,3,379.8601980251736,431.08300632186996,10.304756473102517,10.681929474658993,1.3111466006293864,10.530901264732515
MLP,176,3,5,95.12969292534723,111.12907436973646,2.14021108571286,2.1716575220504875,0.6603029533155659,2.1555066372812814
MLP,177,3,1,181.31414252387154,229.27603510876003,10.533223261454497,11.425632891179067,0.7678886079988285,11.24138315828705
MLP,178,3,8,481.60454644097223,492.0090023824821,5.299224127158072,5.449268704434457,3.3509701451394505,5.312791466530306
MLP,179,3,8,2412.215874565972,2605.397780516532,12.219219748310069,13.134834128697001,2.243473435567785,12.47536546773765
MLP,180,3,6,2633.4943359375006,2772.0676942830373,65.85039677188425,47.649695297708725,1.9591455525930233,60.88175283375033
MLP,181,3,8,995.0569932725695,1100.516139097798,12.598428074800685,13.591268201534835,0.8288736613169758,12.937753451969265
MLP,182,3,0,335.1295572916667,352.6160417414119,12.954229017429647,13.940636631528108,3.027680375842218,13.149497615803815
MLP,183,3,6,1252.9042144097223,1410.8877493679383,14.451370044654633,13.245932643283236,1.733322927999328,13.860593986900819
MLP,184,3,5,530.9122330729167,577.9157708810209,10.522494667160663,11.211401600680237,2.6957198148638226,10.670950859073711
MLP,185,3,3,73.7188720703125,82.89569019847498,2.2768503958339577,2.309961333532879,0.8489993642494286,2.288339968037017
MLP,186,3,0,51.465189615885414,57.126827685698274,4.437182526904235,4.560710055981988,1.1054575335154384,4.483681395314542
MLP,187,3,4,392.5630289713542,423.5922554912076,9.012639749374438,9.504565904547748,2.9373915740895993,9.132912655401803
MLP,188,3,2,177.85461832682293,185.7729581164882,8.435041001417936,8.837855560558276,3.366307569257637,8.494819416824715
MLP,189,3,4,620.7557467447918,638.9688354057648,11.530781742017107,12.275530086631974,2.87035626260232,11.593298106889845
MLP,190,3,0,85.38528781467014,107.25154841312191,8.947875393300503,8.731725467721958,0.6330848336068698,8.712784470884708
MLP,191,3,8,1182.2075737847222,1563.7133217029327,35.40446237104035,21.86388577447658,0.8052255922679972,19.165753695510222
MLP,192,3,8,526.3365342881945,580.440771993263,5.397305383757088,5.578468413634931,1.9169230074301833,5.4564635242685595
MLP,193,3,2,93.51597466362846,94.65571091660637,4.507432837807658,4.61393211924959,0.3830188288041337,4.50976062149937
MLP,194,3,6,267.22691514756946,273.58689613742837,5.537544823421731,5.702269957065872,1.7556542935592798,5.5542417873215975
MLP,195,3,6,960.7040038294112,1024.6615022343638,8.945711796667963,9.418730511654024,3.328683760588912,9.05427626600895
MLP,196,3,5,51.725870768229164,58.78043099167492,1.509758243475801,1.5231562671744716,0.42541519471479516,1.5161466761571813
MLP,197,3,3,321.62363281250003,379.2394711490769,23.563021232483266,22.59416645958102,0.6094201931371016,22.048060503650415
MLP,198,3,5,571.7959299479168,713.168783569466,11.540191701665186,12.35419644587887,1.452166473338829,12.151654340732392
MLP,199,3,8,563.49970703125,650.6239066728863,4.415892451871118,4.547810909961052,0.596498877050962,4.470447880916029
MLP,3,4,4,266.0542182074653,366.13913891563766,10.9551769879347,12.058894008868387,0.2084393374586786,12.313809400439625
MLP,5,4,9,1623.3060167100693,1810.456341764377,25.33189945495387,21.875806140536515,0.5406602896471088,24.52329693729018
MLP,8,4,9,808.4495442708334,909.3930084667505,7.080685081435897,6.772942520501861,0.5904471825549549,6.938157622234671
MLP,9,4,4,105.55349392361111,123.8029600287586,2.422351811297064,2.4452821851212327,0.22696804916536667,2.4339152092247187
MLP,12,4,7,398.43314344618045,427.9787647075102,6.980610415971013,6.707426635899067,1.254228359635743,6.902914265559186
MLP,13,4,2,231.7681125590278,273.20117977655866,12.016874988599069,11.049478523131095,1.2511214930567245,11.282224959702374
MLP,14,4,2,149.94081602647572,180.51894420956816,10.094292257676237,9.874014244777532,1.8666945609606846,9.342292857945642
MLP,16,4,5,618.8711546805557,644.4714787737572,14.007721403129981,13.008825669048898,1.6047670695241831,13.837584519746407
MLP,19,4,0,25.171529134114582,28.284447182597166,2.4193337680412106,2.389685933890907,0.5406392865192013,2.396274193008581
MLP,21,4,1,110.48533935546874,144.7008448426601,5.458151564371249,5.6411194288665065,0.8788987898681143,5.592778504452987
MLP,22,4,0,344.3853691948785,398.2013596735644,28.752196139478514,24.07697317945908,2.0849541582311018,25.663161438657887
MLP,23,4,3,469.00853513628476,548.2707444562534,21.974815348303647,19.00511878577428,2.2561656325704726,20.23375201692605
MLP,25,4,6,781.3543294270834,957.5869054303453,12.647258486336455,13.849944653363098,0.6377381899780947,13.4767898904633
MLP,28,4,1,77.57593451605902,97.74734299513351,6.6137227767011915,6.3444899597147515,1.3016524626810364,6.289090759307582
MLP,30,4,0,128.1031709040799,146.7759293111799,10.527936301103482,11.070909364369847,0.8120244330624314,10.773381545567979
MLP,32,4,9,262.43603515625,311.6528205406217,2.6231451001621817,2.672583304341271,0.9095642400930174,2.6294732161494574
MLP,36,4,3,152.3650161027569,214.55015036135723,4.6371515572369955,4.432519777830715,0.5545374733237324,4.358820634896502
MLP,37,4,3,307.0033433702257,336.67945151372714,12.464048875606478,13.459690198017348,0.6199821994796842,12.657032021676734
MLP,38,4,2,389.72774386935765,439.518698122281,29.330160810100402,24.566391995666464,2.1298081337859425,26.825460652017476
MLP,39,4,6,168.20734592013898,181.31820999492948,2.9185601461562887,2.8696883556252573,0.4484134160575972,2.903497380639691
MLP,40,4,2,1150.2509939236113,1173.9674025232014,88.0301914572986,60.227519276848376,5.209089299794212,84.57876462137615
MLP,41,4,5,735.2695990668403,847.3527778693019,19.092002866297573,21.821612503825037,1.195344362644791,20.162786080443517
MLP,45,4,3,225.01300726996527,328.29400944643453,10.187680940564473,11.096442788565716,0.18587983495745225,11.52176386829927
MLP,50,4,8,257.6731770833333,291.71697024693736,2.9722379157191097,3.02925977231607,0.8767523195795089,2.9887664320005154
MLP,51,4,1,213.0678794921875,232.22858414416697,14.265753460972446,15.557371049586097,1.5475516131947349,14.61684611904945
MLP,52,4,5,1322.7802180989584,1561.2651942034074,27.290334155464752,31.433558474892326,1.1312200676267876,28.91513190762677
MLP,53,4,9,159.85503472222223,177.4305332532032,1.5944160678546153,1.6102678040866913,0.4995469835069445,1.5941222299168976
MLP,54,4,4,100.47376928385421,112.22621909848417,3.169536233764142,3.2331246673053085,0.5517480283503601,3.1907776602295232
MLP,55,4,4,191.2421875,214.9606997148312,6.961244392486465,7.280602182917571,1.3195688944685093,7.052714407179003
MLP,56,4,1,36.95181563107638,38.71848724214732,2.9214686722898087,2.8944477536105753,0.8748025723489744,2.91676982683953
MLP,57,4,4,89.18783365885419,98.84344286486231,2.9697992952992025,3.0248162118698567,0.532457109873616,2.9777749445103705
MLP,58,4,9,2971.1848123177083,3460.976170954975,26.80554903553858,32.301694946285025,2.519884349658038,28.868640893896508
MLP,59,4,4,645.2366405946182,706.5462124971496,13.340336475877008,14.476103042051749,1.8316273284875058,13.595162845840184
MLP,60,4,0,532.3893129882813,1035.4548732024014,19.35034056424611,22.960694793806162,1.8044657044102885,24.735096525879516
MLP,61,4,3,225.79031603472222,266.88589480014264,9.94238527316826,10.56230727596051,0.47544107632812305,10.507447881703241
MLP,62,4,4,348.6287418619791,448.4785436495252,15.494904563128348,13.92831341882097,0.9217497753692329,12.819322580591411
MLP,63,4,7,784.0649590277777,815.3670847059744,18.12625485592166,16.494709446648727,0.577299758295078,17.916167987141254
MLP,64,4,3,132.26045735677084,144.66222322862347,7.216334589289784,7.304775902151698,0.2985707794628557,7.1985227108871115
MLP,65,4,3,303.37785047743057,393.32184681442834,10.580160513278107,11.292532390427496,0.7184153589061936,11.156295371662079
MLP,66,4,4,255.41318088107639,283.78192118052607,7.244682745979726,7.583403665493535,0.735153615249215,7.285954446686807
MLP,67,4,4,113.11683485243054,131.8897991708403,5.876751936704297,5.649940284223168,0.39643496916342186,5.764791497939672
MLP,68,4,6,619.010287326389,816.663930686709,9.01209104518325,8.667859998518963,0.8098336801790095,8.6648167555664
MLP,69,4,4,700.3780073784723,769.7886558344608,14.089383519437579,15.358213882450036,2.022348938411703,14.43430136631195
MLP,70,4,3,55.85507812500001,68.60594977549592,1.977667964818582,2.0036293854094778,0.1621113870266426,1.990830707152914
MLP,71,4,0,46.38935387152778,52.75260383039823,4.4461736446690905,4.570769557606083,0.20813406178212177,4.501013595664201
MLP,72,4,9,362.8623258506942,418.4567341357442,3.7957901662828766,3.701644490346942,0.9153024654921014,3.7750416467323884
MLP,73,4,2,18.298360188802082,23.560681033870505,1.0668760687110797,1.0576651862201167,0.8533875316169948,1.0578785399018389
MLP,74,4,8,759.2754676649306,951.2166530390862,17.71165861188986,16.834340580098416,0.37283717872142413,16.559090912192232
MLP,75,4,0,324.47747368793404,365.38899513250124,18.95707922211368,21.45388046214521,2.2509799359482607,19.835573162000173
MLP,76,4,2,199.2155443858507,243.89054681141187,15.600009382919843,13.901504230055576,0.8905955589747065,14.272515230844718
MLP,77,4,0,295.094475640191,354.27622486791324,35.32821714436004,27.39790099055046,0.6944408055449003,28.978180913930373
MLP,78,4,2,111.22933759201388,146.10984542902412,9.235581008121283,8.517908487764785,0.44946831609485416,8.5106569224457
MLP,79,4,1,72.24139214409723,94.38758901945786,7.094629070123802,6.669002287213377,0.3542700470401403,6.677641069298347
MLP,80,4,2,476.75001927517354,538.0666753257206,15.778236369125462,17.491607643455445,2.12685856124618,16.353542773856
MLP,81,4,1,41.12793646918403,47.66624126991822,3.0725722735090346,3.033178732653625,0.7880219642824142,3.0373891455516864
MLP,82,4,4,695.5525134548611,758.9573838086294,23.996725911209012,26.146900183580808,1.5226289667791664,23.949289648313275
MLP,83,4,1,181.72152262369792,187.48363364917802,18.2088529365321,16.584164411864222,1.0091671111091203,17.942901787201976
MLP,84,4,8,148.24290907118055,175.6783032081685,2.5402430809996632,2.496337494783504,0.1322938370622398,2.513794134370537
MLP,85,4,5,980.6540879340278,1015.0116681794896,16.12698545335046,17.637955630014783,1.6616564036145838,16.247686128486695
MLP,86,4,5,455.96430682291674,528.6146851564771,12.85280298991965,14.033285013783148,0.6735164654097733,13.388801651787036
MLP,87,4,5,730.7075451822916,849.9712866112902,12.001583242352456,12.913409115314952,1.2130542371593465,12.554520578526532
MLP,88,4,9,513.0514648437497,719.3536419812443,4.922090263055087,5.014704555128023,0.38169167056054404,5.0067532706463105
MLP,89,4,7,3198.1233995225693,4437.331626248264,35.55640573456122,35.61657827517083,2.7395470461459626,36.38825612604693
MLP,90,4,1,149.43758083767358,171.26013852804198,11.027629390062913,10.601959113249512,0.8530427200376782,10.89281205423219
MLP,91,4,5,777.8419379340278,877.7321866869838,17.941111580657203,20.048312810294394,1.0920424990076325,18.857180602965855
MLP,92,4,7,602.6554307725695,840.5996946901106,21.360552650625834,22.684435196457077,0.3667207125405008,21.98848208924119
MLP,93,4,1,53.80197117404513,65.02331230032352,3.151306276590856,3.0796136759061707,0.5587842867062116,3.1036354927946705
MLP,94,4,6,2779.465566840278,3570.8334293336775,22.855938677188462,22.100324970724945,2.420364131377244,21.20856752753849
MLP,95,4,8,219.45589192708334,255.47615593324988,2.233445423859472,2.2674927758542274,0.7472958862443246,2.2409973646607475
MLP,96,4,1,154.2479234592014,173.82095103391737,13.415039597832488,12.327970265686833,1.5763636743815534,12.885690212251244
MLP,97,4,1,167.96235582248264,182.01605028989127,10.541859260535116,11.231251822006733,0.790450945285828,10.665608835780697
MLP,98,4,4,408.99649092447913,470.77498114116753,10.019344523545906,10.718948412904322,1.8117182449334377,10.246955141598143
MLP,99,4,5,1369.1588812934028,1978.779505215085,13.032809690939084,14.943033115268115,1.883043881225327,14.89205381792329
MLP,100,4,2,430.3426668836805,527.9830182871641,10.172042796682994,10.981710579430928,2.0720317738636025,10.541702045548352
MLP,101,4,9,529.310546875,649.3865602874358,5.616451831312243,5.4266270187172525,5.723838791985254,5.285353616778724
MLP,102,4,9,162.46180555555554,180.1725507087679,1.6117892994077554,1.5979041705343175,1.3127958821368813,1.6033206134074596
MLP,103,4,3,290.6904391818577,342.30664335222514,11.806538124080907,12.83133631585405,1.160298928678816,12.21545227625731
MLP,104,4,7,948.8376844618056,1018.236528812829,12.231019170836076,11.412301451020795,0.7831667570899552,11.998520702297332
MLP,105,4,9,256.70947265625,315.25119334413586,2.628583954998085,2.6467209065354753,0.8373719206908978,2.6359215674914434
MLP,106,4,3,122.01567176649307,133.10302595060904,21.858574337438398,19.23790359126747,0.3821416248026977,21.091910618248534
MLP,107,4,7,286.8034939236111,377.3730475594336,2.489179780995566,2.4364810135337462,0.3649556028076799,2.4362731904789996
MLP,108,4,9,972.5061848958334,995.511866745685,9.882354861449356,9.393882030778627,1.766716743670349,9.839473055093391
MLP,109,4,2,127.63038313802083,145.21061741220552,5.242628523959214,5.425810873776663,1.1543202435591668,5.284722310302804
MLP,110,4,7,4149.922016059028,4330.980837807353,37.867793892648734,31.3197779148221,2.5871395530024985,36.93496174369053
MLP,111,4,5,404.19171983506936,569.0049401406162,7.847080444389107,8.44803357942639,0.5463759011207145,8.520439715308765
MLP,112,4,9,455.47227647569446,500.5690359722809,4.620512150651254,4.752941679308326,1.0755851291914642,4.638682925712337
MLP,113,4,9,183.83680555555554,204.21926464381445,1.831394717827213,1.852234152615442,0.6171852582496413,1.837347307051638
MLP,114,4,4,302.2080061848958,386.9262267612253,7.225110388415475,7.653102741700795,0.9753163309522209,7.5297310485100075
MLP,115,4,1,112.67844645182292,135.81942894751867,6.009025343667942,6.277370486840196,0.6638641444421624,6.164778225327697
MLP,116,4,9,208.11116536458334,242.34527625373892,2.0684706701143236,2.090972989590956,2.2455591685115803,2.086676123307988
MLP,117,4,8,760.6384548611111,927.1589529105859,7.609625919503707,7.521111365163907,3.19473959659115,7.636165594429385
MLP,118,4,7,205.97151692708334,236.92739385580455,2.0597151692708335,2.0881669322853194,0.44635277505869125,2.059715169270833
MLP,119,4,5,502.4140950520833,559.6821613930529,9.87393011378324,9.288705168801663,0.49710681168305,9.611891353704213
MLP,120,4,8,85.20350477430556,109.87039884327305,0.8210301809283653,0.8265196539288961,0.256851965489449,0.8198600938382051
MLP,121,4,8,77.25857204861111,99.45393046688616,0.7503664415922398,0.7468926568133162,0.1451346989148482,0.7444616150294433
MLP,122,4,8,394.42426215277777,459.17359764697426,4.00981821259946,4.12081245774339,1.1053928366065109,4.045838111893093
MLP,123,4,0,17.457410644531237,22.191514430931583,1.7218756106964968,1.745861447087517,0.3750877266737669,1.7380848009051364
MLP,124,4,6,1127.6655761718748,1181.811814687191,22.438012156494377,19.95566485107172,0.7554841332696731,21.987047334367173
MLP,125,4,0,274.11888118402777,307.3739879677743,10.713009943314376,11.475949544931584,2.1255285241910205,10.886992114036032
MLP,126,4,8,1054.0367296006943,1136.7244238424234,11.394683303981884,10.676458032241145,1.0947514155806095,11.184402471667108
MLP,127,4,6,717.9861111111111,833.2636711794589,7.571846352399899,7.974359245255133,1.8462499999999997,7.706469886702445
MLP,128,4,6,1008.1453016493057,1137.6144418507045,8.547642162576269,9.036616420460183,1.3580771643727667,8.627265164919656
MLP,129,4,2,377.1403872612848,461.93731281788564,12.974358866431576,14.297290837564947,2.1422699809085857,13.696712254743119
MLP,130,4,4,282.56045722005564,319.9900617719373,7.108382106659378,7.444875560865095,2.153943523241517,7.191170899038979
MLP,131,4,7,133.80379231770834,179.02292460651745,1.7181163021248298,1.7411452461942583,0.10106548548206504,1.7105598449707031
MLP,132,4,1,66.80663384331598,73.22541919305658,6.4337456113324265,6.191438307747819,1.4269378102455839,6.3457488611065305
MLP,133,4,7,437.89442274305554,521.6008595094388,4.505431612388627,4.653139184878384,1.6215278792430337,4.553494863879261
MLP,134,4,2,176.48940505642364,185.06390690043997,7.726553624512861,7.409758440665061,1.3877976776647964,7.667213245278804
MLP,135,4,2,521.8027274956597,598.1813050897669,14.608816063001953,16.12183759420663,1.2087891946103404,15.001797997271193
MLP,136,4,9,317.67876519097223,339.31817090892287,3.120392905739027,3.1768968022005883,1.1340744186469172,3.125785255818943
MLP,137,4,9,631.0956651475694,673.0109964998003,9.562412351975603,9.058499142390618,0.39212958003085996,9.422557268864862
MLP,138,4,6,102.740234375,111.98506953000691,1.1451969467766285,1.1504084551867946,0.22318660617306302,1.1475509256673742
MLP,139,4,0,10.718431260850695,12.134493649990503,1.0558883902591067,1.0604271936501244,0.41120894974780814,1.0580879823149747
MLP,140,4,6,919.2214084201389,1050.1649608658497,9.423778616558891,10.029932781924236,2.2846685939343683,9.637408831035035
MLP,141,4,4,1037.4990320095485,1601.3351159750914,17.775891214738536,20.332318348323586,1.349241933228747,21.312641722691055
MLP,142,4,5,357.2442078993056,404.87450082195306,6.083410235022387,6.326459447806948,1.4306120046747495,6.18005648607228
MLP,143,4,9,190.62820095486111,221.51262916364712,1.8831656734385245,1.906820409145104,0.4684776563860691,1.8890080801049844
MLP,144,4,8,425.0511067708333,461.6652612031276,4.310505541510488,4.243268109180789,1.0291039268846296,4.295856216661988
MLP,145,4,3,355.8768102907986,398.6661770314763,9.743662439794974,10.36863757195496,2.3517418473615006,9.913926639120733
MLP,146,4,7,170.62293836805554,216.7516133611234,1.5770041680475597,1.5934047451846831,0.3522547264704502,1.5846105258235945
MLP,147,4,9,1283.060232204861,1359.5522684165815,8.774488765616795,9.228823696672318,1.9466937128695367,8.80809975320153
MLP,148,4,6,1139.1239963107637,1316.9183067782676,15.08378298099704,16.711879883285068,1.2779699724021152,15.65160753381099
MLP,149,4,6,509.63972339604175,631.7070249804236,6.676411591839697,6.9898572466138305,1.2251557822455892,6.854206811246592
MLP,150,4,0,21.574018690321168,26.47486305031433,2.0282424419758236,2.0575542040030745,1.4684342660045164,2.0412974086448608
MLP,151,4,7,25.603922526041668,28.59742742004953,0.45982137652280086,0.45991887622260613,0.10704520544311796,0.4598130354871296
MLP,152,4,3,895.590988498264,1149.3775683116185,18.908940012985433,21.82215412864393,1.9015035265209177,20.976167479181782
MLP,153,4,4,114.95473904079861,120.25671863852135,5.304206219406002,5.153795042035427,1.2590768390042948,5.277187714191213
MLP,154,4,0,59.97462293836806,67.34368990587886,4.974177667814758,5.13462877280559,1.3131960162740135,5.008783987800422
MLP,155,4,6,153.84502495659723,179.73307098441364,2.5823619660560038,2.6272727336266684,2.0341898500627447,2.597514725840681
MLP,156,4,8,1174.9002821180557,1329.8863391673874,9.37319774708601,9.94186537846393,2.152259818137307,9.65362901270142
MLP,157,4,1,32.87612246093747,55.24743660130795,1.2230992575441926,1.207614534697093,0.3112146824124659,1.1943707547775606
MLP,158,4,5,106.42607964409723,140.37880523033843,2.132025663203695,2.1708924459056806,1.2658608592029186,2.1514706127512917
MLP,159,4,6,2187.3993489583336,2283.3719750085797,42.48622663858057,34.438933229988194,2.900483125317687,39.40143911309409
MLP,160,4,0,39.38644476996527,46.99497732617208,3.9317922307494624,3.825659931638951,0.57041509447109,3.8554733491370867
MLP,161,4,0,138.16364203559027,148.57194887046234,9.901879785239792,10.502171007189968,1.6551815906895413,9.95514903684977
MLP,162,4,7,415.55463324652777,512.1516570518803,3.0993949563985983,3.095471506339727,1.0177825623384198,3.1051448372441777
MLP,163,4,4,64.26897046983508,70.19338690464784,7.469892044191676,7.14706295086421,0.13257735955786265,7.35012072024275
MLP,164,4,3,91.85148111979167,110.87046570512594,3.7841197080728786,3.681785389355601,0.9219293643993959,3.6904612949916293
MLP,165,4,7,218.13861762152777,249.69677504615797,3.753066557294462,3.8375314973024257,0.81260246630536,3.8117611078414715
MLP,166,4,7,366.89537217881946,431.80122735877745,5.633254479001234,5.563728187955638,0.8566425884356147,5.526457488885983
MLP,167,4,1,91.36327094184031,113.44995716631821,3.8131148420879226,3.9139017860154266,0.3614247770632429,3.859582750016488
MLP,168,4,8,571.8368055555555,650.5741572199787,3.7956484733664273,3.7041842114572088,0.4672789891818796,3.7511160714285716
MLP,169,4,4,113.27304416232639,140.92802292759424,3.926857566788656,4.044742223028671,2.5151087108411287,4.003366964307628
MLP,170,4,7,807.4573838975695,827.6562705762318,11.620055978312612,12.358802281972494,0.31905026308217094,11.688164785007036
MLP,171,4,5,127.60621473524306,132.84438699604564,3.576584004575873,3.508326654236508,1.2393409344789794,3.5655260248903677
MLP,172,4,9,475.3728038194444,522.2919923168332,5.477158149997527,5.657993120554303,1.0413886124454188,5.540822139451354
MLP,173,4,0,91.27096218532986,111.03763723652312,8.345095052160532,8.435181741175123,0.6548361580593745,8.477179150340234
MLP,174,4,7,2574.300656467014,2782.8803894926186,57.98673610185846,42.51455573878898,1.701401063945665,52.42755374170379
MLP,175,4,3,476.54077582465277,562.6032253593429,11.678169662373532,12.666552026195943,1.5756072050835868,12.068750344491692
MLP,176,4,5,101.85508897569444,111.77876361717807,2.3657472896269884,2.3324315057973792,0.7275363498263889,2.353519385831194
MLP,177,4,1,191.7380113389757,244.57250752688773,12.496407313885621,11.883187865156469,0.8192405064460486,12.30202606382398
MLP,178,4,8,362.45713975694446,432.1710789532844,3.8565454601138796,3.9629090762614845,2.551184247507169,3.897854293000956
MLP,179,4,8,475.74457465277777,674.5135511176509,2.331295731210294,2.343880299664783,0.4025974686170862,2.3896688843480276
MLP,180,4,6,1921.366010199653,2084.3021792285563,71.44213692323514,49.237304804557155,1.3964862527411717,63.968771147944224
MLP,181,4,8,1270.8500162760417,1432.4320963127377,13.655667572232888,14.90380325356705,1.077033216843207,14.168659209023692
MLP,182,4,0,187.39009602864584,211.4615719347013,8.331265060498106,7.903407705931524,1.637727659662807,8.087811361984475
MLP,183,4,6,1346.7296614583333,1515.5772713655506,15.828294720312272,14.346055276438568,1.6237177253086348,15.011352675264513
MLP,184,4,5,641.6288628472222,769.9332338743499,11.202349714127108,12.149365118116098,3.176728497098844,11.624056401885923
MLP,185,4,3,67.99498155381944,79.06369447475952,2.0387678157127613,2.058188733565692,0.7911234840922042,2.0513369334418576
MLP,186,4,0,59.97462293836806,67.34368990587886,4.974177667814758,5.13462877280559,1.3131960162740135,5.008783987800422
MLP,187,4,4,250.04836697048611,286.4617080320229,5.4915749745853955,5.693396916236104,1.8066111608785456,5.546359341304682
MLP,188,4,2,143.47575819227433,167.72003653194403,6.394196048277894,6.683784497761973,2.5870639354230223,6.4845032288915165
MLP,189,4,4,176.8715828993055,203.43284263648104,3.2594788385323676,3.3317082347532994,0.7883160981727152,3.259055486526166
MLP,190,4,0,98.6084221733941,121.59924002641769,10.93659654464866,10.48595851947499,0.7195986904377024,10.477872485956869
MLP,191,4,8,1064.4681260850693,1256.0688191922948,18.981237230232317,18.384533317788236,0.7330460041176102,17.007301854723284
MLP,192,4,8,295.04985894097223,400.8953077505163,2.924516096407455,3.0049971867384713,1.0602004513449894,2.9751260214763877
MLP,193,4,2,15.23170328776041,19.72169457051605,0.7605793612146192,0.7559220908781588,0.06475691159696588,0.7515334050948765
MLP,194,4,6,208.79212782118054,237.82271167222817,4.203752049398423,4.319474466082421,1.4018818419844017,4.2364711659992444
MLP,195,4,6,913.7567337822389,1004.6889311921741,7.908045466026535,8.300643901277887,3.0935417725697243,8.002894031246363
MLP,196,4,5,54.945393880208336,65.82706048778148,1.6366118151062161,1.6175956547688213,0.4691731925254981,1.6269404340249218
MLP,197,4,3,235.44757486979168,277.75215862868953,19.924631566695844,17.28198667489968,0.44500196853067825,17.48156724685992
MLP,198,4,5,510.73512089027787,611.0523934815445,11.742240642224083,11.480130394882293,1.2937913441863345,11.466816075267296
MLP,199,4,8,335.35483940972193,451.1574034958003,2.496429871704262,2.5414948692094654,0.3577774885176645,2.5500103748583225
NBEATS,0,0,1,51.99602932400174,59.89550310427224,5.248924335435938,5.185792738542372,0.1758178271965279,5.223106913510973
NBEATS,1,0,1,489.33068982074656,533.6721381009361,29.70498398534303,35.70047238081215,3.5999532864075605,30.888417998990292
NBEATS,2,0,2,313.4503498764847,332.4653444563659,16.203691002198767,17.8062432215953,2.0119377154577722,16.439077043793585
NBEATS,3,0,4,2029.3417209201386,2143.9602553982754,81.12379924388931,55.27742942405125,1.1901664072367986,76.77271556835805
NBEATS,4,0,1,653.7066330928818,724.0506317505013,56.33905516339522,40.74104176669775,1.94585581154974,46.67024851367676
NBEATS,5,0,9,4130.998263888889,4586.656429394363,24.151753670234132,28.206394906545203,1.7454922241784039,25.032981669135467
NBEATS,6,0,7,1612.9224758632972,1923.9048408775905,15.958039393936149,17.922323530527784,1.533761916667387,16.678175843419954
NBEATS,7,0,2,241.47463297526045,276.00926941257063,12.197233039919674,13.239861992104677,1.6884988520665913,12.445519059592263
NBEATS,8,0,9,3618.5879177517363,3738.49941762615,35.24181668733002,43.16931246650224,3.5742408552879783,35.82760314605679
NBEATS,9,0,4,1293.1526692708333,1434.6012775879074,39.39940372845453,50.98093305124093,4.137353012242268,41.79249505687123
NBEATS,10,0,2,370.1567260028257,394.98261922110316,17.90105934305307,19.90222726059037,2.13468356427945,18.150388683819823
NBEATS,11,0,7,939.5576089756946,1252.3353267455439,18.46218327352175,15.887898766304367,0.9551193559065553,15.800703756801799
NBEATS,12,0,7,108.19549153645822,127.68526534762333,1.61234274153452,1.6125237989253864,0.2568651463444955,1.6139039255036185
NBEATS,13,0,2,157.5567429722222,191.557286094883,10.383261895275403,11.223431038448211,1.202752948389082,10.707380647903246
NBEATS,14,0,2,161.90753499348958,190.94172792893463,10.907774288244859,10.805290074359188,1.8912764538898814,10.119411730168428
NBEATS,15,0,3,430.7485378689237,446.1752509533856,14.071785087499219,15.220041164270775,1.1301921980143428,14.120793764211223
NBEATS,16,0,5,761.0512885199653,918.4429403633338,20.963843646805515,24.472784468187392,3.0229591344305895,22.49795029756186
NBEATS,17,0,3,406.7093098958333,443.4099107667098,14.537491618884513,15.902111601808425,1.1547543964201634,14.723249189250339
NBEATS,18,0,7,1127.2639702690972,1344.301949448699,16.84278524071644,14.969793140950538,0.8401967480266562,15.573051303086674
NBEATS,19,0,0,33.36298285590278,46.217372516374084,2.9346698989660287,3.0172381262551666,0.5791067419539537,2.999369150965188
NBEATS,20,0,9,1691.176376635167,1904.5188571041845,14.439175221384021,15.876939621527766,0.9410657772659363,14.69246480708617
NBEATS,21,0,1,120.56284874131941,145.43599889621484,9.38142361255026,10.037650542768448,1.2951743855151565,9.712927956852099
NBEATS,22,0,0,82.78191460503473,106.43391716232827,6.548246579812048,6.820288421047291,0.5716398195232577,6.861959304124452
NBEATS,23,0,3,538.852948532986,576.4957162522641,23.296373994775767,26.769001020745996,3.642255328869032,23.83176660451091
NBEATS,24,0,5,702.000448219618,854.0557897158828,12.832847897209618,14.096242499279343,0.9785178849052586,13.343901658491975
NBEATS,25,0,6,579.7883843315972,650.9803737030439,9.022711633934174,8.857004319174273,0.3880586608069688,8.906119574986132
NBEATS,26,0,8,1761.7374385104167,2177.256932641075,15.913425033356823,17.782376185520956,1.210969370838481,16.78480150075367
NBEATS,27,0,8,1516.9651692708333,1799.7619062208703,30.532584408606205,26.23162967578134,0.44220250631159774,26.875367172121063
NBEATS,28,0,1,80.56105550130208,96.4152220748791,6.652323985373807,6.899568904608527,1.694700816934286,6.848165284644334
NBEATS,29,0,3,309.27907226562496,353.82929252592834,12.859861325562255,14.015502031231508,1.1081980291871205,13.117778759069095
NBEATS,30,0,0,91.19959536111111,103.77190115250177,6.782938102063124,6.985925513837427,0.5859621565070057,6.8468618304393685
NBEATS,31,0,3,255.90762668185764,303.29647534801376,13.18050847096314,14.393332534876125,1.2137911146965579,13.819564623405247
NBEATS,32,0,9,745.1316189236111,771.2128313259626,8.02298699560904,8.380538607076133,2.4807094588085694,8.060317993164062
NBEATS,33,0,2,356.0325400982258,391.3387016215331,16.244688647970836,17.9679990559685,1.8044592280011889,16.617169904027563
NBEATS,34,0,6,1675.5847960069443,1952.6624018813468,28.047712563535914,33.527909681872906,2.5253743093580043,29.813780139589515
NBEATS,35,0,1,221.97180202526044,241.7426371823268,14.374820744660754,15.703129680491152,1.3178794917143926,14.52359726176262
NBEATS,36,0,3,327.37648730468754,380.939607004746,15.51745432397019,17.234067998854073,2.3727925997073793,16.40607938143863
NBEATS,37,0,3,1171.6824377088278,1360.3493743368435,64.68028474313753,44.53520314120327,2.5651391961147603,51.07902759171338
NBEATS,38,0,2,112.63089463975692,139.21537130355202,5.299300935467177,5.524446855543656,0.3989366385634555,5.312193373673823
NBEATS,39,0,6,440.28532986111105,524.6227952978238,7.233493258350935,7.6148902325264265,1.0120796799537939,7.453774166743477
NBEATS,40,0,2,251.80156222873268,316.76350207993346,11.825274032201014,13.011589760459922,0.9927879592975687,12.174239893990944
NBEATS,41,0,5,801.5750461154514,1105.4140277303513,16.076003046278732,18.751128306682933,1.458672094317546,17.994949900321934
NBEATS,42,0,6,531.4441460503472,666.8594253376326,8.922712565375356,9.00059624960648,0.550896838066117,8.800322564207386
NBEATS,43,0,2,592.980932252257,636.4740672177379,25.773423513229947,30.229257029389544,1.8825090470397345,26.13960078380135
NBEATS,44,0,0,703.6530630805122,856.7712162047288,50.16615398547677,72.28391977237098,2.857555846516863,57.46321173148539
NBEATS,45,0,3,2130.356437174479,2232.090725344148,100.7154085119627,64.02656397986186,1.36205274919337,94.13258806365928
NBEATS,46,0,6,5030.373318142361,5247.374664517539,66.25434158393058,101.55666491922533,6.771656389807024,68.90922353619673
NBEATS,47,0,5,926.8293950737848,1046.987780818105,17.51841282518137,19.6739904536252,1.0947859873182078,17.92950675573114
NBEATS,48,0,0,181.3876131456163,202.09910329589735,21.038959806715585,20.468811641038904,0.8894528272099539,20.10604388001647
NBEATS,49,0,5,1035.5043133333943,1240.2785831359472,16.65184018522865,18.83106315240435,1.9318769420121218,17.566340104478698
NBEATS,50,0,8,253.27891710069446,301.07200369501635,3.226342001813407,3.301054286208263,0.8032547863316967,3.268302488897213
NBEATS,51,0,1,101.7614085828993,113.94007355112632,6.639450581070654,6.774918908782573,0.9672776961033421,6.697393125290252
NBEATS,52,0,5,913.4705292426216,1234.7174990213423,28.151605629260224,24.599745590035038,0.8101343786619786,26.067442589876265
NBEATS,53,0,9,376.71728515625,386.05975232162007,3.9565079975116304,4.040355709745306,0.9752579463435914,3.9608125775773946
NBEATS,54,0,4,200.4262847439236,228.73494789860726,6.356269037018217,6.1087037072466135,1.1804264924870886,6.189772569084015
NBEATS,55,0,4,51.159507921006934,66.64868816035708,2.0425491681625703,2.007449251076163,0.30286675233399407,2.010310872431364
NBEATS,56,0,1,133.57300557378474,135.91297840051695,10.558899808086103,11.166366932935068,4.957382324404853,10.592629723113715
NBEATS,57,0,4,144.58851453993054,162.70595112721224,5.876747681970848,6.098483702580138,0.8361993411567038,5.983949706087086
NBEATS,58,0,9,1134.5187978993054,1406.276168815538,11.191567316118224,12.12817285032406,0.9534824044809803,11.97049016096878
NBEATS,59,0,4,295.03236171875005,340.33222877459013,10.842803169418909,10.273342346368612,0.9893883183553214,10.405354490197759
NBEATS,60,0,0,197.76455083550348,256.71321334357526,20.579149738455463,23.84452310366858,0.7440950260858418,23.083657039764343
NBEATS,61,0,3,628.7840847439236,693.8262020999371,15.40480666905231,16.98922330351088,1.9453661827045532,15.661957414226285
NBEATS,62,0,4,495.449736328125,557.3914973272233,17.694108925934916,19.29836343638145,1.3480692129401362,18.30699516384001
NBEATS,63,0,7,1488.1736674479166,1633.124077357779,19.761008282401626,17.59368651510372,1.3382560149471747,18.891418013372764
NBEATS,64,0,3,268.30125325520834,278.9639668096824,18.760277215741734,16.992615753067962,0.5429719855719335,18.371415371423712
NBEATS,65,0,3,448.33481841753473,532.0739912383507,19.875289643199803,17.272939660678738,1.230382781241092,16.99394799115703
NBEATS,66,0,4,445.7486785645555,507.9706772039337,14.641813523240147,13.502288561527706,1.375121330351226,13.817128914359667
NBEATS,67,0,4,302.48681532118053,337.33737546311505,10.883040825426864,10.182058026994229,1.0506807610409599,10.637007058789655
NBEATS,68,0,6,901.0933667534723,1081.855948951846,17.27665940088789,16.99046416526612,1.8537668485880743,16.469536146446934
NBEATS,69,0,4,279.6163926866319,327.45874732063487,8.984144772955606,8.46836611921719,0.8617367310739797,8.649713116724023
NBEATS,70,0,3,258.6169148763021,334.98094154389526,12.45943490481535,13.832660924189167,0.7279191820666147,13.367556384475709
NBEATS,71,0,0,299.2886251280381,325.70875782466305,40.876574284787104,32.68283852311463,1.255238274076056,37.754503566590174
NBEATS,72,0,9,1172.376928715278,1190.413467966822,11.57108052302687,12.301322579031277,4.9630315697774305,11.60766009320097
NBEATS,73,0,2,31.38703070746528,35.44839042370717,1.8078070242976017,1.827063692256127,1.4441885294845986,1.8136967985052166
NBEATS,74,0,8,1911.6037154947912,2279.5323311788798,69.52054194226179,38.619257467652915,0.9750190433779037,33.736476633525506
NBEATS,75,0,0,114.53120116059027,144.91645688283475,11.096304531259095,10.160098725729224,0.8300002489628063,10.321808304356441
NBEATS,76,0,2,96.54375220052083,120.22079504611568,7.487160214660698,7.627496441331911,0.38978103944916886,7.602335670590922
NBEATS,77,0,0,234.70135837131076,292.83094033734943,26.965198463756185,26.238744929434827,0.5290874995912482,26.354488151488418
NBEATS,78,0,2,415.88984002343756,441.49358865627187,23.958175974028705,21.006240966232255,2.017752800499896,23.0574112817154
NBEATS,79,0,1,110.45206841362848,129.78164674689214,8.921119285540573,8.612507606732008,0.49728209829636094,8.744419028641767
NBEATS,80,0,2,145.6626064474826,158.70076007957974,8.518045386770174,8.43830376312289,0.6991828575701002,8.478466793716983
NBEATS,81,0,1,86.37055799696181,90.27716881072794,6.802278602630796,7.062873325851962,1.879771594435595,6.835216724314409
NBEATS,82,0,4,499.5064371744792,587.0565753473335,22.453222946868056,21.74488702641994,1.0225107391972326,20.97345938475945
NBEATS,83,0,1,156.4493318684896,201.3792335138842,9.926684330501379,9.284431961525003,0.8923298460049466,9.158617266422919
NBEATS,84,0,8,350.52215711805553,434.95502951506825,5.158661715044056,5.004099079705661,0.22956920609465936,5.000363633292597
NBEATS,85,0,5,348.29732745225687,423.2262470179121,11.482926633038325,10.68213813527034,0.6851035276196703,10.633049488355953
NBEATS,86,0,5,940.8446916883682,1043.6267204381763,35.61893259796291,28.928196293697912,1.3400497384768226,32.49307632973667
NBEATS,87,0,5,665.891723220486,743.1381280626359,20.61700643504743,18.120965607972266,1.1536880099657811,19.241679361947774
NBEATS,88,0,9,2763.321223958333,3009.262542110356,29.509166070842497,35.404306008304545,2.118955121375449,30.875634108631306
NBEATS,89,0,7,1063.0704345703125,1359.4415970167142,14.300075351913538,14.963336249983353,0.8603987330155406,13.400047494583772
NBEATS,90,0,1,87.92230088975694,102.00102834109036,6.949425325988338,6.637980479438394,0.5453014028953425,6.762736594147818
NBEATS,91,0,5,292.67963324652777,401.72810493479386,8.230383764318514,8.857134263496249,0.3917011925394964,8.898922647054599
NBEATS,92,0,7,601.8993787977431,731.3877489257678,26.103431394136628,22.63790219331047,0.28585559763965895,22.467361962841313
NBEATS,93,0,1,156.99429807725696,191.94157729013028,8.895813618166748,9.51410115803679,1.6282974382235749,9.168718226923737
NBEATS,94,0,6,2917.3833800130215,3361.2202381756865,38.59243098574962,48.29644259288486,4.115127980520806,41.37515149048664
NBEATS,95,0,8,532.3000759548611,547.4498094817483,5.843870748522002,6.029466145966884,1.6533071786661337,5.8637707265529375
NBEATS,96,0,1,126.18497179904514,145.52717480426577,9.476735820029688,10.079150858421334,1.1512827369545933,9.750673758741835
NBEATS,97,0,1,180.486461265191,207.98488265857122,21.04811741849074,18.370137184610627,0.899161247184059,19.589450207958507
NBEATS,98,0,4,210.3863124652778,216.2878329241875,7.502827134976011,7.810711728951851,0.9628696841294326,7.536128502424261
NBEATS,99,0,5,2453.6808268229165,2851.7118861507784,32.67575744228106,41.40967732501284,4.056258907450877,36.47089585698803
NBEATS,100,0,2,1109.2867924262152,1206.6405579882492,43.11767458405988,56.899300852893,11.112486951379214,45.783493651084314
NBEATS,101,0,9,242.25032552083334,289.7029627832504,2.467544678641199,2.4963874881002237,2.9602891102342164,2.4850435170541973
NBEATS,102,0,9,197.92550998263889,232.54421985017242,1.9196552616653952,1.9451370567128718,1.3646897953296178,1.9383030634361247
NBEATS,103,0,3,105.78487277560765,118.78356757839057,5.20897157650512,5.384097354584011,0.37772882256683105,5.277018545815909
NBEATS,104,0,7,1387.0244737413193,1569.2437966014732,15.701705111438521,17.40322428350356,1.1797202669975686,16.23127271928101
NBEATS,105,0,9,490.5040690104167,512.8775234270869,5.217396690651532,5.369910452554672,1.4744611292898295,5.2429176022491095
NBEATS,106,0,3,826.9404045138888,939.2998189005118,64.1167986004144,43.938769890991416,3.159093488121504,49.29903870296493
NBEATS,107,0,7,1491.6628960503472,1623.523703402909,16.760673741768954,18.537745720245255,2.4833455539128977,17.222535040991822
NBEATS,108,0,9,378.4523111979167,473.8754581341421,3.347511793988281,3.4311352623969755,0.6572558692117436,3.418479882755653
NBEATS,109,0,2,212.0117191297743,230.37556029190046,11.008860973260807,11.761876072038064,2.1306711155568014,11.167060538380397
NBEATS,110,0,7,3142.4126790364585,4290.927085683231,25.58460948877121,32.20166171796039,4.178087658954337,28.93033215831761
NBEATS,111,0,5,217.9380848524306,299.83120012438843,7.83919979144516,8.338685150187434,0.27388284967253457,8.32738185321548
NBEATS,112,0,9,420.9214138454861,461.4704354471411,4.823038711788835,4.96567737877702,0.9188818849229089,4.864300264651641
NBEATS,113,0,9,275.3957248263889,317.1329992557918,2.684601706347331,2.697677164761715,0.8771165208511701,2.6999580865332247
NBEATS,114,0,4,156.3779940321181,201.98607080699,4.840328369396793,4.686141010966469,0.5148204345054546,4.653976149113079
NBEATS,115,0,1,169.63043891059027,199.8777411908846,8.064879339939662,8.505669740595701,1.1834681784459786,8.455685129854958
NBEATS,116,0,9,308.77056206597223,346.96217494012285,3.2405892767974813,3.3076393906192214,3.777780123156267,3.2670292247751584
NBEATS,117,0,8,587.3168402777778,594.4449855815449,6.509286649574514,6.733369109656947,3.089190197126961,6.518178363997336
NBEATS,118,0,7,1450.8994683159722,1517.8934075455918,14.508994683159724,15.768798845453347,3.0871077228771853,14.508994683159724
NBEATS,119,0,5,2133.5361707899306,2218.083824589612,27.256350455697408,31.803937599155475,2.183727080603393,27.656321550665492
NBEATS,120,0,8,452.97547743055554,501.03218058688964,5.019882628756351,5.1770539300278005,1.6466646054475762,5.074818471590308
NBEATS,121,0,8,495.05414496527777,544.2599524054947,5.763436739975618,5.567520748982337,1.0968703359644265,5.693913488418531
NBEATS,122,0,8,253.91167534722223,274.8090841141625,2.8087834875545608,2.8555695881585232,0.5954776626341985,2.818109604297694
NBEATS,123,0,0,43.91181648763021,46.216925898559744,4.13791070879089,4.234324676384501,0.8647465147220114,4.153757267854044
NBEATS,124,0,6,355.8476453993055,405.4297185351567,3.224217866034254,3.19182877721578,0.23246150590378442,3.193923769360358
NBEATS,125,0,0,98.90735832769096,135.29047885495012,5.935469698891927,6.277592629618432,0.8487616287265773,6.085299537321405
NBEATS,126,0,8,1125.6955729166666,1259.730000474036,9.883628630147975,9.301698902119531,1.1666342501963751,9.605598576926958
NBEATS,127,0,6,636.2197265625,698.7785125981973,8.200172663729065,8.628076598899133,1.4818782450989907,8.221073279343145
NBEATS,128,0,6,1488.2993543836808,1588.283444471533,20.640779050754105,23.318627120460015,2.581316322695528,21.037057460909956
NBEATS,129,0,2,92.34999896918401,113.08977773139972,4.505839275367912,4.661603409024302,0.5323062884606947,4.559103155984718
NBEATS,130,0,4,282.85814438259024,293.8391981333447,8.904247716933185,9.350020770147376,2.413803341835776,8.967526893343216
NBEATS,131,0,7,621.1890733506945,647.3675189151002,9.249508166977161,9.73400570215157,0.4404924424065161,9.31007770217527
NBEATS,132,0,1,18.475931803385418,19.89929067081679,1.5704950511919606,1.584903964775444,0.34427202118109473,1.573163540496393
NBEATS,133,0,7,522.4737413194445,549.3566281257263,6.238087419270229,6.458601478921549,2.0146802364503,6.273867474149434
NBEATS,134,0,2,59.401756835937476,85.99350870261189,2.5751635144514635,2.642648425464043,0.4147825310877152,2.6297190662788017
NBEATS,135,0,2,953.6094353298611,1058.3042068362022,43.30633184083727,33.654112836882746,2.9096764609146546,36.89026696454776
NBEATS,136,0,9,236.70958116319446,290.0050925685535,2.307191332110553,2.339419854536255,0.8016869184521145,2.3354888623613212
NBEATS,137,0,9,194.57324761284724,267.44374279734996,2.6346570621051923,2.5991961684379272,0.0972822179088734,2.6067858521645078
NBEATS,138,0,6,1953.8947211371528,2182.5517873833096,23.380349202215786,27.189964742094308,6.963195351942564,24.579868595917638
NBEATS,139,0,0,33.72819688585069,34.729854912242885,3.3144117911689266,3.37357072877103,1.1646476825224688,3.3186156332421146
NBEATS,140,0,6,1730.867919921875,1827.4736192202959,20.747401112923313,23.468414139771642,4.805652611488566,20.88612416694739
NBEATS,141,0,4,1116.750498480903,1428.0640237228458,27.726100715356356,29.281976515539576,1.8218556208944676,29.47108990607998
NBEATS,142,0,5,432.15012478298615,476.43484501580394,9.102686348786097,9.622801191327735,1.857235583648425,9.277130438887141
NBEATS,143,0,9,235.27794053819446,254.6117617665068,2.3341271638123424,2.3197271495282967,0.5248373330638424,2.3268351929802153
NBEATS,144,0,8,636.5138346354166,748.5592420521491,6.1455918822646005,6.390028762131092,1.808277939305161,6.281730919149899
NBEATS,145,0,3,429.71270237890633,496.3231800763194,17.236151925917465,19.40223990695827,3.881296652490037,17.93037567454671
NBEATS,146,0,7,1536.2911783854167,1616.1344970869652,18.231193957802542,20.23630848624151,4.878044003255911,18.463558749924886
NBEATS,147,0,9,1526.9311306423613,1619.0803014147825,13.89975287644164,15.050922797960665,2.936764599782293,14.116618798437223
NBEATS,148,0,6,467.6484049479168,509.79756914584766,8.985650759961858,9.486730815687586,0.466078022706893,9.09520985175947
NBEATS,149,0,6,626.382516220125,674.8846525365658,10.326898859798796,10.963844054197711,1.584759262341617,10.500338669301712
NBEATS,150,0,0,13.29722629123265,15.85601912650678,1.2805158895000126,1.2917983056785771,0.8763757976052869,1.2892057570799254
NBEATS,151,0,7,184.75482855902777,191.5864872710851,3.2095452599906773,3.161189723306536,0.723558659126569,3.210676791687987
NBEATS,152,0,3,272.2740245225694,323.8617208579261,14.141648905970008,12.79338839107958,0.5922832593524752,13.351008998247128
NBEATS,153,0,4,64.30677625868056,65.33251801845917,2.6263141143336184,2.662357332289233,0.6303337474860767,2.6283423538970254
NBEATS,154,0,0,25.47675238715278,32.0928117757476,2.244301546490686,2.272594143672162,0.5114983748383949,2.266166944894001
NBEATS,155,0,6,149.86008029513889,159.72756657433948,2.5614787138893758,2.599190660476779,1.7574716231125638,2.5687853016974573
NBEATS,156,0,8,920.6563042534722,1013.3098570731303,9.187787300114577,9.713869182427228,1.7211592975449939,9.353622778440199
NBEATS,157,0,1,196.20846180555552,203.85448362787764,7.422856134537165,7.732699841262053,1.7975268133283027,7.432638124232546
NBEATS,158,0,5,68.35088433159723,80.42639206556818,1.3975988437654943,1.411229083449806,0.7456460108901516,1.4022292203883633
NBEATS,159,0,6,3352.6510850694444,3622.6488288022038,52.29859494193796,39.75646083423726,5.367756824124209,47.40668898014028
NBEATS,160,0,0,31.53345675998264,37.91608859635931,3.0282345510268223,3.0754217187414494,0.41948076649267924,3.0491003238162353
NBEATS,161,0,0,120.20043809678818,125.72185451078464,9.940166359086563,10.506693649629556,1.552291580092741,10.01674954857285
NBEATS,162,0,7,773.6573893229166,861.1479339079023,6.641738962663196,6.921218781733264,2.043857009762051,6.742112325254175
NBEATS,163,0,4,167.4952576388889,173.69106120558078,16.89967004944672,18.572015517970403,0.3187683580708476,17.044173408157885
NBEATS,164,0,3,117.61858452690973,123.40892513561315,4.973623563237449,5.1133949335618,1.1308499681669104,4.983838327411429
NBEATS,165,0,7,172.66373697916666,230.24854148081107,3.1646117397307645,3.255061391542572,0.6177493893533441,3.2273595697040496
NBEATS,166,0,7,426.1982421875,498.91414500349987,6.420586297269643,6.452766421307911,1.0124618875494908,6.38233640547005
NBEATS,167,0,1,105.03838433159724,144.86162320439456,5.0906355085046835,5.3241558708475365,0.5468801539245028,5.325687383631187
NBEATS,168,0,8,2339.7330729166665,2498.621361893739,13.952204693413838,15.131338345559692,2.2374235351961587,14.132615876677853
NBEATS,169,0,4,51.610866970486114,59.72666703054183,1.8826530335982745,1.9065520247975878,1.1434742981484947,1.8955225575775354
NBEATS,170,0,7,6918.918131510417,7344.031832794309,62.44883265682344,51.47100355080889,4.359840696845126,48.76675008504483
NBEATS,171,0,5,150.05437554253473,161.97596089363563,3.759709860925259,3.843230747869682,1.514873641220678,3.7812946377791192
NBEATS,172,0,9,140.65502061631943,183.37641665976196,1.7527525385032168,1.7427203218981835,0.2841982636951975,1.7440105265768706
NBEATS,173,0,0,90.85423787434895,112.42182866144897,8.486699007712518,8.716805636213888,0.613090936812766,8.589161143583409
NBEATS,174,0,7,2364.8552517361113,3110.733311551415,17.73773324899268,20.62807107156423,1.788336174218248,19.796946577643936
NBEATS,175,0,3,329.4760875108507,385.1073996320983,20.88307478355822,19.578836790778663,1.3329997688441415,19.264471816625402
NBEATS,176,0,5,142.86111111111111,182.00433860909777,3.224230128157616,3.1439167093312044,1.0344150902370082,3.1629766297662973
NBEATS,177,0,1,255.3751858181423,311.0064991666711,12.208345747403854,13.236372599367291,1.1516044909886956,13.033262104619192
NBEATS,178,0,8,133.68077256944446,152.91771104613628,1.5188122368558241,1.5332552125210726,0.9078351639772613,1.529528290268243
NBEATS,179,0,8,3642.3587782118057,3964.1086722342343,19.900163612664283,22.613047026092385,4.25142013348944,19.84329890279161
NBEATS,180,0,6,1818.7514919704859,2609.6202960960222,20.46910581939612,24.98830338960749,1.494007297960438,25.06013037416877
NBEATS,181,0,8,2530.3724500868057,3021.2255349004345,30.7101855955888,25.005545022299664,2.183769098326741,26.8759686679427
NBEATS,182,0,0,109.38697645399306,131.65321008905488,6.119393999755255,5.916258238311483,1.0737608032602362,6.006423160281489
NBEATS,183,0,6,2483.3997905815972,2810.4857765298875,22.77181942979076,26.45984440624366,4.607256699401123,23.942305317962578
NBEATS,184,0,5,553.0609960937501,677.8450705505966,13.762074744544513,15.308767845097723,3.461746177469956,14.704784494954337
NBEATS,185,0,3,114.07271321614583,122.69049772308585,3.4535231588372857,3.523537406293461,1.3098491519116886,3.4643892049648635
NBEATS,186,0,0,25.47675238715278,32.0928117757476,2.244301546490686,2.272594143672162,0.5114983748383949,2.266166944894001
NBEATS,187,0,4,200.47833930121527,208.0859545150068,5.061746194053099,5.20331246636149,1.3964917265412549,5.071834304176915
NBEATS,188,0,2,47.36773681640625,50.92745794655738,2.406966894258083,2.440766611297664,0.8336664513987974,2.417475014021697
NBEATS,189,0,4,180.66467426215274,199.70724542768016,3.62618154207769,3.6172474031191593,0.8985938044516949,3.6626953503763207
NBEATS,190,0,0,204.93890380859375,242.51784309905872,20.96729170319531,18.38029143440778,1.6057737615394365,19.30350742310145
NBEATS,191,0,8,1699.56982421875,2043.835378846923,52.58842831610071,34.01496645363006,1.1665343330605618,28.844292698413632
NBEATS,192,0,8,209.85373263888889,234.14326310932805,2.4450667323313007,2.469081782806014,0.8007481719806349,2.4592234293619795
NBEATS,193,0,2,214.05854085286458,225.87129414761364,10.82429345624934,11.506055864903002,0.8165400353380295,10.956727460115175
NBEATS,194,0,6,174.68771701388889,179.3675977014707,3.8025000233561834,3.8800412415028496,1.0365006862777852,3.8096597965155024
NBEATS,195,0,6,652.5725043857806,768.5041203756957,6.2176804491521045,6.4913562975522545,2.3572942005613613,6.347166716430523
NBEATS,196,0,5,160.19951714409723,184.7074169946101,4.560135052611844,4.430527941957556,1.3162210512949513,4.4922749783358
NBEATS,197,0,3,758.3304144965277,872.0976614595635,43.883045967470814,33.298992613469146,1.464277934835938,36.488795252796145
NBEATS,198,0,5,438.16100080798617,554.1825603463054,8.63847293575511,9.176594226492005,1.1133506081015574,9.075398615649863
NBEATS,199,0,8,957.9083767361111,1096.1881543279724,7.136868620709833,7.479882008322439,0.9817055507938488,7.262007225322755
NBEATS,0,1,1,82.07900661892361,101.01036875329841,8.210566743350277,7.720477333729193,0.27641199609740413,7.989088407184475
NBEATS,1,1,1,647.183477422309,746.0980986651805,30.34965511025523,37.53988961630974,3.1009770422901997,32.24147183125234
NBEATS,3,1,4,581.9481906467014,738.0955265185771,18.19558675170341,17.434233749021104,0.393876391284994,17.280114933289497
NBEATS,4,1,1,377.04636149565965,417.0407469782428,34.01085619914474,27.731895025570257,0.9862002529947294,30.99933167402153
NBEATS,5,1,9,763.8421766493055,995.4912623152069,4.625684474253262,4.700568756379909,0.2999915719063027,4.5316938627842775
NBEATS,8,1,9,3622.8270399305557,4000.093219692465,29.32844030320841,35.62524930400946,2.4966752076372214,30.152534664424103
NBEATS,9,1,4,1076.2154744466145,1286.9336453652213,27.045405721241266,33.49152768432082,2.527855842324515,27.864386151202584
NBEATS,11,1,7,1290.1786788368056,1551.3377290640167,18.42486856765728,20.603057806585063,1.121626317065458,19.396728750514455
NBEATS,12,1,7,249.45901150173606,280.8002707051742,3.845768687906074,3.7536795275596697,0.6499214360388198,3.8053101799503635
NBEATS,13,1,2,176.69647894965277,215.4116144731038,10.224260985080234,11.039007015312553,1.2066586912890194,10.694294383395537
NBEATS,14,1,2,153.35515321180554,194.09458018735108,10.981347528825514,10.40936958011563,1.7172637473203274,9.431133659517005
NBEATS,15,1,3,120.1581353081597,146.60214710210667,3.879114035968076,3.9899449543239776,0.29788674572193535,3.889612819453536
NBEATS,16,1,5,1069.4829750399306,1189.5675096532216,24.21629717838203,28.288978726910745,4.141556370662262,25.028324107249517
NBEATS,19,1,0,31.41965060763889,41.823618266446815,2.936867756240856,2.8611477414072164,0.600201719277617,2.8791615890520794
NBEATS,21,1,1,118.85404052734374,143.95387413565706,8.415546534737217,8.934028186722562,1.3520288032274526,8.706312266699578
NBEATS,22,1,0,219.57866753472223,270.2525997289601,14.650006608300181,16.35867326736365,1.6276046784918763,15.4863099115469
NBEATS,23,1,3,433.7621839735243,492.64735098650283,16.260101791012797,18.08496783602257,2.2086982750462285,16.830635771718615
NBEATS,25,1,6,531.3150227864584,641.3522992451543,8.390959574104844,8.205001010978272,0.39361085984853805,8.303959720548972
NBEATS,26,1,8,1155.67356128125,1434.8452709410703,11.130689270075184,11.342457373619858,0.6911772619775032,11.225608727336681
NBEATS,28,1,1,50.138637966579864,70.27278249758831,3.9130174606175014,4.038285585038613,0.8738183537877664,4.04271404496702
NBEATS,30,1,0,97.391928390191,118.50522446963056,6.802337408700732,7.1462731107787665,0.6421481567296438,7.023018371484111
NBEATS,32,1,9,338.3077799479167,357.6336120019059,3.539552260189918,3.6098242173037858,1.0668090528696847,3.5482694552281204
NBEATS,36,1,3,501.09500542534727,607.2055266862087,18.944111024516744,21.820078988458125,3.3709212093839303,20.10230686434775
NBEATS,37,1,3,344.6923710841729,362.6728945254046,19.668422175690147,17.72522461169025,0.6357159239830578,19.530028791026933
NBEATS,38,1,2,121.60862358940975,141.3875766018042,5.805008395771118,6.043811856858686,0.5091325490916904,5.774799895026224
NBEATS,39,1,6,283.2256998697916,302.90861877180646,4.490736751391836,4.609012865672312,0.7111344358446159,4.4989825767224625
NBEATS,40,1,2,339.8797336154514,454.2999859427515,14.46064639392798,16.46615850944393,1.4067384552772795,15.411565648861586
NBEATS,41,1,5,1042.2823893229167,1162.6765352249886,29.903185144987848,25.1139113464235,1.9294908818456462,26.42033939982045
NBEATS,45,1,3,691.8254570855034,758.9067451545981,23.491000614516608,24.464800280771396,0.49433437880429104,23.13294625200219
NBEATS,46,1,6,3904.352769639757,4074.131907255323,46.9369000812424,63.21921316550826,2.4687944913412982,46.91478628405583
NBEATS,50,1,8,378.26600477430554,441.4145041606272,4.633191811625611,4.782006790484691,1.2767959656450079,4.684376499602686
NBEATS,51,1,1,295.4109622829861,338.1301078091661,25.976234124478374,22.15335789597019,2.7839610730065356,23.174408290663994
NBEATS,52,1,5,810.9729497612848,1028.296471160535,31.685713155602734,25.633836754452776,0.7053069108744714,25.207710825384282
NBEATS,53,1,9,216.61745876736111,260.17146738110665,2.226678122984136,2.2603772700396916,0.587961673797123,2.239583146359851
NBEATS,54,1,4,80.80414679253471,94.735930378247,2.5531421412322732,2.5439191658676497,0.460306940951732,2.536862235978959
NBEATS,55,1,4,101.25729709201389,112.82284771758506,4.13165234217381,4.028062014127096,0.6154894583694142,4.1032419413548835
NBEATS,56,1,1,75.40371889756945,79.56322987728969,6.336526109458579,6.117198874371148,2.251956918396838,6.263919769040776
NBEATS,57,1,4,155.62042371961806,184.89857057637406,5.839520425694396,6.086435168190942,0.9592054333298378,5.9839944178785425
NBEATS,58,1,9,757.7982706423612,852.2975853952984,8.403731882761441,8.070470982864192,0.6189320349784876,8.012083205514497
NBEATS,59,1,4,1127.2394819574652,1209.5508583014996,31.139452776557867,37.727599685233166,3.522278150547023,32.03270009625017
NBEATS,60,1,0,492.7660596245661,579.971107694686,35.809655742044654,44.02162630185027,1.941911951666212,38.41335254440242
NBEATS,61,1,3,797.9338243524306,1149.378808970698,40.68958316584478,27.817357601003838,2.2798915951713017,25.14851059802197
NBEATS,62,1,4,351.7308235677083,429.9837516892356,14.568032536064024,13.616813776709716,0.9612366751706706,12.550136528148903
NBEATS,63,1,7,1552.9151881076389,1646.8496584183945,18.756478932610115,20.938052516732828,1.1554924870497898,18.960422385269016
NBEATS,64,1,3,395.30873887803824,459.8934076191693,20.73330799153396,23.153046938104715,0.8391699884665549,22.347153983243896
NBEATS,65,1,3,277.1886496423611,381.7912222451304,13.134476087173189,11.834933306127777,0.7285587442118765,11.732310861325287
NBEATS,66,1,4,74.96557695723472,92.81095103080969,2.5527616650813005,2.584768641716109,0.21317540620854727,2.5706993123679753
NBEATS,67,1,4,322.78475368923614,344.9995963409309,12.93366818760911,12.028807770011664,1.0714577866569415,12.639409711873917
NBEATS,68,1,6,714.3074765625,856.2894776180641,14.75105813236306,14.08758638498977,1.2408719091762206,13.728760482773353
NBEATS,69,1,4,336.83140733506946,386.9250745031695,9.618188535876262,10.181782103075664,1.0423706294704105,9.833137899934721
NBEATS,70,1,3,668.896986219618,764.8585355157576,24.467804216572006,28.846764869144177,2.032979317403662,25.971258861620868
NBEATS,71,1,0,158.33881324218748,169.63534771693617,18.639181946322623,20.831888750930815,0.6281311186330242,18.964194411827492
NBEATS,72,1,9,823.5119851736112,871.3399043951424,8.872495702501576,8.443142824942392,2.610008371720672,8.719838156053699
NBEATS,73,1,2,18.404093424479168,23.095559421170197,1.0551139689156612,1.0633443864869485,0.849804223312302,1.0601436304423484
NBEATS,74,1,8,2498.4531370442705,2683.732118713906,34.747743630601335,42.97461781553591,1.2301765880354423,35.81666393943471
NBEATS,75,1,0,319.8743632552083,337.0266767697682,25.57869847447441,29.74921107342051,2.088505200179153,26.013363103058147
NBEATS,76,1,2,204.44160089626737,242.71512469453856,13.828503460244127,15.158066272670116,0.8621742424529087,14.393751162549925
NBEATS,77,1,0,261.8901095920139,307.1261737971411,26.664654815210408,27.00344329892223,0.5998573679075396,26.247338377818764
NBEATS,78,1,2,198.15182392491317,233.69933125386558,11.962376910574408,12.328929402529015,0.7967102702649961,12.126612699525172
NBEATS,79,1,1,195.3502533637153,209.36289728538733,16.986175132334417,15.437487596016044,0.8213827990345326,16.494053369997093
NBEATS,80,1,2,615.5010790125867,664.0916284876323,27.915771884291342,33.13988882931267,2.9048193383070564,28.838372856037292
NBEATS,81,1,1,74.51894802517361,91.9077703224173,5.4163067038115384,5.640187045423046,1.582836724742393,5.588222574066262
NBEATS,82,1,4,550.5832238498265,672.3922265744133,19.97062611910924,22.47141533665066,1.1577580230863156,21.408510315600836
NBEATS,83,1,1,396.9008620876736,404.02144917137605,28.876455919619005,25.092485676506087,2.2881303034173355,28.49372876726114
NBEATS,84,1,8,541.0902669270832,595.3838429037427,8.833391231686443,8.376546385305295,0.39267107268192175,8.617245776756517
NBEATS,85,1,5,1359.1686642795144,1472.7034472808061,31.617291646067674,38.480417511726856,2.3591882074294293,32.81626514300239
NBEATS,86,1,5,667.8825540798612,701.6874406164133,21.402809761058787,24.229803979194095,0.8503678045619071,21.69578148947508
NBEATS,87,1,5,445.4572901258681,558.5824220834018,14.60798761358643,13.117421011066224,0.7492583073271565,13.687553489922871
NBEATS,88,1,9,763.2563802083333,1114.6765104126555,7.4225991092780355,8.02106146266425,0.5222544982943289,7.735061967668234
NBEATS,89,1,7,1575.8045518663193,2085.1824028046867,21.49048235315786,20.461674541928357,1.3261721476102688,18.49053581068693
NBEATS,90,1,1,101.3172829861111,132.75632877125383,8.659972012588144,8.090788870525087,0.6373501234187787,8.069682364110065
NBEATS,91,1,5,232.99962022569446,279.40052453092306,6.762002523997809,6.8047912875472045,0.2948968256043497,6.763676007557944
NBEATS,92,1,7,743.4809950086806,940.2080832658851,32.50461939061176,26.588846042411202,0.3694099312933585,27.560150562536045
NBEATS,93,1,1,206.58781954427084,218.6190842998283,11.035676372949732,11.75989319380212,2.176076359141825,11.1076042611104
NBEATS,94,1,6,2199.037899652778,2712.068409511604,24.788373476251937,26.717718990742117,2.765646243935422,25.403925575476006
NBEATS,95,1,8,166.83772786458334,184.72550990578574,1.7944084691040734,1.8091416631859405,0.5245311907491037,1.7983586451658782
NBEATS,96,1,1,78.73514950086806,93.08258779247173,5.787871776970034,5.982232670907598,0.7428800169966876,5.885160628708624
NBEATS,97,1,1,279.8917631608073,302.6965003040318,25.27784217930835,29.500335801836485,1.2841820583854542,26.044112409586145
NBEATS,98,1,4,226.03549341579858,276.8471433663673,7.4974850598203595,7.887932973956589,1.0150917053751725,7.701471838916869
NBEATS,99,1,5,1995.63134765625,2129.921531496601,25.975012369494554,30.555577868511236,2.7081265460924877,25.915420429848133
NBEATS,100,1,2,819.4974117296007,891.6883129308061,27.678292393544734,33.09916312359598,5.429510407001926,28.00470154524476
NBEATS,101,1,9,373.7267795138889,441.2509980026837,3.9672163864186163,3.915332802945737,4.55490056283855,3.8146414389931325
NBEATS,102,1,9,155.52522786458334,213.93504395546952,1.5354698688645763,1.5144798526422047,1.1134473622972645,1.5188669764109228
NBEATS,103,1,3,137.00933430989588,168.52511824380787,7.715594405533446,7.285899374625498,0.5238962003284487,7.328901475422292
NBEATS,104,1,7,646.7746961805555,811.9071630758027,8.059512693137496,7.744734357564485,0.564146425781973,7.779900690016723
NBEATS,105,1,9,176.36083984375,223.1169784933586,1.8630420093761861,1.8907520107988494,0.5320382877967877,1.868449156673043
NBEATS,106,1,3,513.1198953993057,556.6181529690258,55.73828368090079,40.99215176404485,1.7976465070616487,49.905723872334214
NBEATS,107,1,7,1491.930447048611,1698.1569461015781,14.07751960651743,15.451920460340832,2.2801201171875,14.539657848876555
NBEATS,108,1,9,530.4157986111111,614.2215164370265,5.030100554725768,4.869396712794825,0.9542183162132148,4.914973964366059
NBEATS,109,1,2,154.82360812717013,183.0312090520995,7.388248829144343,7.783130339125183,1.5333514608588998,7.5555153691846995
NBEATS,110,1,7,3775.773003472222,4192.350878017351,26.660478003468512,31.555643204728995,4.113448364305836,27.715033627418194
NBEATS,111,1,5,960.4426546223959,1131.5163525829066,25.32908101646712,30.19922433805823,1.2779611316420303,27.47420955989713
NBEATS,112,1,9,377.58827039930554,408.9159066257523,4.225085475058022,4.33146155417602,0.8481129693955896,4.251534990921858
NBEATS,113,1,9,80.77902560763889,101.54022731316554,0.8083278132500751,0.8087761916313465,0.25922604652046194,0.8086887991865962
NBEATS,114,1,4,208.8279990234375,263.1860069292937,6.755016228008436,6.4126051587586455,0.6618405746082835,6.482941240910242
NBEATS,115,1,1,238.708740234375,257.9249847452532,15.196630148013412,13.928924950543408,1.5288774993661935,14.790903009358864
NBEATS,116,1,9,106.05935329861111,142.00090898863118,1.1057254844047442,1.1115082673644334,1.2764944453473255,1.1138088444428238
NBEATS,117,1,8,451.9538302951389,588.2485564882413,4.897582286674009,4.904452993811756,2.2089096876791317,5.023197580340163
NBEATS,118,1,7,701.5718858506945,976.9578382735368,7.015718858506943,7.536903741168649,1.243921783423217,7.015718858506944
NBEATS,119,1,5,222.62556966145834,282.79512079724225,3.224173282894094,3.15409596826898,0.20141229016214116,3.14096856092805
NBEATS,120,1,8,587.6331380208334,676.8585117631181,6.044388885823823,6.2905143758864535,2.0729154333110142,6.150686153115932
NBEATS,121,1,8,806.0007595486111,927.3002364041532,8.41681157391389,8.903143472036962,1.6120015190972221,8.589706140837775
NBEATS,122,1,8,85.34950086805556,101.36146703436731,0.9498580586527747,0.9457676698459156,0.21115789768822543,0.9490307731807512
NBEATS,123,1,0,29.394280056423618,33.511210498506976,2.695574723220522,2.7390096959225536,0.60132430857428,2.7224685853906463
NBEATS,124,1,6,1107.8952256944444,1327.8203862199427,12.026854085302583,11.068960936947697,0.7407248803486794,11.138860763081887
NBEATS,125,1,0,222.97068565190972,263.1260328609319,11.987045332953933,13.049235205761248,2.0156801938008018,12.402545958466519
NBEATS,126,1,8,291.72180989583336,412.1284450937832,2.9276484220473264,2.849078213089685,0.29013866197938065,2.783638995876752
NBEATS,127,1,6,753.939697265625,845.8060016614921,9.209457162170299,9.772788791401705,1.8449883830367257,9.327089038337629
NBEATS,128,1,6,1464.079806857639,1726.8700560455807,17.235924203198334,19.520832660188354,2.3642922238020914,17.911302375019538
NBEATS,129,1,2,82.99633951822916,105.96835099385872,4.293798000322916,4.3213399647394715,0.4674076386645806,4.2436381573870765
NBEATS,130,1,4,130.93310541152087,154.62759900866575,3.899167170940198,4.00309438007157,1.0797304929120206,3.950978236942642
NBEATS,131,1,7,493.6209309895833,772.074498967115,6.565694011116152,6.874270368467881,0.3700755181216869,7.0798221177788845
NBEATS,132,1,1,34.85077582465278,36.279321520685606,3.0217108446308285,2.972999463071334,0.6681450513128698,3.018835249488691
NBEATS,133,1,7,412.23334418402777,465.4523979960861,4.691758795166816,4.833943698133762,1.6146470444345382,4.7395249075833545
NBEATS,134,1,2,62.83891547309026,80.457685102169,2.686543481244662,2.746177253225064,0.45915543952571325,2.7206968755430836
NBEATS,135,1,2,501.28730338541675,547.9507250691513,28.039748938462157,23.88125802253301,1.3296622308493746,26.75456552347457
NBEATS,136,1,9,97.15077039930556,108.89482355388547,0.9694814332349755,0.9714628812843453,0.33295946811871596,0.9701548769146912
NBEATS,137,1,9,201.13728841145823,248.51294058175407,2.7504199716074518,2.743751693254372,0.10419767558351013,2.7473663936146826
NBEATS,138,1,6,1026.1619194878472,1100.7669021434558,11.326886978820049,12.121634331160577,2.61452181174091,11.348280056266281
NBEATS,139,1,0,22.878641764322918,25.358667511789974,2.19707725072349,2.223831627524224,0.8273080280848912,2.2096665330139644
NBEATS,140,1,6,1040.459228515625,1165.5298018916212,12.489048206772743,13.564500373579854,2.369700052292753,12.463574850450707
NBEATS,141,1,4,929.1446200086806,1203.01348118285,23.183169116426043,23.842275594818606,1.4349752518612,23.44034924490256
NBEATS,142,1,5,326.7231336805556,363.67835191939264,6.4200846809655046,6.683016433803639,1.4259408206508315,6.504225972448747
NBEATS,143,1,9,111.24479166666667,136.786284569451,1.1088410433879552,1.108738335714707,0.24603777987847658,1.1081323567661496
NBEATS,144,1,8,461.8474934895833,530.427585278415,4.44368999528406,4.517823600887402,1.2330140729286831,4.505829204776423
NBEATS,145,1,3,410.6887462473958,460.4503086891855,14.321397009355097,15.694290422572147,3.51627637563702,14.721677478185057
NBEATS,146,1,7,1579.2169053819443,1802.7996042111613,15.921681299170313,17.72088997532402,4.161918637902635,16.5437131797693
NBEATS,147,1,9,620.8198893229165,691.5698011507056,5.334976516076775,5.516423518281458,1.0342401532478618,5.37266062214233
NBEATS,148,1,6,192.53247612847224,215.1656875597949,3.6862516441566364,3.71956808457111,0.1991707986096054,3.6804726462356134
NBEATS,149,1,6,209.11744955015834,296.17776424909613,3.358031042213166,3.458244826218658,0.5330015854561025,3.463036745952163
NBEATS,150,1,0,16.04274020724825,18.87778526116344,1.5587148286350465,1.5425942447227345,1.0227492735311512,1.5554501682222923
NBEATS,151,1,7,62.506564670138886,75.26363153457248,1.1044678299848678,1.0978516055085585,0.2379212877942435,1.1063217574042026
NBEATS,152,1,3,276.47719048394094,328.91846353782444,15.971077198184453,14.469807732336577,0.6104637511029832,14.848009208228621
NBEATS,153,1,4,81.9696044921875,89.56319078195826,3.45104763415948,3.380803783860184,0.8433913250053588,3.424913836720926
NBEATS,154,1,0,19.289842393663193,23.193512319406313,1.6821310147994772,1.6947363723696527,0.39405320064876176,1.6894568075415408
NBEATS,155,1,6,64.33251953125,80.93172300907233,1.1075227886834282,1.0990021871973317,0.7755697872391809,1.103684094131243
NBEATS,156,1,8,498.72406684027777,646.5429442218675,4.676966614988689,4.833643417693597,0.9329014394888917,4.8183313848558855
NBEATS,157,1,1,90.02454589843751,95.67778845799316,3.4270116364160566,3.3762745357316577,0.8429481004167104,3.422234584230868
NBEATS,158,1,5,63.20396592881944,80.00604741655813,1.297226674605713,1.28468210282249,0.6806133468634952,1.2920742608957978
NBEATS,159,1,6,995.8815212673609,1422.9302516613502,12.908093203622045,14.570071354742776,1.4402254476048952,14.735571866910725
NBEATS,160,1,0,54.80756089952258,63.040707342473524,5.075982086746103,5.248066606499918,0.7470471008243649,5.130486383471786
NBEATS,161,1,0,141.5632025824653,152.11025878929632,13.151074328203737,12.20336974910497,1.7885341192176294,12.794296334061595
NBEATS,162,1,7,967.4766710069445,1115.5831745344497,7.553383687622399,7.948937257336507,2.55492752831518,7.711025539375221
NBEATS,163,1,4,72.00414266493054,79.26456019293633,6.869207333217492,7.16415828144914,0.13954851207711158,6.936501984738282
NBEATS,164,1,3,61.927408854166664,78.88970711453788,2.5280584789239535,2.578469537720403,0.6086104020107098,2.5566361453555047
NBEATS,165,1,7,286.31426323784723,325.4897957580147,5.009967198694723,5.176522920004406,1.03057279799502,5.063028527636556
NBEATS,166,1,7,434.1129557291667,534.7315504705344,6.587992544919976,6.6423745309390725,1.0198209118716932,6.5941208465189876
NBEATS,167,1,1,239.18192599826386,319.37048701823153,10.568525466644866,11.447506123302343,1.2649305091671665,11.181613841484047
NBEATS,168,1,8,1795.7345377604167,2018.571414526792,9.732584250571717,10.365719114807593,1.5759924947879504,9.899914756412711
NBEATS,169,1,4,43.714599609375,52.10747735550833,1.6122882115938943,1.5953801853608534,0.9480274614081324,1.6061702244718308
NBEATS,170,1,7,896.0247938368055,1354.8776231815375,11.925717302751886,11.946028547018434,0.39484478152056274,12.85954894678879
NBEATS,171,1,5,72.54942491319444,76.93352325725465,1.8212435519365584,1.8167337206479777,0.7365104307890455,1.822341122575356
NBEATS,172,1,9,165.51736328125,203.1585637466073,2.0653899817142163,2.0659855631151096,0.33507133378445897,2.062291660696408
NBEATS,173,1,0,60.29053412543403,79.244899936306,5.691506146447542,5.666868342774164,0.4198399804217803,5.696743381930775
NBEATS,174,1,7,2715.664377170139,3108.360569940118,20.037793646541672,22.906840448623004,2.08923260863564,21.127025815630216
NBEATS,175,1,3,566.4306662326389,763.3763658314557,21.823060959461323,26.108002262524217,2.1914261623496385,24.509484656529537
NBEATS,176,1,5,121.98301866319444,138.52210947249165,2.7919811896813,2.742578699655038,0.843250409665805,2.7779533602448128
NBEATS,177,1,1,148.20401068793404,189.01462016304794,8.783598028805358,8.223981407667363,0.6658676824283605,8.072236000855776
NBEATS,178,1,8,126.62098524305556,160.69212521537384,1.4422854576770454,1.4359569553094587,0.8494641785227924,1.435973874984249
NBEATS,179,1,8,1374.8236762152778,1913.8655354791754,9.021519582151216,8.408998001467399,1.4544332008040008,7.948667880332313
NBEATS,180,1,6,2845.40132921007,3155.863321353166,31.50151676616299,38.53511489011387,2.361108269360779,33.33554015404774
NBEATS,181,1,8,703.7258572048611,760.6170267144142,9.125473586468921,8.658189031840896,0.5940859627383065,8.9837343472961
NBEATS,182,1,0,496.47740342881946,558.2635438604215,22.14852232449102,25.665150986144063,4.807313434597093,23.206505652493572
NBEATS,183,1,6,1685.0849305555557,2436.2304797434945,13.411615368061069,15.27309716420027,2.7789041164404007,15.043151408655897
NBEATS,184,1,5,697.6423404947917,746.941115080408,15.962542208044479,17.5561443252941,4.161265026433287,16.135924434398973
NBEATS,185,1,3,60.763875325520836,68.88675806219685,1.8564290335612714,1.8602542087151206,0.6794966324225031,1.858759335620847
NBEATS,186,1,0,19.289842393663193,23.193512319406313,1.6821310147994772,1.6947363723696527,0.39405320064876176,1.6894568075415408
NBEATS,187,1,4,83.05510796440973,96.00174130856921,2.102150171992108,2.130547955143648,0.5919858441569259,2.1079976640713127
NBEATS,188,1,2,42.96922878689237,45.73751391321776,2.2241561125052725,2.1964472384598137,0.7853753326766101,2.220842394381502
NBEATS,189,1,4,157.75246440972217,172.71130368941274,3.3659034369868412,3.3140621328453808,0.7476071823790379,3.3334487228682685
NBEATS,190,1,0,114.80321248372395,145.37559874599432,11.655659738865738,11.09784180555397,0.8634912113747145,10.939427340958344
NBEATS,191,1,8,1283.5332573784722,1630.6500454312982,35.72992132604832,24.575046652572542,0.8827743514930568,22.840927961258032
NBEATS,192,1,8,317.5457356770833,408.8892168994739,3.501311549582251,3.603494795276458,1.205283084321776,3.577308325314495
NBEATS,193,1,2,112.12477376302081,120.8817964482256,5.431993159189112,5.609107218891659,0.43464710751774466,5.444650534698741
NBEATS,194,1,6,89.24810112847223,103.46841963240298,1.9150485454670494,1.9313329445840486,0.5541154093783995,1.9209434769188918
NBEATS,195,1,6,343.44607391469094,430.8720267023905,3.4657373085394556,3.382093185857911,1.2301803513455263,3.3742826263153067
NBEATS,196,1,5,32.80339898003472,38.227732166458665,0.9417532078881045,0.9429393088524527,0.25958726281123184,0.9433794242540742
NBEATS,197,1,3,837.9340657552084,905.7374090176513,53.2871112723963,40.27544469222779,1.6026070723116241,47.02416611148308
NBEATS,198,1,5,309.37924362604167,452.1434320778071,7.006221550621652,6.619151729135806,0.7863491214716736,6.477395024291395
NBEATS,199,1,8,464.3923285590278,550.0889033102535,3.3756184341123534,3.455404984851652,0.48367511646487166,3.4120082346641394
NBEATS,0,2,1,85.51938205295139,93.45033335526736,9.372081557291626,8.937158433718334,0.3336848486842915,9.072604921041581
NBEATS,3,2,4,608.102552625868,644.2661164956613,23.832733770608414,20.956278015525193,0.42451123842168403,22.729265321633438
NBEATS,5,2,9,1944.5532769097222,2305.849834307961,18.341421458466336,16.114326095422175,0.7559567165019853,15.954218052042027
NBEATS,8,2,9,2396.5868869357637,2800.9051226194674,18.849463124700815,21.72297504337885,1.5584308226843648,18.79839810216304
NBEATS,9,2,4,1308.7452935112847,1438.5530457799227,30.33529646856168,37.23991831404837,2.603272712974784,30.66573194897569
NBEATS,11,2,7,3158.520922795139,3954.705025057221,31.755154440469795,38.60550993710352,2.710640458483574,35.15402547777869
NBEATS,12,2,7,231.95931532118044,248.97934385860626,3.65899923524994,3.5830021210845913,0.6690447896019075,3.6391927487359492
NBEATS,13,2,2,475.8009033203125,545.9962921130913,22.78278001523254,26.655322400578584,3.227501053418429,23.9527240837511
NBEATS,14,2,2,103.55035546874998,129.50342350226876,6.578850700759202,6.603973497487442,1.2308816767705508,6.2663793393199985
NBEATS,15,2,3,295.05317925347225,410.77284217761974,13.013497383673784,11.495963242782754,0.8686434667539092,11.023409057829257
NBEATS,16,2,5,898.8890357890625,976.2609849552355,18.73880947455716,21.051915863656536,2.5781561379151783,18.96238063163757
NBEATS,19,2,0,71.5806884765625,74.89421277307966,6.843869461849048,6.595895862729488,1.4794100957000198,6.80784313948074
NBEATS,21,2,1,207.24595404730903,242.51559680592993,12.984290075180724,14.17763535985865,2.261181755243504,13.51814656939872
NBEATS,22,2,0,362.86534288194446,391.16120735077044,20.795974949519824,23.591228931227302,2.5498645716028525,21.281037963883094
NBEATS,23,2,3,301.95366210937505,354.89496788106,11.105059081976915,12.019981019049425,1.4369041394485282,11.260718422198272
NBEATS,25,2,6,784.9741753472222,1001.18731233719,11.907327409858185,11.765796310545186,0.6235664087695624,11.993493893769628
NBEATS,26,2,8,1165.4648425243056,1626.968481504423,10.594733558333902,11.368854875027651,0.7338379328461425,11.184634407880905
NBEATS,28,2,1,55.758341471354164,63.91413365313887,4.286662489473474,4.346865735334091,0.898213679216362,4.337295360779494
NBEATS,30,2,0,172.64266509201389,252.34072200320253,17.03960666164568,13.920398905695153,1.1910197002391918,13.588169353864995
NBEATS,32,2,9,183.29383680555554,246.8011861286877,1.875607811228748,1.9072589815662326,0.5642036018481978,1.892988159102645
NBEATS,36,2,3,758.3777653537327,846.7411832286734,24.0703201023286,28.210745530733504,3.8574511121613733,24.85714584205502
NBEATS,37,2,3,168.47797309027777,179.20907590388862,8.859225418103696,9.320858010701476,0.28876736104906436,8.964243321386343
NBEATS,38,2,2,91.84762641059028,102.29454126699423,4.619656548089939,4.489062259463821,0.447220514134666,4.554089022002841
NBEATS,39,2,6,96.11891276041676,107.4095424811046,1.5644441767060608,1.5575970166068756,0.2311600392389041,1.5477864243198358
NBEATS,40,2,2,358.87492241753466,391.5016350752215,14.406827378802964,15.729615136292777,1.6024564190590644,14.72643690596832
NBEATS,41,2,5,219.43678114149304,301.8282926187701,6.623036062571945,6.458337084487637,0.34656203769654326,6.562322745550548
NBEATS,45,2,3,632.3203287760417,669.8056752284933,29.318341689306383,25.090825923758782,0.46485903369813086,27.55121702286965
NBEATS,46,2,6,789.7615831163195,1051.393610297305,9.228836302543655,10.037828251824271,0.49831992816134885,9.477138997395834
NBEATS,50,2,8,395.1162923177083,414.511325072512,4.6888757173790845,4.812786947372179,1.3313648721729643,4.701588723288657
NBEATS,51,2,1,92.58579090711807,130.4859510397813,9.186049366350533,8.482169805934754,0.7812219727753725,8.358081104165263
NBEATS,52,2,5,1144.7629397243923,1517.6905118462157,26.193785341450916,32.17082598673921,0.9643347278693234,28.825173483516952
NBEATS,53,2,9,298.9720052083333,339.85094724273114,3.011554459925268,3.0710592798889524,0.8640016664277522,3.0267132135826773
NBEATS,54,2,4,88.01741959635417,112.34347253609423,2.6087866682326086,2.650444438270845,0.49569405007518214,2.6647431117693805
NBEATS,55,2,4,55.12108289930555,64.77457568509669,2.18232345124696,2.2154794623873735,0.3441482803286507,2.2012625954835685
NBEATS,56,2,1,28.486992389322936,33.09300227509402,2.372872502450081,2.373036587574042,0.8061409454953105,2.3693749674697844
NBEATS,57,2,4,256.58078884548615,303.9313215157305,8.867724843809587,9.44545703573004,1.5700734583317089,9.079773832492387
NBEATS,58,2,9,1279.4613535069443,1477.4084857811154,17.333416582143542,15.470999614028544,1.0844908104838835,15.634098761880514
NBEATS,59,2,4,365.38204399739584,411.3061359560599,9.278563211506924,9.855415929630116,1.0292219725524867,9.348500871401754
NBEATS,60,2,0,716.3225175509983,811.328843878906,38.647186518393916,49.47617041335182,2.649731442240658,40.95117581868007
NBEATS,61,2,3,610.0450612109375,631.8145763574067,35.572319184690976,29.764469658952265,1.716840539788774,34.62238423573609
NBEATS,62,2,4,273.41643174913196,343.66522018978293,10.800836787765203,10.497807059807798,0.7374656691543527,10.314768421008852
NBEATS,63,2,7,1417.2474744357642,1691.8342039702995,23.907529386899228,20.225474633624316,1.0726579295675205,21.220653087430684
NBEATS,64,2,3,383.6109347873264,423.9137930614009,17.666724777977823,19.75960789775942,0.8551403589494695,17.9866808011875
NBEATS,65,2,3,355.2399872230903,476.8292803019526,17.155167602750865,15.138468580814946,0.8572678084446776,14.824000654487438
NBEATS,66,2,4,131.78721788194446,171.5632279810644,4.412517410733006,4.511908663178884,0.3598601105792385,4.502125492266085
NBEATS,67,2,4,93.15104003906254,116.88886618526533,3.98927656154152,3.864823177156452,0.31008829302676705,3.8648150874849247
NBEATS,68,2,6,1284.6268927951387,1599.556134658796,19.252675247016807,22.25936182492613,1.9098624995007905,20.795566257996644
NBEATS,69,2,4,299.99743956163195,383.40499304628617,7.98404138808773,8.354133238100331,0.9173805606828261,8.360876132399374
NBEATS,70,2,3,256.8700141059028,321.36624191372414,9.052187233496136,9.74568354443611,0.72926994845692,9.08686465179117
NBEATS,71,2,0,74.86435851888022,98.02835611584285,7.64631344691446,8.056675293569663,0.3060724669516689,8.072086122449633
NBEATS,72,2,9,246.16913784722226,297.5000276239156,2.655692860494428,2.6533480971591725,0.7302938450244598,2.647443883667434
NBEATS,73,2,2,22.117472330729168,31.082630896988732,1.2541219946832738,1.2692251208598189,1.0440545944940476,1.2650201835122017
NBEATS,74,2,8,1922.5489858940975,2019.045477071023,33.96917783856446,28.614637735544147,0.9050641919487505,33.4687449888529
NBEATS,75,2,0,43.302582258680545,52.9484593119378,3.26485104954928,3.334377479408835,0.2775804671179445,3.3243275109102797
NBEATS,76,2,2,200.88682197916665,233.27339198277883,14.008918079590641,14.435585742182164,0.8721226581050442,13.770081568111618
NBEATS,77,2,0,341.32184516059027,509.49252356921943,29.041454263594908,30.51575372256882,0.7948433113763325,31.393935681607694
NBEATS,78,2,2,415.06430155902774,426.855825770269,31.689416299455164,27.035462136221945,1.6753040334125375,30.795711460358298
NBEATS,79,2,1,112.4929372829861,127.92988666150708,10.340520860765372,9.677653340436722,0.4972542903504216,9.900363677092686
NBEATS,80,2,2,246.99134319878462,270.6288518639081,10.324556626022602,11.004651677409388,1.080619921433222,10.40174902658367
NBEATS,81,2,1,69.21732584635417,74.28361813075607,4.906589625327333,5.048465408396377,1.468181827051472,4.935281700274807
NBEATS,82,2,4,374.96997553168404,432.1358503688564,18.325244149999463,16.83197683562473,0.8030667471904077,15.404638677453836
NBEATS,83,2,1,52.700974934895825,57.42312346836366,3.800532049192241,3.887154041938714,0.2619751452966489,3.8281765239707575
NBEATS,84,2,8,285.0733832465278,313.9487438044533,4.869768523377795,4.728868276443042,0.2180756317738915,4.834000842611818
NBEATS,85,2,5,360.67116714409724,406.8898802552257,7.821430415165271,8.16065541755954,0.5956292548761597,7.833157734106738
NBEATS,86,2,5,190.57955043836807,227.28579072189555,6.308039305526715,6.03426783913004,0.24631316347778848,6.094111995333798
NBEATS,87,2,5,493.7842921875001,547.2608061170066,13.274903927746601,13.297253157925,0.8377132287877536,13.236086066965402
NBEATS,88,2,9,930.7618489583333,1065.1994664680144,9.615361270023616,10.235047032189131,0.636964907671741,9.895019851359539
NBEATS,89,2,7,1355.8381890190972,2097.729403648598,15.188982830022397,15.79615991509365,1.1298651575159142,16.29178064241906
NBEATS,90,2,1,339.13516167534726,404.45001883823653,21.095207791417497,24.547956740784304,2.216994444718386,22.96169389220975
NBEATS,91,2,5,205.9691840277778,261.85274539634133,7.359466341118413,6.97353118889313,0.27041697156198224,6.904766477632511
NBEATS,92,2,7,1145.0863254123262,1322.2531885586122,59.40035089499276,41.06061141781666,0.6203466498126315,48.16323760006233
NBEATS,93,2,1,24.593913949652777,29.894428223747248,1.3094499846842962,1.315781448486578,0.23691780729807252,1.3119476426994474
NBEATS,94,2,6,3837.2890661024303,4323.966254663231,36.92096343031272,39.915392372463444,4.082315371422605,35.99719884749418
NBEATS,95,2,8,240.76746961805554,300.8759673993672,2.5082257645255672,2.55820418891681,0.7804656848951633,2.5330612269127357
NBEATS,96,2,1,63.27456974826389,76.25028258482784,4.81694663605557,4.750187599430234,0.6064278001826745,4.7636449606686595
NBEATS,97,2,1,123.04406932942705,163.03193887819677,9.187150332639508,9.906799005866999,0.5699254667992893,9.707005457975434
NBEATS,98,2,4,407.9908897439236,457.55662349645274,12.2736406487605,13.284850799753297,1.9415994375521668,12.520985060101896
NBEATS,99,2,5,994.2640245225695,1218.669657778468,12.549212476301596,13.855059592830008,1.2234367845217529,12.785221061156058
NBEATS,100,2,2,745.61609250217,944.8659796343642,21.612994050323415,26.084959431141197,4.021291762264733,22.81910650361114
NBEATS,101,2,9,485.7922634548611,553.1211313126996,5.086571285784098,5.015041611042669,5.805883222827518,4.8926331486084615
NBEATS,102,2,9,200.51405164930554,224.29010131025606,1.9744906669760767,1.950962412211844,1.4894742566162553,1.9621370136114056
NBEATS,103,2,3,146.5424289279514,189.98731192865816,7.320178584076702,7.760862770550346,0.5874286987006258,7.735309427492207
NBEATS,104,2,7,1556.9036404079861,1817.9834391568534,15.631124289620017,17.402812179861765,1.358842308452459,16.466448710790903
NBEATS,105,2,9,206.76117621527777,265.8335319594037,2.136085673163476,2.1715203691567257,0.6447391516390383,2.1600122877974464
NBEATS,106,2,3,351.86100640190966,373.2164384758362,54.405955319970104,41.34685179434078,1.077473306096954,50.8125160425063
NBEATS,107,2,7,2420.2726779513887,2782.0117328484603,19.996625965308258,23.018331408193898,3.360953279836725,20.530116966599905
NBEATS,108,2,9,594.2471788194445,695.2957867879611,5.94070929891494,5.704411515571496,1.0975142138430702,5.803132137644991
NBEATS,109,2,2,181.70113856336806,205.38687110162266,8.095809533227099,8.533899638288878,1.7414137139547168,8.21555685077877
NBEATS,110,2,7,6240.772916666667,7403.36219674277,31.467244190131687,39.58508927699444,5.397468793982337,34.6684675145275
NBEATS,111,2,5,1159.5596435546877,1213.8863673725455,26.303540835827853,30.694259230088644,1.5591792007153138,26.602302691873312
NBEATS,112,2,9,457.6984592013889,525.5565243396652,4.888961771283993,5.050542292924724,1.056745775792387,4.946605983563495
NBEATS,113,2,9,202.61284722222223,225.04686936813692,2.0604799944890884,2.034508247872046,0.6398300438596491,2.0500456717256887
NBEATS,114,2,4,197.7695304904514,223.23097762028246,5.955520443938185,6.036908689892771,0.6322014619075271,5.982428888478565
NBEATS,115,2,1,122.34189860026042,127.41794084463683,7.7513412040840555,8.089588448712524,0.6768916520916048,7.792477617850982
NBEATS,116,2,9,213.873046875,267.12841253957475,2.182120770170888,2.218358196447695,2.6188536352040814,2.2084183362494265
NBEATS,117,2,8,750.8355034722222,1078.2632216399068,7.385511516566242,7.91898904533834,3.562731868125625,7.990964921746123
NBEATS,118,2,7,1329.5364583333333,1473.9766076877781,13.295364583333333,14.491719683703014,2.5319514901278346,13.295364583333333
NBEATS,119,2,5,467.9530815972222,505.9288756952592,7.408761525048773,7.099437813416317,0.4405510765791106,7.33228073747124
NBEATS,120,2,8,583.1461588541666,709.6968225298044,5.6470775090541245,5.89241349812857,1.909328258484184,5.741511245692484
NBEATS,121,2,8,845.9577365451389,945.2056028886202,8.175044962078745,8.609978324889557,1.6651204316612462,8.289188490915896
NBEATS,122,2,8,68.46478949652777,102.91247189708017,0.7503237846174255,0.7560135732466646,0.17879143587566912,0.7576798099830926
NBEATS,123,2,0,25.761757649739568,34.335906623568626,2.424313963429912,2.374170854527717,0.5360661922928622,2.381814171049887
NBEATS,124,2,6,1803.8829427083335,1957.2191661600846,24.130876089414254,20.98735635690688,1.2698488538060864,22.8611470945759
NBEATS,125,2,0,276.1275772265624,316.0910772710055,13.006489003132518,14.189679523537771,2.4576638621543743,13.39467562412857
NBEATS,126,2,8,377.3712022569446,411.2938172690919,3.687590186346513,3.7629407977631564,0.36921138451817015,3.714076336854026
NBEATS,127,2,6,243.18446180555554,280.35918975589436,2.8942539669244165,2.9508340938044504,0.607088900346724,2.908518480066445
NBEATS,128,2,6,1947.5187228732639,2306.1968024979938,19.206802339169275,22.09228098819206,3.022997059562463,20.08833914023466
NBEATS,129,2,2,206.4665150282118,223.7115070973077,9.776532743556974,10.171967404282677,1.2218608960320563,9.91584141010341
NBEATS,130,2,4,203.6202298611111,248.3513850002597,5.68992345556085,5.939022213743111,1.654943869122838,5.796384057538535
NBEATS,131,2,7,2256.3511827256943,2511.646616528413,23.69420587316141,27.652738274183836,1.7693567900388194,24.916761527032207
NBEATS,132,2,1,26.347513834635418,29.60853453573991,2.341602671491685,2.307351425128283,0.5257416751406608,2.328204462559831
NBEATS,133,2,7,373.13812934027777,426.85054296679164,4.101980920899913,4.214087185246459,1.420079494864574,4.138060703668906
NBEATS,134,2,2,125.5175321180555,147.56528832903123,5.095753904197823,5.2772150888056135,0.9510960333245952,5.1981611942168975
NBEATS,135,2,2,524.9291156792535,568.5213786366719,22.998599541609618,26.35700972312672,1.239521304673269,23.75542120620398
NBEATS,136,2,9,237.9423828125,260.3329769961206,2.4171771395153736,2.3825609192537165,0.8088831776127154,2.4050239721844746
NBEATS,137,2,9,247.91487087673613,307.41278560778824,3.4922878639577477,3.4154153170439425,0.13716531193327647,3.4565040264448683
NBEATS,138,2,6,752.1837836371528,1034.2647291217463,8.594724360694366,9.361038304173764,1.526987339733559,8.563112290951192
NBEATS,139,2,0,11.38193088107639,14.333941589985585,1.0996415005622453,1.0920086017008854,0.41852408565242855,1.0941826311652156
NBEATS,140,2,6,872.1233723958334,1050.901304430073,10.03203464713423,10.814700420397578,2.073703391687051,10.206507355451022
NBEATS,141,2,4,852.2324108072917,1038.4376540124347,21.262813848313865,20.789366341380525,1.2123705040999408,20.613069976694543
NBEATS,142,2,5,338.834345703125,405.7911484250587,6.208016921481355,6.493697138729029,1.3861562569247945,6.337394895473042
NBEATS,143,2,9,115.69954427083333,134.52777402184955,1.15862325483572,1.1498741196885112,0.26187439003217916,1.154833338069836
NBEATS,144,2,8,399.2477213541667,460.0593980411877,4.144606276667524,4.096510083487555,1.0034537558229815,4.125880689157768
NBEATS,145,2,3,491.3440792517361,553.6535773327143,15.628722354270183,17.345005193795494,3.6399562472747498,15.86377021846598
NBEATS,146,2,7,1549.602294921875,1843.2732816129126,14.266138479797094,15.863400108337522,3.6256780469348806,14.56994129188301
NBEATS,147,2,9,933.0629014756944,1228.045211583307,7.464584166263307,7.969313110835474,1.4752293615818426,7.717691514678663
NBEATS,148,2,6,322.3117784288195,450.1024577852466,5.743812538698857,6.049479700210803,0.3474763463622255,6.071648582421968
NBEATS,149,2,6,429.7287041441834,535.9250217263806,6.850555085208236,6.881416632409507,1.101966477702183,6.953416598433505
NBEATS,150,2,0,9.877337646484376,13.121858282962917,0.9448797230082564,0.9519435935739652,0.6516197970004978,0.9488215390844306
NBEATS,151,2,7,88.37700737847223,97.89544599345099,1.5868552728187872,1.5715615673388545,0.34566753943340717,1.5864076477048346
NBEATS,152,2,3,540.0210508897569,620.9343141417866,22.806821737933035,26.43325811779348,1.2251857768050145,24.442973185734772
NBEATS,153,2,4,81.56327311197917,83.86736135622209,3.5257141437939303,3.461070533199591,0.8676112424944599,3.5181857560882457
NBEATS,154,2,0,12.95260959201389,15.74148104207597,1.1571094445293175,1.1482582779160952,0.2691640297132906,1.1475462551373234
NBEATS,155,2,6,40.99696180555556,52.891960618024825,0.7018475102099856,0.7038081533166558,0.5116820194909522,0.7036091843058734
NBEATS,156,2,8,716.2990993923611,844.5597057076582,6.412475019214386,6.645879751691351,1.3387698822508987,6.558848198729525
NBEATS,157,2,1,145.70087391493053,163.00697297245125,5.211016287261709,5.38530049998804,1.3993589154673054,5.2884993394371005
NBEATS,158,2,5,29.209147135416668,41.135578043790105,0.5960499838593821,0.5964051816608257,0.32587075715702946,0.5958348237052358
NBEATS,159,2,6,1740.3151041666667,1828.8345342927526,20.321812131385165,22.832254771676386,2.4341130975033316,20.677625325504717
NBEATS,160,2,0,15.248038736979172,19.399114521269215,1.434484340255625,1.431044825684704,0.21090651307529235,1.4331237619279176
NBEATS,161,2,0,68.359130859375,98.36444045754048,5.635685077133379,5.97570146352033,0.8453678460467127,5.983904777384269
NBEATS,162,2,7,336.2995876736111,465.99442394228566,2.615163147303427,2.6597521817389604,0.8470232152227145,2.628139008433552
NBEATS,163,2,4,17.46947707790799,21.842150605384177,1.7476441373083378,1.761600624248571,0.03458378418578382,1.789908056743593
NBEATS,164,2,3,92.94254557291667,114.94435623325901,3.632531974382637,3.735029030832114,0.9351274523900819,3.6930812810430464
NBEATS,165,2,7,87.69352213541667,101.5986386661406,1.529010144187273,1.5449286625583842,0.3132821150931237,1.5277617096762486
NBEATS,166,2,7,443.4184841579861,531.859426705843,7.274723362263205,6.919102245112868,1.0273259929996905,7.001344486705044
NBEATS,167,2,1,1009.145971137153,1190.0332019793407,29.454330245654514,36.48648422876202,5.435706438456824,32.68885417767041
NBEATS,168,2,8,684.5657009548611,881.648758726838,3.7668344726560496,3.8823301744579624,0.586965606003171,3.87368205507309
NBEATS,169,2,4,42.399319118923614,48.20819130052746,1.5360947832102951,1.55147859381301,0.9396605858788476,1.5383748118133944
NBEATS,170,2,7,1070.776611328125,1193.579167880224,16.01489110270953,15.10239923123935,0.3951431268739541,16.10863268191078
NBEATS,171,2,5,199.77248806423611,221.87828658065158,5.327591208959998,5.15557061382088,2.0631415643913553,5.2502624984030515
NBEATS,172,2,9,302.41643120659705,351.9271636158057,3.6406501715454427,3.7313426362677786,0.6344750194904383,3.682284495353963
NBEATS,173,2,0,109.31134711371527,127.16721267105022,9.513903419957332,10.101465728311263,0.7751168249881628,9.803708261319755
NBEATS,174,2,7,3168.5378906250003,3437.14740139325,35.908373663234556,29.218273150818856,2.325396124375472,32.8266710743062
NBEATS,175,2,3,1024.498704155816,1215.9549599023323,30.00201253907937,37.04935768408058,3.785392639084557,32.953883401977116
NBEATS,176,2,5,103.18245442708333,121.52590966626566,2.3061215023362993,2.3434475755083133,0.697907170444391,2.317549512961692
NBEATS,177,2,1,355.86918267144097,372.78906458683673,23.99361542486306,21.17293638033746,1.576272524567181,23.439775498794056
NBEATS,178,2,8,119.83626302083333,145.06369433481348,1.3371816234404428,1.3500679937606543,0.8308827706630496,1.3417844826915901
NBEATS,179,2,8,2333.8034396701387,2885.704763387189,16.056897894051044,14.560668071269578,2.447975896908511,14.22429287813337
NBEATS,180,2,6,1941.8497612847225,2116.916928219889,34.720824323195274,28.11675244209949,1.509406542097636,31.128172483798405
NBEATS,181,2,8,308.9397786458333,431.66861020894,4.272501263816406,4.168246842752301,0.2529488734264991,4.076021414370007
NBEATS,182,2,0,280.9985826280382,382.8544968309423,10.931781921186289,12.122621258173382,2.6163239119715596,11.573252991270106
NBEATS,183,2,6,1765.2203211805556,2169.411602902073,15.198315507023699,15.97366638415739,2.7266864486284867,16.10896523703967
NBEATS,184,2,5,627.1686903211806,733.2953716525589,13.328603244678938,14.659050391764907,3.271050022143273,13.547475023273586
NBEATS,185,2,3,38.06989203559028,43.89227363955612,1.1738328565954945,1.178377207188744,0.43130235018410734,1.179466181243438
NBEATS,186,2,0,12.95260959201389,15.74148104207597,1.1571094445293175,1.1482582779160952,0.2691640297132906,1.1475462551373234
NBEATS,187,2,4,145.61097547743054,163.2680982539963,3.577912477274068,3.6471818978145847,1.0805520352171316,3.6121796562758406
NBEATS,188,2,2,48.42856038411459,60.86452043801749,2.4069836659029096,2.4497199435978043,0.9026255400231635,2.44393941672198
NBEATS,189,2,4,220.73485785590276,298.71549007769687,4.3144884493066655,4.488655235552136,1.0140707340980761,4.450159140259037
NBEATS,190,2,0,116.43389892578125,143.0454231435498,10.54554570417851,10.731277683025592,0.8735493599703763,10.80871676464189
NBEATS,191,2,8,1249.9372016059028,1544.3213708794458,34.96468965506622,23.570276857622684,0.8475124391742604,20.032828447071722
NBEATS,192,2,8,467.9216037326389,537.8674831861,4.944654857176786,5.1092745180281804,1.771721017673221,5.014639716115444
NBEATS,193,2,2,56.86809217664924,67.1380038961979,2.7410704045379197,2.794556593443391,0.22440058421951156,2.7435177018380426
NBEATS,194,2,6,92.74273003472223,109.74953076057852,1.9538449168122054,1.980421137410978,0.595466711607811,1.9655361237519426
NBEATS,195,2,6,628.4553547387616,675.5102805196561,6.39795583365344,6.16890481926963,2.2344766001542955,6.351239645346031
NBEATS,196,2,5,29.739501953125,32.769673216798175,0.8649430943832545,0.8615521507896868,0.2368377300248867,0.863265659016691
NBEATS,197,2,3,385.4342637803819,472.3559734709788,26.731274488905292,23.848103971965205,0.7219953146402274,23.426302942874084
NBEATS,198,2,5,434.9728019295139,565.6744511018297,10.334899732387141,9.695786534990198,1.104174973168315,9.322319880346894
NBEATS,199,2,8,894.5250000000001,990.0298801540832,7.133170795151719,6.8338234676299905,0.9407267645083812,6.980738365544445
NBEATS,0,3,1,67.13672892252605,73.19685447211714,7.040533439398676,7.071435334349465,0.2889672693939428,7.003135840319128
NBEATS,3,3,4,743.4414360894098,842.2771366128129,39.305803397446496,31.182006623112414,0.5456664501285015,36.04583957249433
NBEATS,5,3,9,3813.7526041666665,4042.0708712005558,48.71994523677203,37.78122917714319,1.3520749010281257,45.440886261335805
NBEATS,8,3,9,434.6116536458333,481.1896045858618,3.5218685999013797,3.447399592148275,0.2912296093226491,3.513117372743398
NBEATS,9,3,4,264.3660888671875,306.62203708993894,6.160325068428366,6.425897446914884,0.5271624052387751,6.1147885527163295
NBEATS,11,3,7,2027.7367008072918,2305.9106629477083,20.312074527716597,22.30463591373605,1.4054295627757236,20.878994513493993
NBEATS,12,3,7,375.9575683593749,426.7406340129924,6.2705200191189565,6.022808418214322,1.1418468960619899,6.164507658651733
NBEATS,13,3,2,332.16697184244794,354.5851405832123,14.723624766348593,16.044716183517316,2.0017662035251016,14.964910441298166
NBEATS,14,3,2,136.157459906684,216.39537175242208,10.7716290424467,9.421968904064371,1.722634586188318,8.475035333432759
NBEATS,15,3,3,392.72809516059027,406.3111254376041,18.902941184052022,17.15177732687709,1.2451341932577045,18.716191985413356
NBEATS,16,3,5,252.95778507812494,330.96682981561787,5.010555065174181,5.192812778077237,0.6612932795093157,5.178578178288215
NBEATS,19,3,0,9.195963541666666,11.527925330301946,0.8681977910518199,0.874055711069114,0.18561038769903565,0.8717930360246484
NBEATS,21,3,1,362.13440890842014,395.7997087597504,19.105054047437665,21.477527187925162,3.699443135048419,19.672931722150732
NBEATS,22,3,0,152.73240831163196,171.68262551910297,8.87071154446299,9.18500582085085,0.9200747488652528,8.732001491581041
NBEATS,23,3,3,76.78280472048611,102.05322874923337,2.8193958766798293,2.8861420354405887,0.35431621038768507,2.873489804122532
NBEATS,25,3,6,1036.1734212239583,1255.6843624562969,18.072910216528626,17.384183614796857,0.8704901326440423,18.536197159641475
NBEATS,26,3,8,1986.1582586041668,2471.301946482435,16.23038718121045,18.139864484678885,1.3251246145665787,17.326697234168094
NBEATS,28,3,1,49.135769314236114,57.63251735479015,3.824704310056163,3.819441105912516,0.8189294885706019,3.835901668284035
NBEATS,30,3,0,307.4155312326389,348.3214469324943,31.91347758261216,26.061039884072684,2.2544125103596366,28.779617716008175
NBEATS,32,3,9,226.19514973958334,255.30728144402383,2.2805010610383576,2.313979095754127,0.7621701039521716,2.2892958646682597
NBEATS,36,3,3,493.6486040581597,565.1721260444928,13.753289193677261,15.079509321332797,1.9526917954084562,14.186752605589003
NBEATS,37,3,3,137.765380859375,174.62601192554052,6.100004960111586,6.405317010111723,0.2619180947768098,6.406036826320719
NBEATS,38,3,2,190.69835611979167,229.09867260304307,10.965456395629431,10.092277473285716,1.01629304468822,10.369958732961292
NBEATS,39,3,6,371.7217068142361,373.6993381911881,6.275928197490044,6.0828035797648985,0.9909055628600573,6.271049868230214
NBEATS,40,3,2,398.32041883680563,609.2183146113152,27.725308616321602,20.375468352235153,1.7055639677059136,18.61354341201337
NBEATS,41,3,5,545.0233154296875,574.3340698878811,17.66112527744156,16.07130676405136,0.8229155749809451,17.391277570881712
NBEATS,45,3,3,530.6579345703126,616.0876461770797,31.30777756170813,25.7210237008494,0.407483747404792,29.158987545762
NBEATS,46,3,6,732.0929090711805,834.148093345955,9.768957993899823,9.430157475262103,0.508036004515588,9.63984810774049
NBEATS,50,3,8,84.71771918402777,126.30439374266923,0.991778439861876,0.9996451187397245,0.27623541676856217,0.9979509474902652
NBEATS,51,3,1,353.63033688693577,380.0757664815778,26.462884117777335,31.02082565756693,2.6447009595972863,27.430238446156707
NBEATS,52,3,5,960.4443381076388,1268.2639817609559,32.9056845611872,24.490382888739834,0.7994577261415855,22.927442865646203
NBEATS,53,3,9,182.44070095486111,213.83074264104178,1.8143408212891603,1.837196909561252,0.5461348531837491,1.8213713905643372
NBEATS,54,3,4,249.51084648871517,259.96062890527367,8.012306340172499,7.675561250601147,1.390739178766593,7.9572550066641545
NBEATS,55,3,4,55.34103190104166,77.1067142068361,2.1109054677396797,2.149801602693746,0.36240721854726576,2.153422025445649
NBEATS,56,3,1,55.78058575477433,64.88883132954362,4.2728309832726925,4.398301772600328,1.5026299685274127,4.342873568343672
NBEATS,57,3,4,81.58580729166664,108.78466600605137,2.7408358996199906,2.8022108234029606,0.4831901391392665,2.7645689045786717
NBEATS,58,3,9,817.371907482639,1042.6196403668775,11.223171732620813,10.250059208822945,0.6987650916593916,10.28093998784161
NBEATS,59,3,4,397.19985762586805,546.7761866704682,9.01250054004275,9.837444664294278,1.0724880563547907,9.477889217077406
NBEATS,60,3,0,406.24835313585066,487.4993497382291,21.258098977870365,23.69756881477968,1.3450859038766168,21.850387530916556
NBEATS,61,3,3,312.1776619856771,340.50400356764465,18.0636707647412,16.313234582150205,0.6239177346204431,17.828963262880045
NBEATS,62,3,4,408.5197791883681,482.0652943685108,16.980683711386465,15.866025056849276,1.0930174407925999,15.40879854781384
NBEATS,63,3,7,1296.8249506944444,1401.903992397989,26.611765775117256,22.95191442027059,0.9946371408187635,25.644198968732024
NBEATS,64,3,3,203.71373562282986,249.13989642073255,10.83010848351816,10.038952007517434,0.4441679534131637,10.261795094760968
NBEATS,65,3,3,416.1676025390625,507.0735853102371,15.146864500292793,16.911088918068486,1.0068166284473463,16.0222802357097
NBEATS,66,3,4,232.22592502170139,261.3337040611821,6.909375728477718,7.221764316874749,0.6691237386577291,7.0633096491899705
NBEATS,67,3,4,292.4016661241319,334.16583366414096,14.599348596182779,13.306768029498148,1.0207882706343459,13.916521942311425
NBEATS,68,3,6,1438.2419123263885,1598.4902265196495,19.44936674689076,21.959252350935486,2.0266395055307633,20.438359725881668
NBEATS,69,3,4,813.5166884765625,884.4237332592742,18.47191322128368,20.637033677196445,2.5575986377519064,18.958910447279045
NBEATS,70,3,3,80.16750488281251,120.44436408598658,2.7924065977247823,2.8822560897208898,0.222250831836371,2.8365159533004376
NBEATS,71,3,0,148.98281999131942,163.8218894631271,14.573894139389735,15.981445983859535,0.6487797548042099,14.674595372760951
NBEATS,72,3,9,384.0219201388892,460.0181502578526,3.7994827385580887,3.904228926086337,1.0663047803133614,3.869737115384988
NBEATS,73,3,2,30.316758897569443,32.775566914212256,1.7398781507572003,1.7223315421479968,1.4069656062960405,1.7371841599218476
NBEATS,74,3,8,1098.0586588541669,1380.5527781708095,28.293877901032253,22.218091922217447,0.5293940503914227,22.863368030502524
NBEATS,75,3,0,94.81057027083334,117.16639077535258,6.918894838709121,7.189139494095059,0.6200340254537337,7.096352974969918
NBEATS,76,3,2,257.1165247439236,280.21763847526864,17.571348201952425,18.610686447298878,1.1344878778356733,17.52135851749986
NBEATS,77,3,0,360.657233344184,543.6769905611376,26.756066807231594,30.725549145243846,0.8700319234742296,31.544364432435923
NBEATS,78,3,2,101.27837911328123,111.53526493537933,7.582200731739418,7.559513173895104,0.3955447598501699,7.543446625554892
NBEATS,79,3,1,56.3538631184896,67.99784433110392,5.170409111490002,5.097789945531478,0.2616088644670676,5.110619394701971
NBEATS,80,3,2,201.07548931857642,244.81427424525688,7.921448754605814,8.226986888267016,0.8412388095295028,8.085672598947612
NBEATS,81,3,1,65.39303927951389,74.92281398632285,4.899850287942378,4.744854038293029,1.2503449193023688,4.814802253983106
NBEATS,82,3,4,497.37075678168407,584.7245254933775,18.09801795174171,19.95360116339105,1.0623378338565888,18.2445696217928
NBEATS,83,3,1,125.83911268446178,167.47076392405722,11.27762220944225,10.211128058626484,0.6634333815849454,10.182174004778938
NBEATS,84,3,8,90.0175726996528,103.29060182326701,1.5183045402387119,1.5297673873340372,0.07337764655153359,1.5249303879002047
NBEATS,85,3,5,1353.5173579861107,1594.4387710080837,24.76823997532935,29.691885429762966,2.1970176865363844,26.21886120905963
NBEATS,86,3,5,138.58736504774308,182.6468546127042,4.61937602799284,4.51515089937433,0.193151641939537,4.548246632071665
NBEATS,87,3,5,1388.0769087239582,1604.7463418370266,26.705791119687213,31.965103175542907,2.4341172377185485,28.562544686055347
NBEATS,88,3,9,985.5409179687499,1136.6208853238932,10.068220733333227,10.622386347594444,0.7239928023773001,10.358456090318144
NBEATS,89,3,7,1708.0928548177083,2138.691489118426,27.45450207339044,22.217051201602,1.4405602390028864,21.203911301185343
NBEATS,90,3,1,258.7046872287326,293.0612447176816,18.613205754886263,16.655879017452403,1.607940730842296,17.371889467889435
NBEATS,91,3,5,426.0772596571181,518.3653491835282,12.9183702817772,13.495643021062568,0.5789969591711114,13.210491847993422
NBEATS,92,3,7,409.1728298611112,581.743343523226,14.665992181415882,15.36002330977352,0.23486126855986153,15.623312935653713
NBEATS,93,3,1,82.60766137369791,91.38127444788005,4.643082417844335,4.514317739524874,0.8415302887495772,4.5861100980600575
NBEATS,94,3,6,2515.6168964409717,2936.511842764173,19.574025556212995,21.409683816713304,2.316832468389961,20.50143101340811
NBEATS,95,3,8,139.3798828125,156.9613512962716,1.4325538201642305,1.4453441065610275,0.46482416211031896,1.4377294502148996
NBEATS,96,3,1,77.48084344618054,96.79960519783303,6.222387348540484,6.0860769179809,0.7699956560576136,6.068138610656736
NBEATS,97,3,1,336.0955668684896,379.15007282543144,22.616089276449223,26.377883018001175,1.573458808308318,23.144268496343326
NBEATS,98,3,4,311.18206946614583,384.2113292194179,8.357565604874342,8.913828394556225,1.4183429517532062,8.643848874645725
NBEATS,99,3,5,463.2641872829861,585.0883954177966,5.859655048753127,6.0602624023058285,0.6061022947444213,5.858747538181515
NBEATS,100,3,2,617.1457307942708,686.2290878630351,16.263764375917603,18.069278495343152,3.297862403912736,16.53016281073322
NBEATS,101,3,9,388.11962890625,503.06737499323896,4.132057763772291,4.030948247604484,4.214504698263909,3.8814119230582254
NBEATS,102,3,9,202.78412543402777,231.5512631485726,2.003159333478296,1.9773729489250054,1.5804008770103564,1.9879497297630329
NBEATS,103,3,3,183.5318522135416,209.2706743488584,8.382889535906008,8.859119901792473,0.7407842493848456,8.551988619632635
NBEATS,104,3,7,2233.880403645833,2398.04928923199,26.624677275653973,22.988500232511257,1.8639567598610622,25.618694305329992
NBEATS,105,3,9,191.99549696180554,224.10672431645457,1.9513353856599833,1.9757600047134423,0.624321021589088,1.9658242009741183
NBEATS,106,3,3,190.91280718315974,242.2091316400752,30.95016302617764,24.812114121529635,0.5760875861921643,30.320900962311015
NBEATS,107,3,7,477.76752387152777,545.2052129345464,3.9472988545098486,4.051208063526156,0.6111744115550493,3.9286502648184105
NBEATS,108,3,9,430.69780815972223,525.9122692001475,4.112802229668574,4.218698556234434,0.7693395851039906,4.22179170671506
NBEATS,109,3,2,95.91654535590277,116.71633576871555,4.066577486379858,4.190807791905411,0.8748641391537259,4.119011641146219
NBEATS,110,3,7,1796.2606662326389,2647.2080576573344,10.3364703268111,10.863136437165595,1.3514720327038916,11.259853551272993
NBEATS,111,3,5,782.3433430989584,1098.5895547784553,15.427498072491904,17.9358791286282,1.0120582889663376,16.72879617856229
NBEATS,112,3,9,365.7828776041667,411.5042286661126,3.7971525093282734,3.890095975761268,0.8571740063797687,3.818702214326314
NBEATS,113,3,9,114.85888671875,132.48830492500738,1.156947655985438,1.1584759793272832,0.3760866202295354,1.1575923633468646
NBEATS,114,3,4,304.647148546007,360.44098514053064,8.069011822728953,8.478316805615501,0.9830898276605589,8.337477136156037
NBEATS,115,3,1,127.27052815755208,169.92200817174796,7.2272051482364335,7.707318577174746,0.7180632911612861,7.575626676044767
NBEATS,116,3,9,240.52354600694446,295.810804633419,2.4034219168516344,2.4443518878091925,2.804851382902299,2.438013192997522
NBEATS,117,3,8,737.8671332465278,1059.287620847584,7.053791075935665,7.414864790302541,3.245980151459383,7.554137151523727
NBEATS,118,3,7,58.152180989583336,73.85512011208047,0.5815218098958334,0.5842622333544555,0.11838177112405328,0.5815218098958334
NBEATS,119,3,5,304.5319607204861,377.6587909694963,5.412277355478722,5.199471298306411,0.291414618342431,5.2283456020777175
NBEATS,120,3,8,250.28244357638889,272.18452749710775,2.385977955907566,2.420124735700199,0.7688025912473301,2.390738639228079
NBEATS,121,3,8,390.3614908854167,418.518770949555,3.6986812525132224,3.779239166837462,0.7334064374210859,3.700108918345182
NBEATS,122,3,8,337.83192274305554,411.0340196871671,3.5466697977660084,3.636250690806427,0.9255669116248098,3.626968036129667
NBEATS,123,3,0,52.88861181640626,63.86732299234505,5.224320209048685,5.035956955288703,1.1350274527378583,5.072256660383745
NBEATS,124,3,6,1382.7487250434028,1519.1329518163864,23.532953654037524,20.401485012062118,0.9378213729339897,22.10138707168783
NBEATS,125,3,0,247.09523909461808,289.351174888251,10.446455636115031,11.237947298733655,2.03775406240265,10.705353894964958
NBEATS,126,3,8,216.89291449652794,256.1523180140173,2.142912502812042,2.13401636463592,0.21415033608738904,2.127674714296577
NBEATS,127,3,6,380.9020182291667,477.9645138813349,4.283413556055667,4.4313341515453795,0.959996956512534,4.369812828632887
NBEATS,128,3,6,1512.3034830729168,1681.9855309378672,13.456859564638224,14.66708582032239,2.1924245970674368,13.679010126703691
NBEATS,129,3,2,313.89081250000004,353.6440593296972,12.788159323090397,13.888833559798409,1.8676522582576494,13.180107763166532
NBEATS,130,3,4,179.72365418750002,217.93778252017452,4.7535344485921085,4.923786465230968,1.4195840585216957,4.828735327809483
NBEATS,131,3,7,321.44775390625,437.17592774148864,3.3738333580502244,3.4686631951889724,0.24438836084653254,3.611772515800562
NBEATS,132,3,1,30.70138888888889,34.72815206074824,2.800739676879255,2.7509448629986175,0.6387537285607756,2.781202818319074
NBEATS,133,3,7,390.22178819444446,446.3069380238363,4.134249795582913,4.248225318826549,1.4606812759944994,4.175728070566553
NBEATS,134,3,2,49.54714984809031,61.06980277495684,2.023744734622973,2.038032630723981,0.3853202579717352,2.0334909326615755
NBEATS,135,3,2,458.9302489583333,574.5589424194758,14.41717820892853,16.182248644986505,1.1037478336725493,15.621713447994216
NBEATS,136,3,9,137.65163845486111,164.83198193030523,1.3745072737490283,1.383096246374441,0.48159612274496166,1.3822912903839932
NBEATS,137,3,9,170.5905164930556,225.1223004477839,2.431424772184868,2.390525477857856,0.10001074769906183,2.3915135777226713
NBEATS,138,3,6,313.37413194444446,351.9589970364415,3.5516816566831713,3.6331834996561954,0.6469886240537303,3.5578801674004366
NBEATS,139,3,0,20.90325927734375,24.839031983258334,2.0683611688993424,2.041009992884404,0.7888022368808962,2.046107276046482
NBEATS,140,3,6,231.31477864583334,341.84399827935215,2.545583033323077,2.6172116673287045,0.573744800279041,2.6014132827826857
NBEATS,141,3,4,1119.0094730902777,1479.5621594814156,22.318549883214786,25.321658566546112,1.5087353826494843,23.66089675405129
NBEATS,142,3,5,111.7559071180556,143.44942115450297,2.007989373021456,2.0259112107906403,0.4488969140882733,2.0233311273417205
NBEATS,143,3,9,75.96587456597223,87.71014315232243,0.7624541067117407,0.7595002621161495,0.17935817659262196,0.760359966517733
NBEATS,144,3,8,393.35552300347223,578.9110404430287,3.831764728127484,3.965549503231637,0.947599109942311,4.008832190047843
NBEATS,145,3,3,231.30350918836808,283.3158086846964,6.84516876329716,7.209669677267258,1.5559107414921125,6.991814790268617
NBEATS,146,3,7,287.68462456597223,339.7527282098644,2.6371723548755237,2.682579536231434,0.5986925066770068,2.6425274632133435
NBEATS,147,3,9,1591.6702365451388,1797.414491659047,11.435887016928708,12.313622383236583,2.627452597644647,11.73210735112644
NBEATS,148,3,6,983.9033745659722,1074.735553372996,15.394966733557878,16.91683270536364,1.1038261278536468,15.823328784621399
NBEATS,149,3,6,859.9555884870778,953.7332536775735,12.034172951452,12.973034434245385,2.269846717218362,12.365716200199401
NBEATS,150,3,0,10.898655870225676,13.21114863329556,1.0328600683116054,1.0396107395452192,0.72951774971934,1.0375006249256273
NBEATS,151,3,7,62.46063910590278,71.65872162417111,1.12178066121918,1.1135890504931634,0.25103263707344076,1.12213700086459
NBEATS,152,3,3,1033.1678982204862,1231.0308445503656,27.964137341683283,34.21105836072044,2.339835991576711,31.011343744867105
NBEATS,153,3,4,71.12384711371527,81.39948676696861,3.172204804185262,3.107006275860445,0.7582223336951879,3.1424380168062713
NBEATS,154,3,0,26.12271457248264,30.01078487492496,2.2560030569303025,2.279213137254301,0.5611084275712261,2.27582818984893
NBEATS,155,3,6,72.39051649305556,89.73812065445381,1.2263982766127117,1.237902928059498,0.9324390042540357,1.2353330459565794
NBEATS,156,3,8,633.220703125,862.6473470388025,5.324282120775506,5.582879528209921,1.1789320590989933,5.551050823674085
NBEATS,157,3,1,29.065698654513906,36.073666505216664,1.0568462692630805,1.0490778199070887,0.2751236767874771,1.0532429523238436
NBEATS,158,3,5,35.00469292534722,46.48177567267768,0.7146385053878772,0.7141797658287309,0.4026398027079618,0.7127652405613688
NBEATS,159,3,6,1958.1076280381942,2501.7449591112795,33.94383892109504,25.65038202271864,2.6077177242869087,26.47194386902012
NBEATS,160,3,0,19.126128472222213,22.41784348279387,1.8143121125428177,1.7918591360982912,0.2699598843377383,1.8023774403300359
NBEATS,161,3,0,157.00198432074657,173.26617565696537,11.942854928672103,12.854126263803742,1.9529499245182909,12.182868834379905
NBEATS,162,3,7,845.2725694444445,993.1667481005916,6.172974441945416,6.438295641064701,2.088128079683185,6.3137630716242015
NBEATS,163,3,4,34.30997726779514,42.98013019280328,3.9060644119705916,3.803186007082801,0.06938925452955523,3.795547496321728
NBEATS,164,3,3,88.98531087239583,93.56192364708409,3.403774909399495,3.4689015249521096,0.9045788102867661,3.413758729120045
NBEATS,165,3,7,167.22401258680554,198.56659713931154,3.0339804686648115,2.970176530168465,0.6085161529957099,2.9974429661048596
NBEATS,166,3,7,362.66704644097223,410.2508326197594,5.731842683590755,5.644059194666819,0.826840532200919,5.676527683423913
NBEATS,167,3,1,737.7925005425348,850.6584538318954,29.20350978219519,24.279604975168496,3.441035868394826,25.65403445060533
NBEATS,168,3,8,1134.4935438368057,1212.2985748419562,7.337567326758057,7.037373610596968,0.9795754935591223,7.259468108447386
NBEATS,169,3,4,31.27667914496528,35.4663363133066,1.1430116110977502,1.1412196606591782,0.6867560186724291,1.1410219388110558
NBEATS,170,3,7,5565.707953559027,5727.295218681809,85.5405771735364,58.89907857909819,2.120120129036311,84.73546744824706
NBEATS,171,3,5,160.29066297743054,173.09700672489393,4.421645831726542,4.309706343723616,1.615429337819417,4.391525013080289
NBEATS,172,3,9,195.18581380208312,221.46989284460483,2.3912463270821074,2.373310877836845,0.4209638188776513,2.3708305166456034
NBEATS,173,3,0,92.04292805989583,119.27927120407284,9.409739760566993,8.874515081443441,0.6566867837219946,8.761357509667505
NBEATS,174,3,7,3138.330859375,3364.618357848475,48.42984661907666,37.543125744129014,2.168669658976523,45.2082755208079
NBEATS,175,3,3,840.1505219184028,926.5498786719746,22.590464691962726,25.991270309210385,2.899910300044959,23.291574742057755
NBEATS,176,3,5,67.84784613715277,77.12727638279134,1.545407630866897,1.531361190970373,0.4709374308147811,1.537337903409806
NBEATS,177,3,1,166.69532063802086,211.28486042830534,9.665765072069437,10.425911944773967,0.7059760256031627,10.335023754359339
NBEATS,178,3,8,163.05870225694446,201.41883874889135,1.7833486338426987,1.8075995123161086,1.1345508409463771,1.798772225669547
NBEATS,179,3,8,1931.8528645833333,2153.386588364568,10.088177549516306,10.764850805264293,1.7967133990020943,9.991050456837478
NBEATS,180,3,6,2753.349696180556,2959.7155794188925,69.45957138037146,49.03277774436136,2.0483100109213623,63.65259775964995
NBEATS,181,3,8,1125.6947428385417,1235.6514412866468,14.252322739161155,15.513626276306116,0.9376937495340701,14.636308415987973
NBEATS,182,3,0,251.28786892361111,271.89873949234527,9.67085425946021,10.241935305321194,2.2702245530825564,9.859796491825614
NBEATS,183,3,6,2152.9988368055556,2343.2033512578405,24.601770794933735,21.441192944400612,2.9785535118094617,23.81813580640788
NBEATS,184,3,5,416.7609244791667,500.92772726237973,8.190407996178852,8.698910463421623,2.116113760793971,8.376592340618613
NBEATS,185,3,3,30.911173502604168,38.91530149235635,0.9619720611137555,0.9597771404407589,0.35599522774688963,0.9595273475897614
NBEATS,186,3,0,26.12271457248264,30.01078487492496,2.2560030569303025,2.279213137254301,0.5611084275712261,2.27582818984893
NBEATS,187,3,4,232.54805501302084,281.81940366882174,5.289126559085214,5.498713703261054,1.7400637527076386,5.4101912759911785
NBEATS,188,3,2,108.44044731987847,125.28167732219033,5.106536137908648,5.284726899937859,2.0524847881981443,5.179410161670985
NBEATS,189,3,4,441.12605381944445,461.67852566479957,8.180314187048202,8.56067089214774,2.0397538610274872,8.238515505434846
NBEATS,190,3,0,118.0321044921875,134.4872236833309,12.54867193147082,11.782462308557053,0.8751429800751546,12.044092295121175
NBEATS,191,3,8,1554.0356987847222,1791.5779529429146,35.796233813424806,30.833406001731124,1.058485281018346,25.193769772246238
NBEATS,192,3,8,352.6861979166667,450.85390315416777,3.593750090436675,3.701395887316582,1.2844867174265953,3.6562526997062723
NBEATS,193,3,2,11.989530707465255,15.164937461152064,0.5783371144344985,0.5810150594455319,0.04910621983038163,0.578189059668903
NBEATS,194,3,6,95.04196506076389,114.34834552705807,1.9580790244486792,1.9852983906230157,0.6244162715986015,1.975422474185065
NBEATS,195,3,6,638.1481227530223,729.0090045547747,5.9041596072827325,6.13745780013698,2.2110798795374547,6.014307610887014
NBEATS,196,3,5,73.41880967881944,84.49483990369538,2.1641339902895527,2.133432184546619,0.6038269970397009,2.151992467381127
NBEATS,197,3,3,390.5883978949653,472.7456604860873,31.789474984064153,26.555053842180182,0.7400962883253945,26.775758216227008
NBEATS,198,3,5,510.7317510756945,633.9837627297503,10.514261078922441,10.989517474549231,1.2970843039217022,10.853934725408285
NBEATS,199,3,8,250.16800130208352,309.3840718423034,1.964923101390457,1.9831858504979927,0.2648181178956689,1.984673633968503
NBEATS,3,4,4,347.29036593967015,453.9594081958161,14.459329011179056,16.261187957707758,0.2720835409788504,16.07366874918442
NBEATS,5,4,9,755.4710557725695,865.5713081975459,11.822447829182314,10.971533615295941,0.25161811490221087,11.41290726303504
NBEATS,8,4,9,393.40766059027777,444.0016942843911,3.437085529472174,3.368156912259047,0.2873233666061029,3.376245776020311
NBEATS,9,4,4,246.02794053819446,301.6240819685722,5.597652529933347,5.842753120725267,0.5290254223563503,5.673058504377931
NBEATS,12,4,7,248.17310112847215,281.514782461578,4.363681111422334,4.243505123840295,0.7812245207359968,4.29963638388732
NBEATS,13,4,2,107.6531249500868,131.83586746616228,5.429291349616994,5.331942652067453,0.5811288573421504,5.240439506070949
NBEATS,14,4,2,154.41907150607642,189.85343129441256,9.828978763964361,10.245181653848693,1.9224467928605493,9.621317444391417
NBEATS,16,4,5,194.31243319618065,243.96380451581885,4.356542114720225,4.270025439651266,0.5038628665013553,4.344708421541507
NBEATS,19,4,0,22.026072184244793,30.571248250089635,2.062077109363554,2.1006597216455054,0.4730805143804946,2.0968336117855206
NBEATS,21,4,1,250.88689507378473,298.21222233241303,12.431488432992726,13.575156490263016,1.9957778087161533,12.699918758480624
NBEATS,22,4,0,104.70406087239583,124.85761186017648,7.81696059348623,7.625563144431993,0.6338921064211998,7.802413975173359
NBEATS,23,4,3,344.0847428185764,418.36406569889033,16.269981123184042,14.461704239184058,1.655219709836497,14.8443468240419
NBEATS,25,4,6,510.9807942708333,673.6143063696709,8.325306446178358,8.784300285083413,0.41706042262643034,8.81339047228344
NBEATS,28,4,1,70.89757622612848,86.86842118307986,5.90869954159658,5.806596692706093,1.1895957846792407,5.747675413549127
NBEATS,30,4,0,118.5227312717014,134.96261335369596,9.775975987289497,10.210746945935153,0.7512956391842838,9.967673686773617
NBEATS,32,4,9,395.84141710069446,421.6078537312289,3.9605257615168408,4.051516688557182,1.371927439492723,3.9661260828346783
NBEATS,36,4,3,138.16465802984024,181.82657852844235,4.01131473203107,4.080930655839564,0.5028548043786727,3.952580309037158
NBEATS,37,4,3,432.8639322916667,472.7301048737005,17.577541825850727,19.614107089964616,0.8741531276875336,17.845970639601465
NBEATS,38,4,2,322.8365709092881,378.5260479478284,24.570570401060397,20.934932888528213,1.7642571395600994,22.221255392231953
NBEATS,39,4,6,64.89556206597227,74.66056922145302,1.126633923000205,1.119176453272636,0.17300100963959375,1.1201894509598318
NBEATS,40,4,2,985.691342230903,1011.423918531764,75.58112638468793,53.990248938129945,4.463855498355501,72.47857768807319
NBEATS,41,4,5,942.1183132595486,1050.317267637633,24.676971152468617,29.036623937151095,1.5316229803713761,25.83505429413753
NBEATS,45,4,3,324.40974121093745,437.14920733023104,14.75631362634159,16.71812394869248,0.26798997038660466,16.61136162819248
NBEATS,50,4,8,456.1810709635417,489.81533049934256,5.268799528864818,5.4335314928635,1.5521903235826544,5.291271242287431
NBEATS,51,4,1,357.942099327257,377.67703716369647,24.209312977031757,27.923998345771313,2.599800000659027,24.555482496308738
NBEATS,52,4,5,692.5763916015626,898.6419460825789,16.817201935036817,16.133698119131022,0.5922800339955077,15.139278200007974
NBEATS,53,4,9,350.5592447916667,359.50044537771475,3.496434699676565,3.5619921084934267,1.0954976399739584,3.4958816655124654
NBEATS,54,4,4,188.13955410590282,196.75967076095492,5.9533096874618225,6.153008339740638,1.0331614785883123,5.97480805712269
NBEATS,55,4,4,229.36126030815973,247.17773781304425,8.3732284022705,8.798914206693345,1.5825900584762047,8.458486520000154
NBEATS,56,4,1,28.013433003472187,35.08346775664279,2.2021399649415634,2.22628448616769,0.6631940226274959,2.211223852881576
NBEATS,57,4,4,175.86343858506947,186.56975604991814,5.862829919004918,6.062808346388825,1.0499160524474305,5.871672397349112
NBEATS,58,4,9,2897.7651451041665,3351.708166611617,26.427579051155426,31.74316474342244,2.457616573651137,28.1552803521523
NBEATS,59,4,4,880.0794682855903,965.5952220549391,18.189835143604974,20.388203651884133,2.4982735076345346,18.54331098989799
NBEATS,60,4,0,388.3210896809896,944.6232492476288,12.412967067530424,14.66746065154786,1.3161648281320806,18.04160865360086
NBEATS,61,4,3,164.8538061605903,193.89434349899417,7.360099350154709,7.658311854351063,0.34712857670001107,7.671687638128967
NBEATS,62,4,4,466.2091672092013,544.043788003093,17.801016538002997,18.696532798427857,1.2326241171483396,17.142837026471273
NBEATS,63,4,7,167.6849947048611,188.8281547377898,3.9091405422607743,3.8129740090461404,0.12346490657210733,3.8316627971493733
NBEATS,64,4,3,170.61156412760414,200.33213304397074,9.012744070052397,9.543028300962511,0.38514631436323243,9.285853411194623
NBEATS,65,4,3,634.1310541449652,728.8188610103068,22.255235477864154,25.811533289899863,1.5016570528803637,23.31928099975438
NBEATS,66,4,4,344.4733615451389,376.16974283914516,9.773004307356034,10.37729570254569,0.9914947859126774,9.826498427595087
NBEATS,67,4,4,73.73807698567707,85.59672169373466,3.735263104845981,3.741529015748176,0.25842618664253403,3.757925509814761
NBEATS,68,4,6,1635.8603248697914,1819.651819939962,22.454373146922435,25.823548606469153,2.1401498719351846,22.898536975725957
NBEATS,69,4,4,989.4335900607637,1059.489026263834,20.007432858624906,22.530348565113183,2.857000004865901,20.391534957452468
NBEATS,70,4,3,143.2710422092014,169.50097244235954,5.100784306209531,5.289658373321512,0.41582373801909867,5.106579380975117
NBEATS,71,4,0,139.3507620724826,151.35052110560676,13.425241591285664,14.57142139010588,0.6252219033466923,13.520767639735931
NBEATS,72,4,9,221.310633958333,248.14587789354596,2.3101328375644234,2.2849130091978047,0.5582452474965158,2.3024072782943494
NBEATS,73,4,2,32.03034125434028,35.63777593043729,1.8433918208138125,1.8644249449768804,1.493811116288935,1.8517621409286171
NBEATS,74,4,8,735.3084673394097,910.3284524045127,16.896804978550943,16.390406564799978,0.3610683422920532,16.03639295317167
NBEATS,75,4,0,369.64987087760414,413.8121839558979,21.635301991536483,24.901479481183028,2.564351950889507,22.596998721607374
NBEATS,76,4,2,126.78054073133681,157.82933731327915,8.814369651794888,9.180166929636325,0.5667739778430659,9.083012091958281
NBEATS,77,4,0,246.45122273763022,295.0310357112768,23.771437904283278,25.096419296608207,0.5799694666399782,24.20142940140395
NBEATS,78,4,2,104.00137816319447,119.61935456725755,7.869987344320016,8.11478435966784,0.4202607452902013,7.95761323559329
NBEATS,79,4,1,58.53773763020835,71.59818863470207,5.507199762137122,5.471602879478313,0.28706765537562795,5.410942249335239
NBEATS,80,4,2,584.5305097265624,656.1384758127045,19.370826327326636,21.98861396222909,2.6076846746889526,20.050643538453183
NBEATS,81,4,1,42.80414496527778,56.134577261764285,3.087061734018555,3.1612036735620297,0.8201385552188054,3.1611808533007837
NBEATS,82,4,4,726.1846194661458,864.3799244803005,24.55819338606358,29.484595749320835,1.5896854880683517,25.004015445734616
NBEATS,83,4,1,145.68141574435765,153.07221030142955,14.645965822563815,13.53901599322077,0.8090230113989147,14.384357434283732
NBEATS,84,4,8,153.26826714409722,179.7494632189318,2.579059676708358,2.6237573229662443,0.13677852982928895,2.599010457538776
NBEATS,85,4,5,1356.4404920138886,1423.5473463136518,22.277901176503335,25.375028232875067,2.2984027267203166,22.473795436515196
NBEATS,86,4,5,508.5749296527778,579.9565260172935,14.385008705618988,15.823366397585989,0.7512289534294471,14.933644489933915
NBEATS,87,4,5,1819.5551450520832,1920.164476784177,30.70733736106938,36.7886548191158,3.0206600342410286,31.262360246494165
NBEATS,88,4,9,1643.8373860677082,1834.3763341623956,15.689613495034116,17.337324222724042,1.2229553583072774,16.041837462859057
NBEATS,89,4,7,1912.7540418836807,2934.1026808481092,20.202646721837592,21.10124031269701,1.6384857714459835,21.76332032484592
NBEATS,90,4,1,157.08930609809022,217.3310325189387,10.61793321903372,11.502569423454547,0.8967214820501405,11.450562017026868
NBEATS,91,4,5,1178.464816623264,1340.3202723800653,27.030983020166616,32.58880006190034,1.6544925139366695,28.569459677540195
NBEATS,92,4,7,596.1563327365452,851.6364145795857,21.7032742553265,22.486723324692978,0.3627659587277191,21.751356040981495
NBEATS,93,4,1,22.289419264322923,29.333199777681987,1.2935868693538772,1.2898296469843615,0.23149667145873723,1.2857936472020286
NBEATS,94,4,6,1752.1119160156247,2020.0760154478132,13.810997152707744,13.682080129489702,1.5257425334841614,13.369398898100332
NBEATS,95,4,8,374.26898871527777,403.8869164713121,3.8126255096961352,3.8991164370108655,1.2744687470440785,3.821887897472627
NBEATS,96,4,1,95.39671382378475,117.99144700962515,8.363564883611572,7.850846745257857,0.9749234281715461,7.969329337034568
NBEATS,97,4,1,290.2147226302083,315.18043614879184,18.2315968300378,20.422762742774932,1.3657852124994194,18.428633575667376
NBEATS,98,4,4,488.30808217881935,552.6978118797199,11.979693701452744,12.95787152095266,2.163042180709512,12.234019421672997
NBEATS,99,4,5,1441.7803276909722,2028.582573984006,13.839065231733466,15.861770965309749,1.982922260683738,15.68194204993504
NBEATS,100,4,2,644.4552970920138,758.0818516953278,15.310164742851962,17.068812848534684,3.1029501724268806,15.786619004839794
NBEATS,101,4,9,342.9860568576389,434.98000490954456,3.3770899637162803,3.42645820755881,3.7089699212349814,3.424837473615087
NBEATS,102,4,9,76.27853732638889,102.15476646213544,0.746408468480823,0.7507322098727133,0.6163796429263764,0.7527858676552023
NBEATS,103,4,3,345.59261745876734,394.05900530778536,14.097356291093938,15.481203822593987,1.379442491900648,14.522562687221308
NBEATS,104,4,7,618.694580078125,711.4445987493501,8.007610957727296,7.614392194092923,0.5106679844653887,7.823698245793441
NBEATS,105,4,9,329.7403971354167,399.4934676185596,3.345494872151342,3.4170040344885626,1.0755947056476525,3.385811265509127
NBEATS,106,4,3,47.842490315755214,60.500947798163075,8.764949632430605,8.151861850081623,0.14983818651474773,8.270163290380191
NBEATS,107,4,7,800.5174696180555,960.8948676322098,6.786547285547681,7.134681467413777,1.0186533353751606,6.8000540128008495
NBEATS,108,4,9,346.5740017361111,435.5214792996932,3.546657485906937,3.452182795511986,0.62960842953776,3.506512970962357
NBEATS,109,4,2,190.37670746527778,209.1059657330832,7.83051786411441,8.217163042547943,1.7218132698987954,7.882825457130766
NBEATS,110,4,7,3374.0489691840276,3590.3955057332696,30.930186229312778,26.271998184935686,2.103445681187264,30.029569017418844
NBEATS,111,4,5,430.9624533420138,602.5782513159588,8.375869391107809,9.059488635178598,0.582563885499731,9.084771961089535
NBEATS,112,4,9,651.3342556423611,685.384989297413,6.614274688547346,6.865254845042529,1.5381077525127913,6.633407227236593
NBEATS,113,4,9,333.24278428819446,348.74834432957124,3.323037796108183,3.3844651843509572,1.118777783693508,3.3305775220363687
NBEATS,114,4,4,690.0123378906251,798.3174120572189,16.709354861627272,18.74673156720714,2.226877805783571,17.192156455614416
NBEATS,115,4,1,290.29171413845484,314.5487700432909,15.683591212529477,17.250587975256735,1.7103027820637504,15.882221442225495
NBEATS,116,4,9,421.3430447048611,460.7141631916956,4.190015513747479,4.296723930624153,4.546371817523841,4.224696303858901
NBEATS,117,4,8,834.8503689236111,1100.4036760822228,7.858052221707576,8.318980449073443,3.5064353028483093,8.381190331529075
NBEATS,118,4,7,330.77354600694446,348.7098880632429,3.307735460069445,3.3697626295091285,0.7168063447747024,3.307735460069444
NBEATS,119,4,5,217.7096950954861,287.86983454979077,4.35485241740553,4.191333006077087,0.21540990483196293,4.165094006148358
NBEATS,120,4,8,336.4715169270833,356.61291597880125,3.242609092303425,3.302991988337453,1.0143170833507786,3.237655190035229
NBEATS,121,4,8,368.46630859375,406.77670275066,3.5584836972938447,3.637783915621516,0.6921852855935721,3.5505318815243574
NBEATS,122,4,8,556.5964626736111,623.7806005932812,5.666109908674995,5.874356239015922,1.559888175645789,5.709332304607362
NBEATS,123,4,0,43.22201321072047,46.818432100863184,4.284721456641085,4.3947359139889945,0.9286627328406974,4.303245524536464
NBEATS,124,4,6,427.33565538194443,472.5308766103178,8.512481801617454,8.089026379397641,0.28629525813621987,8.332123885914866
NBEATS,125,4,0,362.44908137934027,401.9110512423983,14.176790573003547,15.515418077606096,2.8104443506809016,14.395142259709488
NBEATS,126,4,8,606.7514214409722,686.818896675504,6.593431479357258,6.32263145226253,0.630188644165834,6.438250116979102
NBEATS,127,4,6,805.56591796875,901.9684974018832,8.516972157950352,8.991534830480658,2.0714552176339285,8.646503591793381
NBEATS,128,4,6,1551.0896375868058,1722.5406147719625,13.164761248318154,14.325390312517595,2.0894799720394275,13.273544573513728
NBEATS,129,4,2,717.054916124132,826.7881109825519,24.951338036009208,29.71874852258961,4.073085973715714,26.041482664642206
NBEATS,130,4,4,339.728765054257,371.8031491427937,8.5625048988069,9.02127118623724,2.5897345309629447,8.646105802844165
NBEATS,131,4,7,1414.488796657986,1500.4043618407193,18.22187798951814,20.32934051768103,1.0684001885667163,18.0829533663663
NBEATS,132,4,1,36.795803493923614,43.388835898391804,3.5615874613897294,3.4746159468309195,0.7859297833653587,3.495115899158971
NBEATS,133,4,7,602.4334852430555,662.5262436613111,6.220115476264934,6.461595613169388,2.2308178432415375,6.264472983463317
NBEATS,134,4,2,81.94537445746533,91.29828360198135,3.6000837525169,3.520926963710528,0.6443650276405266,3.5599454835758797
NBEATS,135,4,2,761.2670015842014,847.2042720777195,21.390562258137923,24.599128887536047,1.763523410743478,21.886381917866675
NBEATS,136,4,9,465.10975477430554,480.3032589368907,4.570292165975812,4.684310481083551,1.660385057325419,4.5764255377192695
NBEATS,137,4,9,420.12827148437503,468.00710229636246,6.392870216996877,6.142100458489377,0.2610455621141634,6.272714133450856
NBEATS,138,4,6,288.04405381944446,318.9908534616833,3.2032134954642273,3.267259707656673,0.6257292986664253,3.21729089488936
NBEATS,139,4,0,35.296295166015625,37.75230190575156,3.4748956609131363,3.5452456978372155,1.3541302931352635,3.48433318519404
NBEATS,140,4,6,1084.4447157118057,1195.3559882488767,11.161552559204493,11.95788684088485,2.69532101966933,11.369662394974808
NBEATS,141,4,4,1299.0043980034725,1935.6066087464396,21.817423578825835,26.757212682573062,1.689323219743225,26.684569793982405
NBEATS,142,4,5,519.0401605902779,565.6105621864241,8.866054723214988,9.350888841372923,2.078536385558582,8.979004949723578
NBEATS,143,4,9,358.05224609375,380.80737209876173,3.5410980483529726,3.6133053549768266,0.8799300222818928,3.5480772654985517
NBEATS,144,4,8,491.16851128472223,590.0240340534348,4.898820711043301,5.067826764318982,1.189182749258682,4.964083774915777
NBEATS,145,4,3,474.98872164062504,524.5645804006482,13.021891170337183,14.130619262524927,3.1388694666399375,13.232116295824431
NBEATS,146,4,7,749.7105577256945,812.4893880543992,6.968166507856963,7.266291775643771,1.5477935731829866,6.962717044120683
NBEATS,147,4,9,1582.181814236111,1665.2899689906399,10.823170264582057,11.51299859997238,2.4005290734458518,10.861544062935256
NBEATS,148,4,6,1383.9449869791665,1571.2346918613869,18.38143336079599,20.769421606462107,1.5526317964890888,19.01545736437437
NBEATS,149,4,6,926.8777062519445,1085.470496001526,12.134773035072342,13.212842392540686,2.228181064227299,12.465691341818271
NBEATS,150,4,0,33.60064425998264,37.22917752687729,3.1656814797205364,3.228177386567822,2.2870258017029625,3.1792365178339104
NBEATS,151,4,7,130.61127387152777,137.49211312062047,2.34575966448959,2.376689243520571,0.546061277546231,2.345608031215704
NBEATS,152,4,3,1111.126290690104,1359.4570327411618,23.743611405924536,28.224092991865636,2.359124407560332,26.024347568658936
NBEATS,153,4,4,50.26344129774306,55.907796894757645,2.324868909051724,2.29174346492697,0.5505256704917539,2.307426532413606
NBEATS,154,4,0,79.12624782986111,86.36242852746257,6.567237131339241,6.833622075786676,1.7325373356605103,6.608233011355728
NBEATS,155,4,6,245.37559678819446,264.9993755916521,4.127331812548416,4.228786133682517,3.24443737183215,4.142914118926461
NBEATS,156,4,8,1692.7425672743057,1860.0897100521258,13.584042739562694,14.772986272449861,3.1008774663218603,13.90850696623796
NBEATS,157,4,1,101.5268628255208,107.82111104298399,3.6780311584211254,3.749193370428533,0.9610820256592226,3.6884129485523687
NBEATS,158,4,5,168.87833658854166,192.0067410654025,3.395238547265247,3.471027743171659,2.0086850607447686,3.413982545590465
NBEATS,159,4,6,1566.7413357204864,1744.5896465826,30.70193098990036,25.778841329436997,2.0774929864357046,28.221578915050845
NBEATS,160,4,0,29.720174153645846,32.419630433507265,2.929944111860256,2.900732225485207,0.4304231074056418,2.909258249895995
NBEATS,161,4,0,224.75985378689236,238.31439084230513,16.1192791352368,17.72517424193937,2.692592398644986,16.194693545880202
NBEATS,162,4,7,427.1379123263889,555.9100321806178,3.1183067695200486,3.181690942664833,1.0461525010155037,3.1916984606563163
NBEATS,163,4,4,38.448503559027785,44.16213480181759,4.465669298667738,4.356268008202424,0.07931356366132356,4.397163057158001
NBEATS,164,4,3,62.304470486111114,70.73859113584318,2.5468481652927566,2.5118543935229427,0.6253608561802974,2.5033046177455356
NBEATS,165,4,7,348.2938639322917,408.06998833722815,5.97598990574954,6.229247339977937,1.297452307694795,6.086098000952577
NBEATS,166,4,7,586.339599609375,705.313968306351,8.591229950644173,9.101970772172956,1.3690101058752828,8.831893550601464
NBEATS,167,4,1,331.6011900499132,343.80302462802223,13.968454768415754,15.102157190487672,1.311784100461868,14.008279473885096
NBEATS,168,4,8,364.54796006944446,399.64317888742085,2.4130352542923146,2.3803131648621454,0.2978919870750024,2.3913495922922743
NBEATS,169,4,4,178.55268012152777,204.02103247036,6.216773135107569,6.476221315297587,3.9645743119089225,6.310520797540741
NBEATS,170,4,7,638.0677625868055,676.3576117825518,9.183346390419162,9.661156759535515,0.2521194202657725,9.236204042269804
NBEATS,171,4,5,42.25055609809028,50.377282407214075,1.1849214642430035,1.1772102340860138,0.4103471275713804,1.180549533942293
NBEATS,172,4,9,710.9628374565972,766.4328157538805,8.193494340723733,8.600490214679276,1.5574904513898047,8.286798484170111
NBEATS,173,4,0,92.97008260091145,116.6613507602885,8.281116045445065,8.607075467803833,0.667026732787407,8.634992192035119
NBEATS,174,4,7,2087.9455946180556,2326.21905824134,47.66220202801526,36.137639082019014,1.3799603582509294,42.522570002302466
NBEATS,175,4,3,818.4609418402778,897.8033697845644,20.365678838102003,23.134989848155247,2.7061125143203895,20.72813340410238
NBEATS,176,4,5,40.99525282118056,57.503357318982225,0.9394942869698892,0.9478439157187123,0.292823234437004,0.9472587301428113
NBEATS,177,4,1,137.53563774956598,216.3897581321914,8.632658985388868,8.585239582214582,0.5876495992499671,8.824369192546632
NBEATS,178,4,8,487.5231662326389,544.2634908151063,5.200914768109819,5.373921352683958,3.4314717122735274,5.242810964384932
NBEATS,179,4,8,2665.51953125,2779.8402813736875,13.381910462899214,14.439238720929712,2.255688184387341,13.3889263773507
NBEATS,180,4,6,1729.1913682725694,1907.8477021905849,64.78910344239543,45.50719313753071,1.2568099785945595,57.57062752272504
NBEATS,181,4,8,1620.1305338541667,1786.9145632307402,17.469891004794892,19.49024779986939,1.373045110150778,18.062774610947663
NBEATS,182,4,0,75.26357693142361,95.17665566890055,3.2658681526737094,3.26310749333525,0.6577788491389075,3.2483979972800023
NBEATS,183,4,6,762.9279361979168,906.497189229579,8.941547203522129,8.470815630813203,0.9198428226465697,8.503993521370115
NBEATS,184,4,5,744.4905436197917,868.5945660323462,13.047949092837321,14.275156806363373,3.6860005256664103,13.487547974860615
NBEATS,185,4,3,135.75218370225696,159.82127156437892,4.052191373343747,4.168671244376381,1.579480398250387,4.095500312819497
NBEATS,186,4,0,79.12624782986111,86.36242852746257,6.567237131339241,6.833622075786676,1.7325373356605103,6.608233011355728
NBEATS,187,4,4,311.3999294704861,355.5869107833603,6.836766225856279,7.153949926866315,2.2498790729738087,6.907207308032963
NBEATS,188,4,2,165.6014363606771,186.22201793825514,7.393846722526898,7.753067393449749,2.9860201406904117,7.484491194329903
NBEATS,189,4,4,302.62730664062497,315.1920952016743,5.58464297302512,5.759887453490582,1.3488089701061416,5.5762444589036235
NBEATS,190,4,0,103.08118353949652,131.44905525023677,11.733471989860616,10.938837541088596,0.7522388356783193,10.953136385542726
NBEATS,191,4,8,845.3564724392361,939.4355934479997,14.227771678549638,13.512269636139346,0.5821547578466593,13.506494322657774
NBEATS,192,4,8,547.5857747395834,634.4443026433619,5.463896519232588,5.6702568750261175,1.9676358687741218,5.521564027400426
NBEATS,193,4,2,22.74373345269098,26.412815702562035,1.1125037393457768,1.1207250131616138,0.0966939749781208,1.1221775479309721
NBEATS,194,4,6,271.86713324652777,296.92437165351487,5.481160871961794,5.66548034676787,1.825382985018837,5.516286859091781
NBEATS,195,4,6,1185.136616594739,1283.5733699920102,10.270525312247516,10.92270340140792,4.012303815767554,10.379702172917547
NBEATS,196,4,5,44.05042860243056,59.15100113570426,1.2955771970708563,1.3104467425440975,0.376142179717149,1.3043390604437408
NBEATS,197,4,3,218.33145887586807,264.6850793339366,18.652505723419765,16.136352462183414,0.4126520693435337,16.21072581679506
NBEATS,198,4,5,514.705607001389,607.236031130456,11.75672096763338,11.567643753952364,1.3038493573376786,11.555959805751606
NBEATS,199,4,8,643.3877278645832,808.7796744824756,4.784583564186476,4.9679732859380845,0.6864062132624885,4.892266901527373
